ISO-10303-21;
HEADER;
FILE_DESCRIPTION (( 'STEP AP214' ),
    '1' );
FILE_NAME ('SM230332-2.STEP',
    '2026-06-26T08:14:11',
    ( '' ),
    ( '' ),
    'SwSTEP 2.0',
    'SolidWorks 2023',
    '' );
FILE_SCHEMA (( 'AUTOMOTIVE_DESIGN' ));
ENDSEC;

DATA;
#1 = ORIENTED_EDGE ( 'NONE', *, *, #173, .T. ) ;
#2 = ORIENTED_EDGE ( 'NONE', *, *, #3187, .T. ) ;
#3 = CIRCLE ( 'NONE', #871, 18.12500000000002487 ) ;
#4 = DIRECTION ( 'NONE',  ( 0.000000000000000000, 0.000000000000000000, -1.000000000000000000 ) ) ;
#5 = LINE ( 'NONE', #1194, #1008 ) ;
#6 = ORIENTED_EDGE ( 'NONE', *, *, #2162, .T. ) ;
#7 = SURFACE_STYLE_FILL_AREA ( #2683 ) ;
#8 = AXIS2_PLACEMENT_3D ( 'NONE', #1333, #2200, #3357 ) ;
#9 = DIRECTION ( 'NONE',  ( 1.000000000000000000, -0.000000000000000000, -0.000000000000000000 ) ) ;
#10 = DIRECTION ( 'NONE',  ( 1.000000000000000000, 0.000000000000000000, -0.000000000000000000 ) ) ;
#11 = EDGE_LOOP ( 'NONE', ( #1482, #779, #1169, #2444 ) ) ;
#12 = AXIS2_PLACEMENT_3D ( 'NONE', #1951, #971, #2170 ) ;
#13 = CARTESIAN_POINT ( 'NONE',  ( 1.650000000000000355, -10.25282327136967453, -1.103704074810788471 ) ) ;
#14 = CARTESIAN_POINT ( 'NONE',  ( 5.500000000000000000, -4.043083119831640815, -2.729573956266774015 ) ) ;
#15 = EDGE_CURVE ( 'NONE', #1948, #3109, #423, .T. ) ;
#16 = CARTESIAN_POINT ( 'NONE',  ( 2.150000000000000355, 0.000000000000000000, -3.435284977019530839 ) ) ;
#17 = EDGE_CURVE ( 'NONE', #2666, #1408, #3024, .T. ) ;
#18 = EDGE_LOOP ( 'NONE', ( #2267, #2740 ) ) ;
#19 = VERTEX_POINT ( 'NONE', #383 ) ;
#20 = ORIENTED_EDGE ( 'NONE', *, *, #3668, .T. ) ;
#21 = DIRECTION ( 'NONE',  ( 0.000000000000000000, 0.000000000000000000, -1.000000000000000000 ) ) ;
#22 = ORIENTED_EDGE ( 'NONE', *, *, #2234, .F. ) ;
#23 = DIRECTION ( 'NONE',  ( 1.000000000000000000, 0.000000000000000000, -0.000000000000000000 ) ) ;
#24 = FACE_OUTER_BOUND ( 'NONE', #219, .T. ) ;
#25 = ORIENTED_EDGE ( 'NONE', *, *, #2674, .T. ) ;
#26 = DIRECTION ( 'NONE',  ( -1.000000000000000000, -0.000000000000000000, -0.000000000000000000 ) ) ;
#27 = SURFACE_STYLE_FILL_AREA ( #321 ) ;
#28 = DIRECTION ( 'NONE',  ( 0.000000000000000000, 0.000000000000000000, -1.000000000000000000 ) ) ;
#29 = DIRECTION ( 'NONE',  ( 1.000000000000000000, 0.000000000000000000, -0.000000000000000000 ) ) ;
#30 = CARTESIAN_POINT ( 'NONE',  ( 2.150000000000000355, -9.504919181306430431, -5.153359820574318739 ) ) ;
#31 = ADVANCED_FACE ( 'NONE', ( #3051 ), #1585, .F. ) ;
#32 = EDGE_CURVE ( 'NONE', #3041, #1101, #189, .T. ) ;
#33 = ADVANCED_FACE ( 'NONE', ( #1969 ), #435, .T. ) ;
#34 = ORIENTED_EDGE ( 'NONE', *, *, #113, .F. ) ;
#35 = ORIENTED_EDGE ( 'NONE', *, *, #2445, .F. ) ;
#36 = DIRECTION ( 'NONE',  ( 1.000000000000000000, -0.000000000000000000, -0.000000000000000000 ) ) ;
#37 = ORIENTED_EDGE ( 'NONE', *, *, #467, .T. ) ;
#38 = ADVANCED_FACE ( 'NONE', ( #411 ), #138, .F. ) ;
#39 = ORIENTED_EDGE ( 'NONE', *, *, #1716, .F. ) ;
#40 = CARTESIAN_POINT ( 'NONE',  ( 1.850000000000000533, -6.897852326276728618, -2.735978542277934356 ) ) ;
#41 = PRESENTATION_STYLE_ASSIGNMENT (( #919 ) ) ;
#42 = EDGE_CURVE ( 'NONE', #2138, #1638, #1745, .T. ) ;
#43 = ORIENTED_EDGE ( 'NONE', *, *, #1208, .F. ) ;
#44 = DIRECTION ( 'NONE',  ( 0.000000000000000000, 0.000000000000000000, -1.000000000000000000 ) ) ;
#45 = CARTESIAN_POINT ( 'NONE',  ( 2.150000000000000355, -9.739238799178210115, 1.511478283011574275 ) ) ;
#46 = CIRCLE ( 'NONE', #478, 10.09481119847259123 ) ;
#47 = CARTESIAN_POINT ( 'NONE',  ( 1.850000000000000533, 0.000000000000000000, 2.735978542277934356 ) ) ;
#48 = AXIS2_PLACEMENT_3D ( 'NONE', #3235, #2586, #1649 ) ;
#49 = AXIS2_PLACEMENT_3D ( 'NONE', #3492, #1371, #3207 ) ;
#50 = CARTESIAN_POINT ( 'NONE',  ( 5.299999999999999822, 3.904694173391426659, -4.344931760410139177 ) ) ;
#51 = AXIS2_PLACEMENT_3D ( 'NONE', #180, #868, #2332 ) ;
#52 = CIRCLE ( 'NONE', #2905, 18.12500000000002842 ) ;
#53 = ORIENTED_EDGE ( 'NONE', *, *, #3263, .T. ) ;
#54 = VERTEX_POINT ( 'NONE', #1132 ) ;
#55 = DIRECTION ( 'NONE',  ( 0.000000000000000000, 0.000000000000000000, -1.000000000000000000 ) ) ;
#56 = B_SPLINE_CURVE_WITH_KNOTS ( 'NONE', 3,
 ( #3425, #773, #2687, #3831, #1201, #3554, #1475, #298, #2668, #1156 ),
 .UNSPECIFIED., .F., .F.,
 ( 4, 2, 2, 2, 4 ),
 ( 0.000000000000000000, 0.0005136493907120707981, 0.001027298781424141596, 0.001540948172136212286, 0.002054597562848283192 ),
 .UNSPECIFIED. ) ;
#57 = DIRECTION ( 'NONE',  ( 1.000000000000000000, -0.000000000000000000, -0.000000000000000000 ) ) ;
#58 = AXIS2_PLACEMENT_3D ( 'NONE', #1427, #3471, #3114 ) ;
#59 = UNCERTAINTY_MEASURE_WITH_UNIT (LENGTH_MEASURE( 1.000000000000000082E-05 ), #3747, 'distance_accuracy_value', 'NONE');
#60 = ORIENTED_EDGE ( 'NONE', *, *, #2421, .T. ) ;
#61 = DIRECTION ( 'NONE',  ( -1.000000000000000000, -0.000000000000000000, -0.000000000000000000 ) ) ;
#62 = ADVANCED_FACE ( 'NONE', ( #1992 ), #3454, .F. ) ;
#63 = CARTESIAN_POINT ( 'NONE',  ( 2.050000000000000711, -5.928977554213589407, -5.928977554211866341 ) ) ;
#64 = EDGE_CURVE ( 'NONE', #3396, #1698, #974, .T. ) ;
#65 =( NAMED_UNIT ( * ) SI_UNIT ( $, .STERADIAN. ) SOLID_ANGLE_UNIT ( ) );
#66 = ORIENTED_EDGE ( 'NONE', *, *, #3476, .T. ) ;
#67 =( GEOMETRIC_REPRESENTATION_CONTEXT ( 3 ) GLOBAL_UNCERTAINTY_ASSIGNED_CONTEXT ( ( #2850 ) ) GLOBAL_UNIT_ASSIGNED_CONTEXT ( ( #3130, #3145, #3709 ) ) REPRESENTATION_CONTEXT ( 'NONE', 'WORKASPACE' ) );
#68 = CARTESIAN_POINT ( 'NONE',  ( 5.500000000000000000, -1.986845881379553536, 8.932505486385943883 ) ) ;
#69 = CARTESIAN_POINT ( 'NONE',  ( 1.950000000000000622, -4.591491110451058510, -4.313723378086375959 ) ) ;
#70 = DIRECTION ( 'NONE',  ( 1.000000000000000000, -0.000000000000000000, -0.000000000000000000 ) ) ;
#71 = COLOUR_RGB ( '',0.5019607843137254832, 0.5019607843137254832, 0.5019607843137254832 ) ;
#72 = CARTESIAN_POINT ( 'NONE',  ( 5.500000000000000000, 0.6412571845857443220, -4.835895400006572586 ) ) ;
#73 = AXIS2_PLACEMENT_3D ( 'NONE', #967, #2472, #3622 ) ;
#74 = FACE_OUTER_BOUND ( 'NONE', #512, .T. ) ;
#75 = EDGE_LOOP ( 'NONE', ( #722, #310 ) ) ;
#76 = ORIENTED_EDGE ( 'NONE', *, *, #828, .T. ) ;
#77 = FILL_AREA_STYLE_COLOUR ( '', #2409 ) ;
#78 = DIRECTION ( 'NONE',  ( 0.000000000000000000, 0.000000000000000000, -1.000000000000000000 ) ) ;
#79 = ORIENTED_EDGE ( 'NONE', *, *, #243, .F. ) ;
#80 = DIRECTION ( 'NONE',  ( 1.000000000000000000, 0.000000000000000000, 0.000000000000000000 ) ) ;
#81 = PRESENTATION_STYLE_ASSIGNMENT (( #2743 ) ) ;
#82 = CARTESIAN_POINT ( 'NONE',  ( 1.950000000000000622, -5.928977554213589407, -5.928977554211866341 ) ) ;
#83 = ORIENTED_EDGE ( 'NONE', *, *, #1158, .T. ) ;
#84 = ADVANCED_FACE ( 'NONE', ( #2547 ), #3423, .T. ) ;
#85 = CARTESIAN_POINT ( 'NONE',  ( 5.299999999999999822, -10.57410902396753372, -9.660493549750421849 ) ) ;
#86 = ADVANCED_FACE ( 'NONE', ( #1727 ), #1092, .F. ) ;
#87 =( NAMED_UNIT ( * ) PLANE_ANGLE_UNIT ( ) SI_UNIT ( $, .RADIAN. ) );
#88 = FILL_AREA_STYLE_COLOUR ( '', #2119 ) ;
#89 =( LENGTH_UNIT ( ) NAMED_UNIT ( * ) SI_UNIT ( .MILLI., .METRE. ) );
#90 = SHAPE_DEFINITION_REPRESENTATION ( #1163, #2504 ) ;
#91 = CARTESIAN_POINT ( 'NONE',  ( 5.299999999999999822, 0.3116724785950861221, -9.145494578577027411 ) ) ;
#92 = CARTESIAN_POINT ( 'NONE',  ( 5.299999999999999822, 4.512646527216345405, 4.939956910644343502 ) ) ;
#93 = DIRECTION ( 'NONE',  ( 1.000000000000000000, 0.000000000000000000, 0.000000000000000000 ) ) ;
#94 = DIRECTION ( 'NONE',  ( 1.000000000000000000, 0.000000000000000000, 0.000000000000000000 ) ) ;
#95 = PLANE ( 'NONE',  #1939 ) ;
#96 = EDGE_LOOP ( 'NONE', ( #1804, #2929, #2114, #664 ) ) ;
#97 = EDGE_LOOP ( 'NONE', ( #3466, #3480, #3179, #2433 ) ) ;
#98 = PRESENTATION_STYLE_ASSIGNMENT (( #1065 ) ) ;
#99 = EDGE_LOOP ( 'NONE', ( #484, #1750 ) ) ;
#100 = CARTESIAN_POINT ( 'NONE',  ( 1.650000000000000355, -9.460165010640279704, 0.9498986794179833382 ) ) ;
#101 = DIRECTION ( 'NONE',  ( 0.000000000000000000, 0.000000000000000000, -1.000000000000000000 ) ) ;
#102 = ORIENTED_EDGE ( 'NONE', *, *, #1014, .T. ) ;
#103 = CIRCLE ( 'NONE', #3562, 18.12500000000009948 ) ;
#104 = FACE_OUTER_BOUND ( 'NONE', #120, .T. ) ;
#105 = CARTESIAN_POINT ( 'NONE',  ( 2.150000000000000355, 0.000000000000000000, 0.000000000000000000 ) ) ;
#106 = PRESENTATION_STYLE_ASSIGNMENT (( #1039 ) ) ;
#107 = DIRECTION ( 'NONE',  ( -1.000000000000000000, -0.000000000000000000, -0.000000000000000000 ) ) ;
#108 = DIRECTION ( 'NONE',  ( 0.000000000000000000, 0.000000000000000000, -1.000000000000000000 ) ) ;
#109 = AXIS2_PLACEMENT_3D ( 'NONE', #2706, #2426, #2669 ) ;
#110 = DIRECTION ( 'NONE',  ( 1.000000000000000000, -0.000000000000000000, -0.000000000000000000 ) ) ;
#111 =( GEOMETRIC_REPRESENTATION_CONTEXT ( 3 ) GLOBAL_UNCERTAINTY_ASSIGNED_CONTEXT ( ( #2978 ) ) GLOBAL_UNIT_ASSIGNED_CONTEXT ( ( #2679, #3560, #2456 ) ) REPRESENTATION_CONTEXT ( 'NONE', 'WORKASPACE' ) );
#112 = MECHANICAL_DESIGN_GEOMETRIC_PRESENTATION_REPRESENTATION (  '', ( #294 ), #1555 ) ;
#113 = EDGE_CURVE ( 'NONE', #1648, #2614, #103, .T. ) ;
#114 = CIRCLE ( 'NONE', #48, 18.12500000000009948 ) ;
#115 = AXIS2_PLACEMENT_3D ( 'NONE', #1577, #375, #972 ) ;
#116 = ADVANCED_FACE ( 'NONE', ( #2602 ), #2016, .F. ) ;
#117 = CARTESIAN_POINT ( 'NONE',  ( 5.500000000000000000, -6.370290229441971874, -12.82795071974462431 ) ) ;
#118 = LINE ( 'NONE', #1629, #3420 ) ;
#119 = CIRCLE ( 'NONE', #3525, 7.420643186336786101 ) ;
#120 = EDGE_LOOP ( 'NONE', ( #2557, #454 ) ) ;
#121 = FACE_BOUND ( 'NONE', #3415, .T. ) ;
#122 = DIRECTION ( 'NONE',  ( 1.000000000000000000, 0.000000000000000000, 0.000000000000000000 ) ) ;
#123 = ORIENTED_EDGE ( 'NONE', *, *, #3614, .T. ) ;
#124 = VECTOR ( 'NONE', #3316, 1000.000000000000000 ) ;
#125 = CARTESIAN_POINT ( 'NONE',  ( 1.850000000000000533, -10.25180097398211387, -3.435284977019530839 ) ) ;
#126 = DIRECTION ( 'NONE',  ( 1.000000000000000000, -0.000000000000000000, -0.000000000000000000 ) ) ;
#127 = CARTESIAN_POINT ( 'NONE',  ( 5.299999999999999822, -4.826776561967567325, 0.7066279908364255791 ) ) ;
#128 = LINE ( 'NONE', #1300, #2655 ) ;
#129 = AXIS2_PLACEMENT_3D ( 'NONE', #1752, #1497, #2962 ) ;
#130 = EDGE_CURVE ( 'NONE', #1726, #836, #907, .T. ) ;
#131 = EDGE_CURVE ( 'NONE', #1855, #2686, #174, .T. ) ;
#132 = EDGE_LOOP ( 'NONE', ( #1164, #2340 ) ) ;
#133 = CIRCLE ( 'NONE', #757, 6.299999999999999822 ) ;
#134 = UNCERTAINTY_MEASURE_WITH_UNIT (LENGTH_MEASURE( 1.000000000000000082E-05 ), #3064, 'distance_accuracy_value', 'NONE');
#135 = ORIENTED_EDGE ( 'NONE', *, *, #32, .F. ) ;
#136 = CARTESIAN_POINT ( 'NONE',  ( 2.150000000000000355, -10.43068507984156312, 1.837463008513589680 ) ) ;
#137 = DIRECTION ( 'NONE',  ( 0.000000000000000000, -0.9857111712149919658, -0.1684443140683846984 ) ) ;
#138 = CYLINDRICAL_SURFACE ( 'NONE', #2407, 18.12500000000009948 ) ;
#139 = LINE ( 'NONE', #976, #3708 ) ;
#140 = CARTESIAN_POINT ( 'NONE',  ( 5.299999999999999822, -5.343524845002654011, -4.026648133309806532 ) ) ;
#141 = LINE ( 'NONE', #1331, #1926 ) ;
#142 = CARTESIAN_POINT ( 'NONE',  ( 0.000000000000000000, 0.000000000000000000, 0.000000000000000000 ) ) ;
#143 = CARTESIAN_POINT ( 'NONE',  ( 1.850000000000000533, 0.000000000000000000, 0.000000000000000000 ) ) ;
#144 = CYLINDRICAL_SURFACE ( 'NONE', #166, 18.12500000000009948 ) ;
#145 = ADVANCED_FACE ( 'NONE', ( #233 ), #1075, .F. ) ;
#146 = DIRECTION ( 'NONE',  ( -1.000000000000000000, 0.000000000000000000, 0.000000000000000000 ) ) ;
#147 = DIRECTION ( 'NONE',  ( 0.000000000000000000, 0.000000000000000000, -1.000000000000000000 ) ) ;
#148 = ORIENTED_EDGE ( 'NONE', *, *, #417, .T. ) ;
#149 = VERTEX_POINT ( 'NONE', #1785 ) ;
#150 = PRESENTATION_STYLE_ASSIGNMENT (( #1934 ) ) ;
#151 = ORIENTED_EDGE ( 'NONE', *, *, #3827, .T. ) ;
#152 = EDGE_CURVE ( 'NONE', #1808, #427, #3000, .T. ) ;
#153 = DIRECTION ( 'NONE',  ( 0.000000000000000000, 0.9857111712149919658, 0.1684443140683846984 ) ) ;
#154 = PRESENTATION_STYLE_ASSIGNMENT (( #3205 ) ) ;
#155 = DIRECTION ( 'NONE',  ( -1.000000000000000000, 0.000000000000000000, 0.000000000000000000 ) ) ;
#156 = DIRECTION ( 'NONE',  ( 0.000000000000000000, 0.000000000000000000, 1.000000000000000000 ) ) ;
#157 =( GEOMETRIC_REPRESENTATION_CONTEXT ( 3 ) GLOBAL_UNCERTAINTY_ASSIGNED_CONTEXT ( ( #647 ) ) GLOBAL_UNIT_ASSIGNED_CONTEXT ( ( #3325, #408, #1860 ) ) REPRESENTATION_CONTEXT ( 'NONE', 'WORKASPACE' ) );
#158 = DIRECTION ( 'NONE',  ( 1.000000000000000000, -0.000000000000000000, -0.000000000000000000 ) ) ;
#159 = CARTESIAN_POINT ( 'NONE',  ( 5.299999999999999822, 8.325635406177337217, -3.797499954453744664 ) ) ;
#160 = CIRCLE ( 'NONE', #1615, 18.12500000000009948 ) ;
#161 = DIRECTION ( 'NONE',  ( 0.000000000000000000, 0.000000000000000000, 1.000000000000000000 ) ) ;
#162 = ORIENTED_EDGE ( 'NONE', *, *, #130, .F. ) ;
#163 = STYLED_ITEM ( 'NONE', ( #2896 ), #900 ) ;
#164 = ORIENTED_EDGE ( 'NONE', *, *, #1832, .F. ) ;
#165 = FACE_OUTER_BOUND ( 'NONE', #1276, .T. ) ;
#166 = AXIS2_PLACEMENT_3D ( 'NONE', #983, #443, #1334 ) ;
#167 = CARTESIAN_POINT ( 'NONE',  ( 5.299999999999999822, -14.32259328031761569, -0.01545969312820769451 ) ) ;
#168 = EDGE_CURVE ( 'NONE', #2536, #266, #1851, .T. ) ;
#169 = FACE_BOUND ( 'NONE', #2574, .T. ) ;
#170 = AXIS2_PLACEMENT_3D ( 'NONE', #2746, #1598, #3311 ) ;
#171 = CARTESIAN_POINT ( 'NONE',  ( 1.950000000000000622, -9.504919181306430431, -5.153359820574318739 ) ) ;
#172 = EDGE_CURVE ( 'NONE', #763, #1911, #3259, .T. ) ;
#173 = EDGE_CURVE ( 'NONE', #2138, #1269, #2238, .T. ) ;
#174 = LINE ( 'NONE', #2286, #3080 ) ;
#175 = SURFACE_STYLE_USAGE ( .BOTH. , #3424 ) ;
#176 = AXIS2_PLACEMENT_3D ( 'NONE', #473, #1088, #3741 ) ;
#177 = CARTESIAN_POINT ( 'NONE',  ( 1.650000000000001021, -10.16307874572589931, 1.109423800316769348 ) ) ;
#178 = PRESENTATION_STYLE_ASSIGNMENT (( #3496 ) ) ;
#179 = AXIS2_PLACEMENT_3D ( 'NONE', #2292, #2554, #3815 ) ;
#180 = CARTESIAN_POINT ( 'NONE',  ( 1.950000000000000622, -5.928977554212579548, 5.928977554214301726 ) ) ;
#181 = DIRECTION ( 'NONE',  ( -1.000000000000000000, -0.000000000000000000, -0.000000000000000000 ) ) ;
#182 = AXIS2_PLACEMENT_3D ( 'NONE', #902, #942, #2705 ) ;
#183 = ORIENTED_EDGE ( 'NONE', *, *, #1023, .T. ) ;
#184 = PRESENTATION_LAYER_ASSIGNMENT (  '', '', ( #1196 ) ) ;
#185 = ORIENTED_EDGE ( 'NONE', *, *, #709, .T. ) ;
#186 = LINE ( 'NONE', #1384, #350 ) ;
#187 = CYLINDRICAL_SURFACE ( 'NONE', #3361, 10.09481119847259123 ) ;
#188 = ORIENTED_EDGE ( 'NONE', *, *, #152, .F. ) ;
#189 = LINE ( 'NONE', #2210, #231 ) ;
#190 = DIRECTION ( 'NONE',  ( 0.000000000000000000, 0.000000000000000000, 1.000000000000000000 ) ) ;
#191 = ORIENTED_EDGE ( 'NONE', *, *, #2863, .F. ) ;
#192 = LINE ( 'NONE', #2253, #1060 ) ;
#193 = EDGE_CURVE ( 'NONE', #19, #2658, #316, .T. ) ;
#194 = DIRECTION ( 'NONE',  ( 0.000000000000000000, 0.000000000000000000, -1.000000000000000000 ) ) ;
#195 = EDGE_CURVE ( 'NONE', #2299, #3841, #3018, .T. ) ;
#196 = SURFACE_STYLE_USAGE ( .BOTH. , #1673 ) ;
#197 = DIRECTION ( 'NONE',  ( 1.000000000000000000, -0.000000000000000000, -0.000000000000000000 ) ) ;
#198 = CARTESIAN_POINT ( 'NONE',  ( 5.299999999999999822, 14.07588320110654401, 2.646966071613908955 ) ) ;
#199 = EDGE_CURVE ( 'NONE', #3762, #2030, #475, .T. ) ;
#200 = DIRECTION ( 'NONE',  ( 1.000000000000000000, -0.000000000000000000, -0.000000000000000000 ) ) ;
#201 = ORIENTED_EDGE ( 'NONE', *, *, #2932, .F. ) ;
#202 = ORIENTED_EDGE ( 'NONE', *, *, #1712, .F. ) ;
#203 = DIRECTION ( 'NONE',  ( 0.000000000000000000, 0.000000000000000000, 1.000000000000000000 ) ) ;
#204 = PLANE ( 'NONE',  #1513 ) ;
#205 = ORIENTED_EDGE ( 'NONE', *, *, #3426, .F. ) ;
#206 = CARTESIAN_POINT ( 'NONE',  ( 5.500999999999999446, 5.124034247245930567E-16, -4.184091487287177280 ) ) ;
#207 = ORIENTED_EDGE ( 'NONE', *, *, #2551, .T. ) ;
#208 = ORIENTED_EDGE ( 'NONE', *, *, #2088, .F. ) ;
#209 = SURFACE_STYLE_FILL_AREA ( #3170 ) ;
#210 = CARTESIAN_POINT ( 'NONE',  ( 3.299999999999998934, 1.324095266862601595E-15, -10.81205836478312143 ) ) ;
#211 =( NAMED_UNIT ( * ) SI_UNIT ( $, .STERADIAN. ) SOLID_ANGLE_UNIT ( ) );
#212 = FILL_AREA_STYLE_COLOUR ( '', #1803 ) ;
#213 = STYLED_ITEM ( 'NONE', ( #81 ), #275 ) ;
#214 = DIRECTION ( 'NONE',  ( 1.000000000000000000, -0.000000000000000000, -0.000000000000000000 ) ) ;
#215 = CARTESIAN_POINT ( 'NONE',  ( 1.850000000000000533, 0.000000000000000000, 0.9919590187289599736 ) ) ;
#216 = EDGE_CURVE ( 'NONE', #3787, #1324, #3328, .T. ) ;
#217 = VECTOR ( 'NONE', #2915, 1000.000000000000000 ) ;
#218 = CYLINDRICAL_SURFACE ( 'NONE', #684, 18.12500000000009948 ) ;
#219 = EDGE_LOOP ( 'NONE', ( #340, #2874, #1422, #1545 ) ) ;
#220 = EDGE_LOOP ( 'NONE', ( #1544, #1778, #2025, #1359 ) ) ;
#221 = CIRCLE ( 'NONE', #2475, 18.12500000000002132 ) ;
#222 = AXIS2_PLACEMENT_3D ( 'NONE', #2864, #197, #1095 ) ;
#223 = ORIENTED_EDGE ( 'NONE', *, *, #193, .F. ) ;
#224 =( NAMED_UNIT ( * ) PLANE_ANGLE_UNIT ( ) SI_UNIT ( $, .RADIAN. ) );
#225 = FILL_AREA_STYLE ('',( #526 ) ) ;
#226 = ORIENTED_EDGE ( 'NONE', *, *, #1918, .T. ) ;
#227 = FACE_OUTER_BOUND ( 'NONE', #1968, .T. ) ;
#228 = VERTEX_POINT ( 'NONE', #3566 ) ;
#229 = DIRECTION ( 'NONE',  ( -1.000000000000000000, 0.000000000000000000, 0.000000000000000000 ) ) ;
#230 = VERTEX_POINT ( 'NONE', #633 ) ;
#231 = VECTOR ( 'NONE', #1685, 1000.000000000000114 ) ;
#232 = AXIS2_PLACEMENT_3D ( 'NONE', #1176, #3326, #276 ) ;
#233 = FACE_OUTER_BOUND ( 'NONE', #3195, .T. ) ;
#234 = AXIS2_PLACEMENT_3D ( 'NONE', #396, #748, #3353 ) ;
#235 = DIRECTION ( 'NONE',  ( -1.000000000000000000, 0.000000000000000000, 0.000000000000000000 ) ) ;
#236 = DIRECTION ( 'NONE',  ( -1.000000000000000000, -0.000000000000000000, -0.000000000000000000 ) ) ;
#237 = AXIS2_PLACEMENT_3D ( 'NONE', #3286, #3786, #314 ) ;
#238 = CARTESIAN_POINT ( 'NONE',  ( 2.150000000000000355, -10.64907378136503979, 1.870249631070778573 ) ) ;
#239 = AXIS2_PLACEMENT_3D ( 'NONE', #834, #1205, #2388 ) ;
#240 = LINE ( 'NONE', #2315, #3409 ) ;
#241 = EDGE_LOOP ( 'NONE', ( #2413, #3620 ) ) ;
#242 = CARTESIAN_POINT ( 'NONE',  ( 5.500000000000000000, 8.643627894935246303, -11.42035963047553970 ) ) ;
#243 = EDGE_CURVE ( 'NONE', #1906, #1512, #2468, .T. ) ;
#244 = ORIENTED_EDGE ( 'NONE', *, *, #300, .F. ) ;
#245 = AXIS2_PLACEMENT_3D ( 'NONE', #3763, #2306, #3472 ) ;
#246 = EDGE_CURVE ( 'NONE', #3723, #626, #3503, .T. ) ;
#247 = ADVANCED_FACE ( 'NONE', ( #1826 ), #3247, .F. ) ;
#248 = EDGE_LOOP ( 'NONE', ( #1340, #1481, #34, #1192 ) ) ;
#249 = ORIENTED_EDGE ( 'NONE', *, *, #1669, .F. ) ;
#250 = TOROIDAL_SURFACE ( 'NONE', #699, 10.31205836478311966, 0.5000000000000000000 ) ;
#251 = DIRECTION ( 'NONE',  ( 0.000000000000000000, 0.000000000000000000, 1.000000000000000000 ) ) ;
#252 = EDGE_LOOP ( 'NONE', ( #3504, #43, #3016, #2831 ) ) ;
#253 = VECTOR ( 'NONE', #3182, 1000.000000000000000 ) ;
#254 = EDGE_LOOP ( 'NONE', ( #1679, #3012, #35, #1015 ) ) ;
#255 = ORIENTED_EDGE ( 'NONE', *, *, #2303, .F. ) ;
#256 = CARTESIAN_POINT ( 'NONE',  ( 1.950000000000000622, 8.384840468173806016, 0.000000000000000000 ) ) ;
#257 = MECHANICAL_DESIGN_GEOMETRIC_PRESENTATION_REPRESENTATION (  '', ( #2927 ), #3236 ) ;
#258 = ORIENTED_EDGE ( 'NONE', *, *, #442, .T. ) ;
#259 = DIRECTION ( 'NONE',  ( -1.000000000000000000, -0.000000000000000000, -0.000000000000000000 ) ) ;
#260 = CYLINDRICAL_SURFACE ( 'NONE', #222, 7.420643186336786101 ) ;
#261 = LINE ( 'NONE', #789, #3766 ) ;
#262 = CARTESIAN_POINT ( 'NONE',  ( 1.850000000000000533, 0.000000000000000000, 0.000000000000000000 ) ) ;
#263 = SURFACE_STYLE_USAGE ( .BOTH. , #2866 ) ;
#264 = ORIENTED_EDGE ( 'NONE', *, *, #1038, .T. ) ;
#265 = ORIENTED_EDGE ( 'NONE', *, *, #1997, .T. ) ;
#266 = VERTEX_POINT ( 'NONE', #352 ) ;
#267 = ADVANCED_FACE ( 'NONE', ( #274 ), #2634, .T. ) ;
#268 = ORIENTED_EDGE ( 'NONE', *, *, #3446, .F. ) ;
#269 = FILL_AREA_STYLE ('',( #1764 ) ) ;
#270 = CARTESIAN_POINT ( 'NONE',  ( 5.299999999999999822, 13.36355294839398589, 18.56997822392913733 ) ) ;
#271 = ORIENTED_EDGE ( 'NONE', *, *, #1345, .F. ) ;
#272 = CARTESIAN_POINT ( 'NONE',  ( 2.150000000000000355, 0.000000000000000000, -0.9919590187289638594 ) ) ;
#273 = ORIENTED_EDGE ( 'NONE', *, *, #2509, .F. ) ;
#274 = FACE_OUTER_BOUND ( 'NONE', #3341, .T. ) ;
#275 = ADVANCED_FACE ( 'NONE', ( #666, #121 ), #1896, .F. ) ;
#276 = DIRECTION ( 'NONE',  ( 0.000000000000000000, 0.000000000000000000, -1.000000000000000000 ) ) ;
#277 = ORIENTED_EDGE ( 'NONE', *, *, #3444, .F. ) ;
#278 = LINE ( 'NONE', #3811, #2251 ) ;
#279 = DIRECTION ( 'NONE',  ( -1.000000000000000000, -0.000000000000000000, -0.000000000000000000 ) ) ;
#280 = DIRECTION ( 'NONE',  ( 1.000000000000000000, -0.000000000000000000, -0.000000000000000000 ) ) ;
#281 = CARTESIAN_POINT ( 'NONE',  ( 2.061088686291876915, -10.64907378136501137, 1.870249631071133845 ) ) ;
#282 = DIRECTION ( 'NONE',  ( -1.000000000000000000, -0.000000000000000000, -0.000000000000000000 ) ) ;
#283 = ORIENTED_EDGE ( 'NONE', *, *, #42, .T. ) ;
#284 = AXIS2_PLACEMENT_3D ( 'NONE', #3728, #1708, #2920 ) ;
#285 = ORIENTED_EDGE ( 'NONE', *, *, #3474, .F. ) ;
#286 = EDGE_LOOP ( 'NONE', ( #1233, #2383 ) ) ;
#287 = DIRECTION ( 'NONE',  ( 0.000000000000000000, 0.000000000000000000, 1.000000000000000000 ) ) ;
#288 = VERTEX_POINT ( 'NONE', #3417 ) ;
#289 = AXIS2_PLACEMENT_3D ( 'NONE', #513, #2875, #1370 ) ;
#290 = AXIS2_PLACEMENT_3D ( 'NONE', #1128, #2320, #2338 ) ;
#291 = AXIS2_PLACEMENT_3D ( 'NONE', #140, #3372, #2198 ) ;
#292 = CARTESIAN_POINT ( 'NONE',  ( 1.950000000000000844, 0.000000000000000000, 6.299999999999999822 ) ) ;
#293 = CARTESIAN_POINT ( 'NONE',  ( 2.150000000000000355, -10.21809254549763857, -1.715854024484313900 ) ) ;
#294 = STYLED_ITEM ( 'NONE', ( #1955 ), #872 ) ;
#295 = DIRECTION ( 'NONE',  ( 0.000000000000000000, 0.000000000000000000, 1.000000000000000000 ) ) ;
#296 = ORIENTED_EDGE ( 'NONE', *, *, #3008, .T. ) ;
#297 = ADVANCED_FACE ( 'NONE', ( #165 ), #2280, .F. ) ;
#298 = CARTESIAN_POINT ( 'NONE',  ( 1.850000000000000755, -9.469930391265432235, 0.6747394010648339879 ) ) ;
#299 = CIRCLE ( 'NONE', #922, 1.052971106430593329 ) ;
#300 = EDGE_CURVE ( 'NONE', #2167, #3041, #1362, .T. ) ;
#301 = PLANE ( 'NONE',  #1671 ) ;
#302 = PRESENTATION_STYLE_ASSIGNMENT (( #598 ) ) ;
#303 = CARTESIAN_POINT ( 'NONE',  ( 5.299999999999999822, 14.20397139109172002, -17.93532367599870270 ) ) ;
#304 = VECTOR ( 'NONE', #1584, 1000.000000000000000 ) ;
#305 = AXIS2_PLACEMENT_3D ( 'NONE', #438, #1642, #2815 ) ;
#306 = CARTESIAN_POINT ( 'NONE',  ( 2.150000000000000355, -9.551645721634166364, -0.9919590187289638594 ) ) ;
#307 = AXIS2_PLACEMENT_3D ( 'NONE', #2813, #956, #3686 ) ;
#308 = AXIS2_PLACEMENT_3D ( 'NONE', #794, #3178, #778 ) ;
#309 = ORIENTED_EDGE ( 'NONE', *, *, #2615, .F. ) ;
#310 = ORIENTED_EDGE ( 'NONE', *, *, #395, .T. ) ;
#311 = ORIENTED_EDGE ( 'NONE', *, *, #2189, .T. ) ;
#312 = DIRECTION ( 'NONE',  ( -1.000000000000000000, -0.000000000000000000, -0.000000000000000000 ) ) ;
#313 = VERTEX_POINT ( 'NONE', #1990 ) ;
#314 = DIRECTION ( 'NONE',  ( 0.000000000000000000, 0.000000000000000000, -1.000000000000000000 ) ) ;
#315 = VECTOR ( 'NONE', #3333, 1000.000000000000000 ) ;
#316 = LINE ( 'NONE', #3288, #2519 ) ;
#317 = DIRECTION ( 'NONE',  ( 0.000000000000000000, 0.000000000000000000, -1.000000000000000000 ) ) ;
#318 = ORIENTED_EDGE ( 'NONE', *, *, #1738, .T. ) ;
#319 = AXIS2_PLACEMENT_3D ( 'NONE', #2495, #3506, #3201 ) ;
#320 = CARTESIAN_POINT ( 'NONE',  ( 5.299999999999999822, -4.043083119831640815, -2.729573956266774015 ) ) ;
#321 = FILL_AREA_STYLE ('',( #3312 ) ) ;
#322 = CIRCLE ( 'NONE', #3785, 18.12500000000009948 ) ;
#323 = EDGE_CURVE ( 'NONE', #3805, #2220, #2401, .T. ) ;
#324 = CARTESIAN_POINT ( 'NONE',  ( 5.999999999999998224, 0.000000000000000000, 0.000000000000000000 ) ) ;
#325 = CARTESIAN_POINT ( 'NONE',  ( 5.500000000000000000, -1.306128440433631965, -14.26292206290865217 ) ) ;
#326 = DIRECTION ( 'NONE',  ( -1.000000000000000000, 0.000000000000000000, -0.000000000000000000 ) ) ;
#327 = EDGE_CURVE ( 'NONE', #1172, #1505, #186, .T. ) ;
#328 = DIRECTION ( 'NONE',  ( 0.000000000000000000, -0.9857111712149919658, 0.1684443140683848372 ) ) ;
#329 = ADVANCED_FACE ( 'NONE', ( #2028 ), #1723, .F. ) ;
#330 = ORIENTED_EDGE ( 'NONE', *, *, #1689, .T. ) ;
#331 = ADVANCED_FACE ( 'NONE', ( #2248 ), #2302, .F. ) ;
#332 = ORIENTED_EDGE ( 'NONE', *, *, #2909, .T. ) ;
#333 = DIRECTION ( 'NONE',  ( -1.000000000000000000, -0.000000000000000000, -0.000000000000000000 ) ) ;
#334 = CARTESIAN_POINT ( 'NONE',  ( 5.299999999999999822, -3.090978721620128322, 3.773982729038033668 ) ) ;
#335 = UNCERTAINTY_MEASURE_WITH_UNIT (LENGTH_MEASURE( 1.000000000000000082E-05 ), #1443, 'distance_accuracy_value', 'NONE');
#336 = ORIENTED_EDGE ( 'NONE', *, *, #3136, .T. ) ;
#337 = DIRECTION ( 'NONE',  ( 0.000000000000000000, 0.000000000000000000, 1.000000000000000000 ) ) ;
#338 = CARTESIAN_POINT ( 'NONE',  ( 2.150000000000000355, -9.868202032957102077, -1.447553934407914911 ) ) ;
#339 = SURFACE_SIDE_STYLE ('',( #2702 ) ) ;
#340 = ORIENTED_EDGE ( 'NONE', *, *, #609, .T. ) ;
#341 = PLANE ( 'NONE',  #2991 ) ;
#342 = DIRECTION ( 'NONE',  ( -1.000000000000000000, 0.000000000000000000, -0.000000000000000000 ) ) ;
#343 = DIRECTION ( 'NONE',  ( 0.000000000000000000, 0.000000000000000000, 1.000000000000000000 ) ) ;
#344 = CARTESIAN_POINT ( 'NONE',  ( 1.850000000000000533, -5.875128798320044865, -4.533079185507027375 ) ) ;
#345 = ORIENTED_EDGE ( 'NONE', *, *, #2643, .T. ) ;
#346 = EDGE_CURVE ( 'NONE', #836, #1726, #2278, .T. ) ;
#347 = ORIENTED_EDGE ( 'NONE', *, *, #3036, .F. ) ;
#348 = CARTESIAN_POINT ( 'NONE',  ( 0.000000000000000000, 0.000000000000000000, -6.049999999999999822 ) ) ;
#349 = CARTESIAN_POINT ( 'NONE',  ( 2.050000000000000711, -5.928977554212579548, 4.876006447783624687 ) ) ;
#350 = VECTOR ( 'NONE', #3181, 1000.000000000000000 ) ;
#351 = ORIENTED_EDGE ( 'NONE', *, *, #2590, .T. ) ;
#352 = CARTESIAN_POINT ( 'NONE',  ( 2.050000000000000711, -5.928977554213589407, -4.876006447780867781 ) ) ;
#353 = CARTESIAN_POINT ( 'NONE',  ( 2.150000000000000355, -9.504919181306428655, -5.153359820574317851 ) ) ;
#354 = DIRECTION ( 'NONE',  ( -1.000000000000000000, -0.000000000000000000, -0.000000000000000000 ) ) ;
#355 = CIRCLE ( 'NONE', #1614, 10.81205836478311966 ) ;
#356 = MECHANICAL_DESIGN_GEOMETRIC_PRESENTATION_REPRESENTATION (  '', ( #2776 ), #3334 ) ;
#357 = CARTESIAN_POINT ( 'NONE',  ( 1.850000000000000533, 0.000000000000000000, -3.435284977019530839 ) ) ;
#358 = CARTESIAN_POINT ( 'NONE',  ( 0.000000000000000000, 0.000000000000000000, 0.000000000000000000 ) ) ;
#359 = APPLICATION_PROTOCOL_DEFINITION ( 'draft international standard', 'automotive_design', 1998, #3026 ) ;
#360 = CIRCLE ( 'NONE', #3273, 18.12500000000002487 ) ;
#361 = CARTESIAN_POINT ( 'NONE',  ( 5.500000000000000000, -8.047786649878780452, -4.355495477983176933 ) ) ;
#362 = CIRCLE ( 'NONE', #487, 1.052971106430062420 ) ;
#363 = VECTOR ( 'NONE', #3191, 1000.000000000000000 ) ;
#364 = AXIS2_PLACEMENT_3D ( 'NONE', #1580, #2726, #2211 ) ;
#365 = ORIENTED_EDGE ( 'NONE', *, *, #2491, .F. ) ;
#366 = ORIENTED_EDGE ( 'NONE', *, *, #2693, .T. ) ;
#367 = ADVANCED_FACE ( 'NONE', ( #1070 ), #3631, .T. ) ;
#368 = CYLINDRICAL_SURFACE ( 'NONE', #2103, 6.299999999999999822 ) ;
#369 = CARTESIAN_POINT ( 'NONE',  ( 0.000000000000000000, 1.408343819019456176E-15, -11.50000000000000000 ) ) ;
#370 = UNCERTAINTY_MEASURE_WITH_UNIT (LENGTH_MEASURE( 1.000000000000000082E-05 ), #1856, 'distance_accuracy_value', 'NONE');
#371 = ORIENTED_EDGE ( 'NONE', *, *, #2958, .F. ) ;
#372 = ADVANCED_FACE ( 'NONE', ( #2854 ), #2558, .F. ) ;
#373 = AXIS2_PLACEMENT_3D ( 'NONE', #2353, #1378, #3176 ) ;
#374 = CARTESIAN_POINT ( 'NONE',  ( 1.650000000000000355, -10.09191440136148898, 1.688948662209192486 ) ) ;
#375 = DIRECTION ( 'NONE',  ( 1.000000000000000000, -0.000000000000000000, -0.000000000000000000 ) ) ;
#376 = VERTEX_POINT ( 'NONE', #3701 ) ;
#377 = SPHERICAL_SURFACE ( 'NONE', #494, 22.08327696748627389 ) ;
#378 = VECTOR ( 'NONE', #137, 1000.000000000000114 ) ;
#379 = DIRECTION ( 'NONE',  ( 0.000000000000000000, 0.000000000000000000, 1.000000000000000000 ) ) ;
#380 = SPHERICAL_SURFACE ( 'NONE', #2369, 22.08327696748627389 ) ;
#381 = CIRCLE ( 'NONE', #2860, 18.12500000000002842 ) ;
#382 = CARTESIAN_POINT ( 'NONE',  ( 1.950000000000000400, 0.000000000000000000, 10.81205836478311966 ) ) ;
#383 = CARTESIAN_POINT ( 'NONE',  ( 5.299999999999999822, -4.245571628790118623, 2.402543785532727405 ) ) ;
#384 = PLANE ( 'NONE',  #1351 ) ;
#385 = CARTESIAN_POINT ( 'NONE',  ( 5.299999999999999822, 9.135239019298531105, -0.5334968424981628710 ) ) ;
#386 = VERTEX_POINT ( 'NONE', #798 ) ;
#387 =( LENGTH_UNIT ( ) NAMED_UNIT ( * ) SI_UNIT ( .MILLI., .METRE. ) );
#388 = EDGE_LOOP ( 'NONE', ( #914, #3447, #629, #2481 ) ) ;
#389 = CARTESIAN_POINT ( 'NONE',  ( 2.150000000000000355, -9.302735792945140858, 0.3777922178844439483 ) ) ;
#390 = FACE_OUTER_BOUND ( 'NONE', #844, .T. ) ;
#391 = ORIENTED_EDGE ( 'NONE', *, *, #681, .T. ) ;
#392 = CARTESIAN_POINT ( 'NONE',  ( 5.500000000000000000, -4.756098574359154618, -1.084721829583309427 ) ) ;
#393 = FACE_OUTER_BOUND ( 'NONE', #2461, .T. ) ;
#394 = EDGE_CURVE ( 'NONE', #3718, #1808, #1731, .T. ) ;
#395 = EDGE_CURVE ( 'NONE', #1765, #3547, #3084, .T. ) ;
#396 = CARTESIAN_POINT ( 'NONE',  ( 0.2500000000000000000, 7.409113134841486521E-16, 6.049999999999999822 ) ) ;
#397 = FACE_BOUND ( 'NONE', #853, .T. ) ;
#398 = CARTESIAN_POINT ( 'NONE',  ( 2.050000000000000711, 5.928977554212578660, -5.928977554212876200 ) ) ;
#399 = EDGE_CURVE ( 'NONE', #1699, #2250, #912, .T. ) ;
#400 = DIRECTION ( 'NONE',  ( 0.000000000000000000, 0.000000000000000000, -1.000000000000000000 ) ) ;
#401 = CARTESIAN_POINT ( 'NONE',  ( 2.050000000000000711, -5.928977554212579548, 6.981948660644977878 ) ) ;
#402 = VERTEX_POINT ( 'NONE', #1529 ) ;
#403 = CARTESIAN_POINT ( 'NONE',  ( 1.650000000000132916, -10.28401071528862154, -1.188879053708752576 ) ) ;
#404 = DIRECTION ( 'NONE',  ( 0.000000000000000000, 0.000000000000000000, 1.000000000000000000 ) ) ;
#405 = UNCERTAINTY_MEASURE_WITH_UNIT (LENGTH_MEASURE( 1.000000000000000082E-05 ), #1494, 'distance_accuracy_value', 'NONE');
#406 = ORIENTED_EDGE ( 'NONE', *, *, #1832, .T. ) ;
#407 =( GEOMETRIC_REPRESENTATION_CONTEXT ( 3 ) GLOBAL_UNCERTAINTY_ASSIGNED_CONTEXT ( ( #483 ) ) GLOBAL_UNIT_ASSIGNED_CONTEXT ( ( #1137, #1996, #1748 ) ) REPRESENTATION_CONTEXT ( 'NONE', 'WORKASPACE' ) );
#408 =( NAMED_UNIT ( * ) PLANE_ANGLE_UNIT ( ) SI_UNIT ( $, .RADIAN. ) );
#409 = FACE_OUTER_BOUND ( 'NONE', #1568, .T. ) ;
#410 = VERTEX_POINT ( 'NONE', #2414 ) ;
#411 = FACE_OUTER_BOUND ( 'NONE', #3819, .T. ) ;
#412 = CARTESIAN_POINT ( 'NONE',  ( 2.150000000000000355, -0.000000000000000000, 0.9919590187289599736 ) ) ;
#413 = CARTESIAN_POINT ( 'NONE',  ( 5.299999999999999822, 4.549493209544917427, 7.939730622443520680 ) ) ;
#414 = FACE_OUTER_BOUND ( 'NONE', #1776, .T. ) ;
#415 = EDGE_CURVE ( 'NONE', #2138, #2342, #2747, .T. ) ;
#416 = DIRECTION ( 'NONE',  ( -1.000000000000000000, -0.000000000000000000, -0.000000000000000000 ) ) ;
#417 = EDGE_CURVE ( 'NONE', #2246, #2091, #605, .T. ) ;
#418 = DIRECTION ( 'NONE',  ( 0.000000000000000000, 1.000000000000000000, 0.000000000000000000 ) ) ;
#419 = STYLED_ITEM ( 'NONE', ( #3820 ), #451 ) ;
#420 = VECTOR ( 'NONE', #2448, 1000.000000000000000 ) ;
#421 = DIRECTION ( 'NONE',  ( -1.000000000000000000, -0.000000000000000000, 0.000000000000000000 ) ) ;
#422 = AXIS2_PLACEMENT_3D ( 'NONE', #1160, #2313, #3814 ) ;
#423 = CIRCLE ( 'NONE', #1921, 1.052971106429683390 ) ;
#424 = PRESENTATION_LAYER_ASSIGNMENT (  '', '', ( #3211 ) ) ;
#425 = DIRECTION ( 'NONE',  ( -1.000000000000000000, -0.000000000000000000, -0.000000000000000000 ) ) ;
#426 = LINE ( 'NONE', #2242, #450 ) ;
#427 = VERTEX_POINT ( 'NONE', #932 ) ;
#428 = AXIS2_PLACEMENT_3D ( 'NONE', #47, #2179, #326 ) ;
#429 = EDGE_LOOP ( 'NONE', ( #2440, #2337, #3486, #3382 ) ) ;
#430 = CIRCLE ( 'NONE', #176, 7.420643186336786101 ) ;
#431 = CARTESIAN_POINT ( 'NONE',  ( 1.649999999999999911, -10.43068509218174178, 1.837462976090358913 ) ) ;
#432 = CARTESIAN_POINT ( 'NONE',  ( 2.150000000000000355, 0.000000000000000000, 0.000000000000000000 ) ) ;
#433 = VERTEX_POINT ( 'NONE', #878 ) ;
#434 = AXIS2_PLACEMENT_3D ( 'NONE', #1245, #1524, #2691 ) ;
#435 = CYLINDRICAL_SURFACE ( 'NONE', #911, 4.184091487287177280 ) ;
#436 = CARTESIAN_POINT ( 'NONE',  ( 1.950000000000000400, 0.000000000000000000, 0.000000000000000000 ) ) ;
#437 = DIRECTION ( 'NONE',  ( 0.000000000000000000, -0.9857111712149919658, -0.1684443140683846984 ) ) ;
#438 = CARTESIAN_POINT ( 'NONE',  ( 5.299999999999999822, 22.38629822668643499, 4.720412095103284855 ) ) ;
#439 = CARTESIAN_POINT ( 'NONE',  ( 5.299999999999999822, 3.904694173391426659, 13.78006823958996030 ) ) ;
#440 = AXIS2_PLACEMENT_3D ( 'NONE', #1706, #805, #3422 ) ;
#441 = DIRECTION ( 'NONE',  ( 1.000000000000000000, 0.000000000000000000, 0.000000000000000000 ) ) ;
#442 = EDGE_CURVE ( 'NONE', #2956, #3723, #2695, .T. ) ;
#443 = DIRECTION ( 'NONE',  ( 1.000000000000000000, -0.000000000000000000, -0.000000000000000000 ) ) ;
#444 = VECTOR ( 'NONE', #3516, 1000.000000000000000 ) ;
#445 = PRESENTATION_STYLE_ASSIGNMENT (( #2013 ) ) ;
#446 = EDGE_CURVE ( 'NONE', #955, #644, #2967, .T. ) ;
#447 = ADVANCED_FACE ( 'NONE', ( #2109 ), #1167, .F. ) ;
#448 = VECTOR ( 'NONE', #57, 1000.000000000000000 ) ;
#449 = EDGE_LOOP ( 'NONE', ( #66, #1450 ) ) ;
#450 = VECTOR ( 'NONE', #3108, 1000.000000000000000 ) ;
#451 = ADVANCED_FACE ( 'NONE', ( #1149 ), #2631, .T. ) ;
#452 = DIRECTION ( 'NONE',  ( 1.000000000000000000, 0.000000000000000000, -0.000000000000000000 ) ) ;
#453 = LINE ( 'NONE', #385, #2811 ) ;
#454 = ORIENTED_EDGE ( 'NONE', *, *, #2903, .T. ) ;
#455 = FACE_OUTER_BOUND ( 'NONE', #3806, .T. ) ;
#456 = EDGE_LOOP ( 'NONE', ( #1705, #1895, #2807, #1569 ) ) ;
#457 = DIRECTION ( 'NONE',  ( 1.000000000000000000, 0.000000000000000000, 0.000000000000000000 ) ) ;
#458 = CARTESIAN_POINT ( 'NONE',  ( 5.500000000000000000, -4.245571628790118623, 2.402543785532727405 ) ) ;
#459 = DIRECTION ( 'NONE',  ( 1.000000000000000000, 0.000000000000000000, 0.000000000000000000 ) ) ;
#460 = FACE_BOUND ( 'NONE', #3255, .T. ) ;
#461 = CARTESIAN_POINT ( 'NONE',  ( 1.650000000000000577, -10.09335536408934253, 1.027932835887170215 ) ) ;
#462 = DIRECTION ( 'NONE',  ( 1.000000000000000000, -0.000000000000000000, -0.000000000000000000 ) ) ;
#463 = CYLINDRICAL_SURFACE ( 'NONE', #561, 11.15774183861788593 ) ;
#464 = DIRECTION ( 'NONE',  ( -1.000000000000000000, -0.000000000000000000, -0.000000000000000000 ) ) ;
#465 = ADVANCED_FACE ( 'NONE', ( #1227 ), #567, .T. ) ;
#466 = ORIENTED_EDGE ( 'NONE', *, *, #709, .F. ) ;
#467 = EDGE_CURVE ( 'NONE', #2220, #3805, #1549, .T. ) ;
#468 = EDGE_LOOP ( 'NONE', ( #3677, #2046, #856, #865 ) ) ;
#469 = VERTEX_POINT ( 'NONE', #1286 ) ;
#470 = DIRECTION ( 'NONE',  ( 1.000000000000000000, -0.000000000000000000, -0.000000000000000000 ) ) ;
#471 = DIRECTION ( 'NONE',  ( -1.000000000000000000, 0.000000000000000000, 0.000000000000000000 ) ) ;
#472 = ORIENTED_EDGE ( 'NONE', *, *, #1186, .F. ) ;
#473 = CARTESIAN_POINT ( 'NONE',  ( 2.150000000000000355, 0.000000000000000000, 0.000000000000000000 ) ) ;
#474 = FACE_BOUND ( 'NONE', #1154, .T. ) ;
#475 = CIRCLE ( 'NONE', #968, 11.15774183861788593 ) ;
#476 = DIRECTION ( 'NONE',  ( 1.000000000000000000, 0.000000000000000000, -0.000000000000000000 ) ) ;
#477 = CARTESIAN_POINT ( 'NONE',  ( 2.050000000000000711, 5.928977554212578660, -5.928977554212876200 ) ) ;
#478 = AXIS2_PLACEMENT_3D ( 'NONE', #1330, #1022, #1037 ) ;
#479 = CARTESIAN_POINT ( 'NONE',  ( 1.850000000000000533, 0.5859629825788217339, 3.428968564720510148 ) ) ;
#480 = AXIS2_PLACEMENT_3D ( 'NONE', #2933, #3550, #4 ) ;
#481 = CIRCLE ( 'NONE', #1737, 18.12500000000002132 ) ;
#482 = DIRECTION ( 'NONE',  ( -1.000000000000000000, -0.000000000000000000, -0.000000000000000000 ) ) ;
#483 = UNCERTAINTY_MEASURE_WITH_UNIT (LENGTH_MEASURE( 1.000000000000000082E-05 ), #1137, 'distance_accuracy_value', 'NONE');
#484 = ORIENTED_EDGE ( 'NONE', *, *, #586, .T. ) ;
#485 = EDGE_CURVE ( 'NONE', #1699, #994, #1912, .T. ) ;
#486 = ORIENTED_EDGE ( 'NONE', *, *, #3510, .T. ) ;
#487 = AXIS2_PLACEMENT_3D ( 'NONE', #3715, #2183, #1043 ) ;
#488 = DIRECTION ( 'NONE',  ( -1.000000000000000000, -0.000000000000000000, -0.000000000000000000 ) ) ;
#489 = EDGE_CURVE ( 'NONE', #2657, #3301, #221, .T. ) ;
#490 = AXIS2_PLACEMENT_3D ( 'NONE', #2400, #2984, #317 ) ;
#491 = ADVANCED_FACE ( 'NONE', ( #3031 ), #368, .T. ) ;
#492 = DIRECTION ( 'NONE',  ( -1.000000000000000000, -0.000000000000000000, -0.000000000000000000 ) ) ;
#493 = SURFACE_SIDE_STYLE ('',( #3144 ) ) ;
#494 = AXIS2_PLACEMENT_3D ( 'NONE', #1261, #1277, #3351 ) ;
#495 = CIRCLE ( 'NONE', #308, 18.12500000000002842 ) ;
#496 = CARTESIAN_POINT ( 'NONE',  ( 1.950000000000000844, 7.715274834628325378E-16, -6.299999999999999822 ) ) ;
#497 = CARTESIAN_POINT ( 'NONE',  ( 1.650000000000000133, -9.930580712515988395, 0.7579756698392488001 ) ) ;
#498 = DIRECTION ( 'NONE',  ( -0.000000000000000000, 0.9857111712149919658, -0.1684443140683848372 ) ) ;
#499 = EDGE_CURVE ( 'NONE', #3092, #2342, #2385, .T. ) ;
#500 = AXIS2_PLACEMENT_3D ( 'NONE', #3524, #562, #3461 ) ;
#501 = FACE_BOUND ( 'NONE', #1988, .T. ) ;
#502 = AXIS2_PLACEMENT_3D ( 'NONE', #2773, #3065, #3047 ) ;
#503 = DIRECTION ( 'NONE',  ( 0.000000000000000000, 0.000000000000000000, -1.000000000000000000 ) ) ;
#504 = ORIENTED_EDGE ( 'NONE', *, *, #2225, .T. ) ;
#505 =( NAMED_UNIT ( * ) PLANE_ANGLE_UNIT ( ) SI_UNIT ( $, .RADIAN. ) );
#506 = AXIS2_PLACEMENT_3D ( 'NONE', #1290, #2479, #3369 ) ;
#507 = VERTEX_POINT ( 'NONE', #348 ) ;
#508 = ORIENTED_EDGE ( 'NONE', *, *, #1663, .F. ) ;
#509 = PRESENTATION_STYLE_ASSIGNMENT (( #3484 ) ) ;
#510 = PRESENTATION_STYLE_ASSIGNMENT (( #1107 ) ) ;
#511 = FACE_BOUND ( 'NONE', #2195, .T. ) ;
#512 = EDGE_LOOP ( 'NONE', ( #1087, #151 ) ) ;
#513 = CARTESIAN_POINT ( 'NONE',  ( 1.950000000000000622, 7.133942280140794114E-13, 8.384840468174520112 ) ) ;
#514 = SURFACE_STYLE_USAGE ( .BOTH. , #2563 ) ;
#515 = CARTESIAN_POINT ( 'NONE',  ( 1.650000000000000355, -9.977189444712371014, 0.8520835115227426426 ) ) ;
#516 = EDGE_CURVE ( 'NONE', #1328, #2761, #355, .T. ) ;
#517 = DIRECTION ( 'NONE',  ( 0.000000000000000000, 0.000000000000000000, -1.000000000000000000 ) ) ;
#518 = SURFACE_STYLE_FILL_AREA ( #2348 ) ;
#519 = DIRECTION ( 'NONE',  ( 1.000000000000000000, 0.000000000000000000, -0.000000000000000000 ) ) ;
#520 = CARTESIAN_POINT ( 'NONE',  ( 5.299999999999999822, 0.2582548855340291993, 4.871385789554896206 ) ) ;
#521 = EDGE_LOOP ( 'NONE', ( #2677, #1031, #3627, #1291 ) ) ;
#522 = FILL_AREA_STYLE_COLOUR ( '', #2980 ) ;
#523 = ORIENTED_EDGE ( 'NONE', *, *, #1341, .F. ) ;
#524 = VERTEX_POINT ( 'NONE', #2151 ) ;
#525 = DIRECTION ( 'NONE',  ( 0.000000000000000000, 0.000000000000000000, -1.000000000000000000 ) ) ;
#526 = FILL_AREA_STYLE_COLOUR ( '', #881 ) ;
#527 = ORIENTED_EDGE ( 'NONE', *, *, #611, .T. ) ;
#528 = CARTESIAN_POINT ( 'NONE',  ( 3.299999999999998934, 0.000000000000000000, 10.81205836478312143 ) ) ;
#529 = ORIENTED_EDGE ( 'NONE', *, *, #808, .F. ) ;
#530 = DIRECTION ( 'NONE',  ( 0.000000000000000000, 0.000000000000000000, 1.000000000000000000 ) ) ;
#531 = ORIENTED_EDGE ( 'NONE', *, *, #2969, .T. ) ;
#532 = DIRECTION ( 'NONE',  ( 0.000000000000000000, 0.000000000000000000, 1.000000000000000000 ) ) ;
#533 = CARTESIAN_POINT ( 'NONE',  ( 1.850000000000000533, 0.000000000000000000, -0.9919590187289638594 ) ) ;
#534 = DIRECTION ( 'NONE',  ( 0.000000000000000000, 1.000000000000000000, 0.000000000000000000 ) ) ;
#535 = ADVANCED_FACE ( 'NONE', ( #662 ), #966, .F. ) ;
#536 = CARTESIAN_POINT ( 'NONE',  ( 5.299999999999999822, -4.756098574359154618, -1.084721829583309427 ) ) ;
#537 = COLOUR_RGB ( '',0.5019607843137254832, 0.5019607843137254832, 0.5019607843137254832 ) ;
#538 = DIRECTION ( 'NONE',  ( 0.000000000000000000, 0.000000000000000000, -1.000000000000000000 ) ) ;
#539 = ADVANCED_FACE ( 'NONE', ( #3053 ), #384, .T. ) ;
#540 = CLOSED_SHELL ( 'NONE', ( #2798, #2115, #941, #3595, #1303, #86, #145, #641, #372, #3429, #1551, #33, #3373, #451, #872, #3219, #491, #3010, #84, #2549, #116, #2953, #756, #1759, #2118, #1946, #3319, #2772, #1761, #3313, #2716, #1809, #275, #1920, #1185, #1081, #824, #2374, #2833, #247, #755, #728, #2801, #1446, #331, #2323, #1104, #2906, #2327, #1126, #1226, #2799, #329, #2626, #1264, #2092, #3588, #2879, #1468, #2275, #3732, #1786, #2208, #3552, #3385, #3830, #1991, #2670, #1597, #3291, #38, #3756, #777, #3238, #297, #447, #1719, #3123, #535, #3714, #1711, #3164, #2527, #2259, #3548, #3073, #1709, #2120, #612, #1852, #2524, #1231, #1837, #2464, #850, #2749, #2621, #1308, #3784, #3105, #3586, #539, #31, #2041, #1373, #1854, #3706, #1301, #1006, #2372, #465, #3807, #62, #900, #2569, #267, #3169, #367 ) ) ;
#541 = ORIENTED_EDGE ( 'NONE', *, *, #3432, .F. ) ;
#542 = CIRCLE ( 'NONE', #2711, 10.81205836478312321 ) ;
#543 = DIRECTION ( 'NONE',  ( 1.000000000000000000, 0.000000000000000000, 0.000000000000000000 ) ) ;
#544 = DIRECTION ( 'NONE',  ( -1.000000000000000000, 0.000000000000000000, 0.000000000000000000 ) ) ;
#545 = ORIENTED_EDGE ( 'NONE', *, *, #2509, .T. ) ;
#546 = AXIS2_PLACEMENT_3D ( 'NONE', #1142, #2520, #1457 ) ;
#547 = AXIS2_PLACEMENT_3D ( 'NONE', #1849, #1266, #3006 ) ;
#548 =( LENGTH_UNIT ( ) NAMED_UNIT ( * ) SI_UNIT ( .MILLI., .METRE. ) );
#549 = SURFACE_STYLE_FILL_AREA ( #785 ) ;
#550 = EDGE_LOOP ( 'NONE', ( #1146, #3725, #1495, #258 ) ) ;
#551 = AXIS2_PLACEMENT_3D ( 'NONE', #1434, #3174, #2880 ) ;
#552 = DIRECTION ( 'NONE',  ( 1.000000000000000000, -0.000000000000000000, -0.000000000000000000 ) ) ;
#553 = ORIENTED_EDGE ( 'NONE', *, *, #2863, .T. ) ;
#554 = AXIS2_PLACEMENT_3D ( 'NONE', #357, #1520, #342 ) ;
#555 = FACE_OUTER_BOUND ( 'NONE', #2010, .T. ) ;
#556 = PRESENTATION_LAYER_ASSIGNMENT (  '', '', ( #2053 ) ) ;
#557 = PLANE ( 'NONE',  #3704 ) ;
#558 = AXIS2_PLACEMENT_3D ( 'NONE', #1133, #2458, #3134 ) ;
#559 = CARTESIAN_POINT ( 'NONE',  ( 2.050000000000000711, 5.928977554213588519, 5.928977554213292755 ) ) ;
#560 = EDGE_CURVE ( 'NONE', #1189, #1796, #114, .T. ) ;
#561 = AXIS2_PLACEMENT_3D ( 'NONE', #2848, #181, #873 ) ;
#562 = DIRECTION ( 'NONE',  ( -1.000000000000000000, 0.000000000000000000, 0.000000000000000000 ) ) ;
#563 = ORIENTED_EDGE ( 'NONE', *, *, #3636, .T. ) ;
#564 = EDGE_LOOP ( 'NONE', ( #3534, #3652, #2993, #2775 ) ) ;
#565 = EDGE_CURVE ( 'NONE', #3279, #3128, #2202, .T. ) ;
#566 = AXIS2_PLACEMENT_3D ( 'NONE', #3232, #580, #3293 ) ;
#567 = CYLINDRICAL_SURFACE ( 'NONE', #3085, 7.420643186336786101 ) ;
#568 = DIRECTION ( 'NONE',  ( 1.000000000000000000, 0.000000000000000000, 0.000000000000000000 ) ) ;
#569 = VERTEX_POINT ( 'NONE', #2067 ) ;
#570 = VECTOR ( 'NONE', #2758, 1000.000000000000000 ) ;
#571 = DIRECTION ( 'NONE',  ( 1.000000000000000000, -0.000000000000000000, -0.000000000000000000 ) ) ;
#572 = DIRECTION ( 'NONE',  ( -1.000000000000000000, -0.000000000000000000, -0.000000000000000000 ) ) ;
#573 = ORIENTED_EDGE ( 'NONE', *, *, #2957, .F. ) ;
#574 = ORIENTED_EDGE ( 'NONE', *, *, #2344, .F. ) ;
#575 = B_SPLINE_CURVE_WITH_KNOTS ( 'NONE', 3,
 ( #2876, #2861, #3729, #2921 ),
 .UNSPECIFIED., .F., .F.,
 ( 4, 4 ),
 ( 0.000000000000000000, 0.0003254775000107035373 ),
 .UNSPECIFIED. ) ;
#576 = DIRECTION ( 'NONE',  ( 1.000000000000000000, 0.000000000000000000, -0.000000000000000000 ) ) ;
#577 = VECTOR ( 'NONE', #1571, 1000.000000000000000 ) ;
#578 = DIRECTION ( 'NONE',  ( 1.000000000000000000, -0.000000000000000000, -0.000000000000000000 ) ) ;
#579 = ORIENTED_EDGE ( 'NONE', *, *, #1416, .F. ) ;
#580 = DIRECTION ( 'NONE',  ( 1.000000000000000000, 0.000000000000000000, 0.000000000000000000 ) ) ;
#581 = SURFACE_SIDE_STYLE ('',( #518 ) ) ;
#582 = CARTESIAN_POINT ( 'NONE',  ( 1.707553455516855445, -10.43724834063941387, 1.564827185337725579 ) ) ;
#583 = CYLINDRICAL_SURFACE ( 'NONE', #3530, 1.052971106429616555 ) ;
#584 = VERTEX_POINT ( 'NONE', #2818 ) ;
#585 = VERTEX_POINT ( 'NONE', #2945 ) ;
#586 = EDGE_CURVE ( 'NONE', #1166, #1272, #2171, .T. ) ;
#587 = DIRECTION ( 'NONE',  ( -1.000000000000000000, -0.000000000000000000, -0.000000000000000000 ) ) ;
#588 = DIRECTION ( 'NONE',  ( 1.000000000000000000, 0.000000000000000000, 0.000000000000000000 ) ) ;
#589 = EDGE_CURVE ( 'NONE', #2931, #1963, #1554, .T. ) ;
#590 = FILL_AREA_STYLE_COLOUR ( '', #1225 ) ;
#591 = CARTESIAN_POINT ( 'NONE',  ( 1.950000000000000622, 6.299999999999999822, 0.000000000000000000 ) ) ;
#592 = ORIENTED_EDGE ( 'NONE', *, *, #705, .T. ) ;
#593 = ORIENTED_EDGE ( 'NONE', *, *, #3185, .F. ) ;
#594 = CARTESIAN_POINT ( 'NONE',  ( 5.299999999999999822, 8.325635406177337217, -3.797499954453744664 ) ) ;
#595 = DIRECTION ( 'NONE',  ( -1.000000000000000000, -0.000000000000000000, -0.000000000000000000 ) ) ;
#596 = DIRECTION ( 'NONE',  ( 1.000000000000000000, -0.000000000000000000, -0.000000000000000000 ) ) ;
#597 = CARTESIAN_POINT ( 'NONE',  ( 2.150000000000000355, -10.64907378136503979, 1.870249631070778573 ) ) ;
#598 = SURFACE_STYLE_USAGE ( .BOTH. , #1790 ) ;
#599 = DIRECTION ( 'NONE',  ( 1.000000000000000000, 0.000000000000000000, -0.000000000000000000 ) ) ;
#600 = DIRECTION ( 'NONE',  ( 1.000000000000000000, -0.000000000000000000, -0.000000000000000000 ) ) ;
#601 = AXIS2_PLACEMENT_3D ( 'NONE', #3162, #1424, #3737 ) ;
#602 = VERTEX_POINT ( 'NONE', #2609 ) ;
#603 = ORIENTED_EDGE ( 'NONE', *, *, #2127, .T. ) ;
#604 = ORIENTED_EDGE ( 'NONE', *, *, #3614, .F. ) ;
#605 = LINE ( 'NONE', #1509, #2650 ) ;
#606 = DIRECTION ( 'NONE',  ( 1.000000000000000000, 0.000000000000000000, -0.000000000000000000 ) ) ;
#607 = VECTOR ( 'NONE', #236, 1000.000000000000000 ) ;
#608 = ORIENTED_EDGE ( 'NONE', *, *, #589, .T. ) ;
#609 = EDGE_CURVE ( 'NONE', #2390, #1462, #3275, .T. ) ;
#610 = FILL_AREA_STYLE_COLOUR ( '', #3584 ) ;
#611 = EDGE_CURVE ( 'NONE', #524, #1195, #857, .T. ) ;
#612 = ADVANCED_FACE ( 'NONE', ( #3175 ), #3796, .F. ) ;
#613 = DIRECTION ( 'NONE',  ( 1.000000000000000000, 0.000000000000000000, -0.000000000000000000 ) ) ;
#614 = AXIS2_PLACEMENT_3D ( 'NONE', #3100, #1940, #3355 ) ;
#615 = CYLINDRICAL_SURFACE ( 'NONE', #490, 10.09481119847259123 ) ;
#616 = EDGE_LOOP ( 'NONE', ( #3507, #3366, #3265, #1389 ) ) ;
#617 = DIRECTION ( 'NONE',  ( 1.000000000000000000, 0.000000000000000000, -0.000000000000000000 ) ) ;
#618 = CARTESIAN_POINT ( 'NONE',  ( 2.150000000000000355, -9.492150234113942986, 0.9919590187289599736 ) ) ;
#619 = EDGE_CURVE ( 'NONE', #228, #2096, #1102, .T. ) ;
#620 = CARTESIAN_POINT ( 'NONE',  ( 5.500000000000000000, 5.752892135880454560, 22.14346112771580977 ) ) ;
#621 = FACE_OUTER_BOUND ( 'NONE', #3721, .T. ) ;
#622 = DIRECTION ( 'NONE',  ( 1.000000000000000000, -0.000000000000000000, -0.000000000000000000 ) ) ;
#623 = AXIS2_PLACEMENT_3D ( 'NONE', #746, #1109, #1346 ) ;
#624 = ORIENTED_EDGE ( 'NONE', *, *, #2225, .F. ) ;
#625 = AXIS2_PLACEMENT_3D ( 'NONE', #479, #1959, #3055 ) ;
#626 = VERTEX_POINT ( 'NONE', #2881 ) ;
#627 = DIRECTION ( 'NONE',  ( -1.000000000000000000, -0.000000000000000000, -0.000000000000000000 ) ) ;
#628 = COLOUR_RGB ( '',1.000000000000000000, 1.000000000000000000, 1.000000000000000000 ) ;
#629 = ORIENTED_EDGE ( 'NONE', *, *, #2741, .F. ) ;
#630 = SURFACE_SIDE_STYLE ('',( #2116 ) ) ;
#631 = CIRCLE ( 'NONE', #1999, 7.420643186336786101 ) ;
#632 = ORIENTED_EDGE ( 'NONE', *, *, #1051, .F. ) ;
#633 = CARTESIAN_POINT ( 'NONE',  ( 5.299999999999999822, 3.472684048270682666, 3.426012346367694139 ) ) ;
#634 = ORIENTED_EDGE ( 'NONE', *, *, #1282, .T. ) ;
#635 = MECHANICAL_DESIGN_GEOMETRIC_PRESENTATION_REPRESENTATION (  '', ( #1064 ), #1639 ) ;
#636 = LINE ( 'NONE', #3266, #3661 ) ;
#637 = CARTESIAN_POINT ( 'NONE',  ( 2.150000000000000355, -6.577595489659614714, -3.435284977019530839 ) ) ;
#638 = AXIS2_PLACEMENT_3D ( 'NONE', #2696, #3821, #913 ) ;
#639 = DIRECTION ( 'NONE',  ( 1.000000000000000000, -0.000000000000000000, -0.000000000000000000 ) ) ;
#640 = DIRECTION ( 'NONE',  ( -1.000000000000000000, -0.000000000000000000, -0.000000000000000000 ) ) ;
#641 = ADVANCED_FACE ( 'NONE', ( #1046 ), #3107, .F. ) ;
#642 = CARTESIAN_POINT ( 'NONE',  ( 2.150000000000000355, -4.591491110451058510, 4.313723378086375959 ) ) ;
#643 = ORIENTED_EDGE ( 'NONE', *, *, #589, .F. ) ;
#644 = VERTEX_POINT ( 'NONE', #3459 ) ;
#645 = CARTESIAN_POINT ( 'NONE',  ( 5.299999999999999822, 8.618953692046655846, 11.43899272356741292 ) ) ;
#646 = DIRECTION ( 'NONE',  ( 1.000000000000000000, -0.000000000000000000, -0.000000000000000000 ) ) ;
#647 = UNCERTAINTY_MEASURE_WITH_UNIT (LENGTH_MEASURE( 1.000000000000000082E-05 ), #3325, 'distance_accuracy_value', 'NONE');
#648 = EDGE_LOOP ( 'NONE', ( #527, #3764 ) ) ;
#649 = DIRECTION ( 'NONE',  ( 0.000000000000000000, 0.000000000000000000, -1.000000000000000000 ) ) ;
#650 = CARTESIAN_POINT ( 'NONE',  ( 5.500000000000000000, -13.34983580164557004, -5.188333195219830607 ) ) ;
#651 = DIRECTION ( 'NONE',  ( 1.000000000000000000, -0.000000000000000000, -0.000000000000000000 ) ) ;
#652 = ORIENTED_EDGE ( 'NONE', *, *, #1686, .F. ) ;
#653 = CARTESIAN_POINT ( 'NONE',  ( 1.850000000000000533, 0.000000000000000000, 0.000000000000000000 ) ) ;
#654 = CARTESIAN_POINT ( 'NONE',  ( 1.850000000000000533, -10.25180097398211387, -3.435284977019530839 ) ) ;
#655 = CARTESIAN_POINT ( 'NONE',  ( 2.050000000000000711, -5.928977554213589407, -5.928977554211866341 ) ) ;
#656 = DIRECTION ( 'NONE',  ( -1.000000000000000000, -0.000000000000000000, 0.000000000000000000 ) ) ;
#657 = EDGE_CURVE ( 'NONE', #2392, #2390, #849, .T. ) ;
#658 = CARTESIAN_POINT ( 'NONE',  ( 5.299999999999999822, 19.16939188522363935, 12.48851686119916415 ) ) ;
#659 = EDGE_CURVE ( 'NONE', #2219, #973, #2713, .T. ) ;
#660 = VERTEX_POINT ( 'NONE', #2040 ) ;
#661 = EDGE_LOOP ( 'NONE', ( #1206, #1364, #604, #25 ) ) ;
#662 = FACE_OUTER_BOUND ( 'NONE', #1984, .T. ) ;
#663 = DIRECTION ( 'NONE',  ( 0.000000000000000000, 0.000000000000000000, -1.000000000000000000 ) ) ;
#664 = ORIENTED_EDGE ( 'NONE', *, *, #3733, .F. ) ;
#665 =( NAMED_UNIT ( * ) PLANE_ANGLE_UNIT ( ) SI_UNIT ( $, .RADIAN. ) );
#666 = FACE_OUTER_BOUND ( 'NONE', #3662, .T. ) ;
#667 = CYLINDRICAL_SURFACE ( 'NONE', #2902, 18.12500000000009948 ) ;
#668 = EDGE_LOOP ( 'NONE', ( #162, #3180 ) ) ;
#669 = AXIS2_PLACEMENT_3D ( 'NONE', #1741, #543, #1683 ) ;
#670 = LINE ( 'NONE', #1616, #987 ) ;
#671 = DIRECTION ( 'NONE',  ( 1.000000000000000000, -0.000000000000000000, -0.000000000000000000 ) ) ;
#672 = AXIS2_PLACEMENT_3D ( 'NONE', #2165, #685, #1877 ) ;
#673 = DIRECTION ( 'NONE',  ( 1.000000000000000000, -0.000000000000000000, -0.000000000000000000 ) ) ;
#674 = CARTESIAN_POINT ( 'NONE',  ( 5.299999999999999822, -2.634728637459605505, 4.601346905050440306 ) ) ;
#675 = CARTESIAN_POINT ( 'NONE',  ( 5.299999999999999822, 1.222693617678676903, -6.578158805922142527 ) ) ;
#676 = VECTOR ( 'NONE', #809, 1000.000000000000000 ) ;
#677 = CARTESIAN_POINT ( 'NONE',  ( 2.050000000000000711, -7.144210748181505359E-13, -7.331869361742500146 ) ) ;
#678 = CARTESIAN_POINT ( 'NONE',  ( 2.050000000000000711, 5.928977554213588519, 4.876006447783609588 ) ) ;
#679 = AXIS2_PLACEMENT_3D ( 'NONE', #2488, #753, #1063 ) ;
#680 = VECTOR ( 'NONE', #2665, 1000.000000000000000 ) ;
#681 = EDGE_CURVE ( 'NONE', #2887, #2972, #3210, .T. ) ;
#682 = PRESENTATION_LAYER_ASSIGNMENT (  '', '', ( #3278 ) ) ;
#683 = ORIENTED_EDGE ( 'NONE', *, *, #2935, .F. ) ;
#684 = AXIS2_PLACEMENT_3D ( 'NONE', #1960, #3430, #1439 ) ;
#685 = DIRECTION ( 'NONE',  ( 1.000000000000000000, -0.000000000000000000, -0.000000000000000000 ) ) ;
#686 =( LENGTH_UNIT ( ) NAMED_UNIT ( * ) SI_UNIT ( .MILLI., .METRE. ) );
#687 = STYLED_ITEM ( 'NONE', ( #2636 ), #1809 ) ;
#688 = ORIENTED_EDGE ( 'NONE', *, *, #2389, .F. ) ;
#689 = EDGE_CURVE ( 'NONE', #3072, #585, #3029, .T. ) ;
#690 = LINE ( 'NONE', #40, #3653 ) ;
#691 = CIRCLE ( 'NONE', #2911, 4.184091487287177280 ) ;
#692 = CARTESIAN_POINT ( 'NONE',  ( 1.650000000000000355, -9.285440802553122097, 0.1854161890231912080 ) ) ;
#693 = DIRECTION ( 'NONE',  ( 0.000000000000000000, 0.000000000000000000, 1.000000000000000000 ) ) ;
#694 = CARTESIAN_POINT ( 'NONE',  ( 2.150000000000000355, -10.25180097398211387, 3.435284977019530839 ) ) ;
#695 = ORIENTED_EDGE ( 'NONE', *, *, #1419, .T. ) ;
#696 = CARTESIAN_POINT ( 'NONE',  ( 1.950000000000000622, -5.928977554212579548, 4.876006447783624687 ) ) ;
#697 = CARTESIAN_POINT ( 'NONE',  ( 5.299999999999999822, -16.54823760898545260, -15.79824264525601940 ) ) ;
#698 = DIRECTION ( 'NONE',  ( 0.000000000000000000, 0.000000000000000000, -1.000000000000000000 ) ) ;
#699 = AXIS2_PLACEMENT_3D ( 'NONE', #3684, #999, #693 ) ;
#700 =( NAMED_UNIT ( * ) PLANE_ANGLE_UNIT ( ) SI_UNIT ( $, .RADIAN. ) );
#701 = CARTESIAN_POINT ( 'NONE',  ( 0.000000000000000000, 0.000000000000000000, 0.000000000000000000 ) ) ;
#702 = CARTESIAN_POINT ( 'NONE',  ( 5.500000000000000000, 7.110437594893964430, 5.760111807056183864 ) ) ;
#703 = CARTESIAN_POINT ( 'NONE',  ( 5.299999999999999822, 2.423399302453010939, 6.236528584035477607 ) ) ;
#704 = EDGE_LOOP ( 'NONE', ( #1151, #3824, #1249, #1084 ) ) ;
#705 = EDGE_CURVE ( 'NONE', #1677, #1855, #1460, .T. ) ;
#706 = ORIENTED_EDGE ( 'NONE', *, *, #32, .T. ) ;
#707 = CARTESIAN_POINT ( 'NONE',  ( 1.650000000000000355, -10.35488195793776889, 1.261700693355273684 ) ) ;
#708 = CARTESIAN_POINT ( 'NONE',  ( 2.150000000000000355, -10.64907378136503979, 1.870249631070778573 ) ) ;
#709 = EDGE_CURVE ( 'NONE', #1783, #827, #1897, .T. ) ;
#710 = ORIENTED_EDGE ( 'NONE', *, *, #516, .F. ) ;
#711 = CARTESIAN_POINT ( 'NONE',  ( 2.150000000000000355, -7.354043962616000130, -0.9919590187289638594 ) ) ;
#712 = CYLINDRICAL_SURFACE ( 'NONE', #1232, 1.052971106430999226 ) ;
#713 = DIRECTION ( 'NONE',  ( 1.000000000000000000, 0.000000000000000000, 0.000000000000000000 ) ) ;
#714 = FACE_BOUND ( 'NONE', #2764, .T. ) ;
#715 = LINE ( 'NONE', #91, #1635 ) ;
#716 = LINE ( 'NONE', #3083, #304 ) ;
#717 = DIRECTION ( 'NONE',  ( 0.000000000000000000, 0.000000000000000000, 1.000000000000000000 ) ) ;
#718 =( NAMED_UNIT ( * ) PLANE_ANGLE_UNIT ( ) SI_UNIT ( $, .RADIAN. ) );
#719 = UNCERTAINTY_MEASURE_WITH_UNIT (LENGTH_MEASURE( 1.000000000000000082E-05 ), #1113, 'distance_accuracy_value', 'NONE');
#720 = EDGE_LOOP ( 'NONE', ( #2571, #345 ) ) ;
#721 = AXIS2_PLACEMENT_3D ( 'NONE', #2101, #599, #1539 ) ;
#722 = ORIENTED_EDGE ( 'NONE', *, *, #3118, .T. ) ;
#723 = CARTESIAN_POINT ( 'NONE',  ( 2.150000000000000355, -9.668837783911170547, 1.308544543134313232 ) ) ;
#724 = CARTESIAN_POINT ( 'NONE',  ( 1.950000000000000622, -4.591491110451058510, -4.313723378086375959 ) ) ;
#725 = EDGE_LOOP ( 'NONE', ( #3624, #2576 ) ) ;
#726 = EDGE_CURVE ( 'NONE', #1324, #313, #1563, .T. ) ;
#727 = DIRECTION ( 'NONE',  ( 1.000000000000000000, 0.000000000000000000, -0.000000000000000000 ) ) ;
#728 = ADVANCED_FACE ( 'NONE', ( #3023 ), #960, .F. ) ;
#729 = FACE_BOUND ( 'NONE', #3752, .T. ) ;
#730 = FACE_OUTER_BOUND ( 'NONE', #661, .T. ) ;
#731 = FACE_OUTER_BOUND ( 'NONE', #720, .T. ) ;
#732 = CYLINDRICAL_SURFACE ( 'NONE', #1252, 18.12500000000002487 ) ;
#733 = EDGE_CURVE ( 'NONE', #2979, #3607, #1606, .T. ) ;
#734 = DIRECTION ( 'NONE',  ( 0.000000000000000000, 0.000000000000000000, 1.000000000000000000 ) ) ;
#735 = COLOUR_RGB ( '',1.000000000000000000, 1.000000000000000000, 1.000000000000000000 ) ;
#736 = CIRCLE ( 'NONE', #2232, 18.12500000000009948 ) ;
#737 = DIRECTION ( 'NONE',  ( -1.000000000000000000, 0.000000000000000000, 0.000000000000000000 ) ) ;
#738 = FACE_OUTER_BOUND ( 'NONE', #3011, .T. ) ;
#739 = ORIENTED_EDGE ( 'NONE', *, *, #2506, .F. ) ;
#740 = AXIS2_PLACEMENT_3D ( 'NONE', #324, #1477, #1220 ) ;
#741 = VERTEX_POINT ( 'NONE', #3544 ) ;
#742 = VECTOR ( 'NONE', #2252, 1000.000000000000000 ) ;
#743 = CARTESIAN_POINT ( 'NONE',  ( 1.650000000000000355, -10.71385798436978654, 1.373683719699525296 ) ) ;
#744 = SURFACE_SIDE_STYLE ('',( #2222 ) ) ;
#745 = AXIS2_PLACEMENT_3D ( 'NONE', #1188, #600, #1540 ) ;
#746 = CARTESIAN_POINT ( 'NONE',  ( 5.500000000000000000, 0.000000000000000000, 0.000000000000000000 ) ) ;
#747 = CARTESIAN_POINT ( 'NONE',  ( 5.500000000000000000, -1.518932010391072174, 4.635724392626428880 ) ) ;
#748 = DIRECTION ( 'NONE',  ( 0.000000000000000000, 1.000000000000000000, -1.224646799147353207E-16 ) ) ;
#749 = CYLINDRICAL_SURFACE ( 'NONE', #2045, 1.052971106430676596 ) ;
#750 = APPLICATION_CONTEXT ( 'automotive_design' ) ;
#751 = TOROIDAL_SURFACE ( 'NONE', #502, 6.049999999999999822, 0.2500000000000000000 ) ;
#752 = PLANE ( 'NONE',  #2247 ) ;
#753 = DIRECTION ( 'NONE',  ( -1.000000000000000000, -0.000000000000000000, 0.000000000000000000 ) ) ;
#754 = AXIS2_PLACEMENT_3D ( 'NONE', #1811, #1454, #44 ) ;
#755 = ADVANCED_FACE ( 'NONE', ( #1583 ), #3597, .F. ) ;
#756 = ADVANCED_FACE ( 'NONE', ( #2988 ), #1792, .T. ) ;
#757 = AXIS2_PLACEMENT_3D ( 'NONE', #2137, #312, #2152 ) ;
#758 = B_SPLINE_CURVE_WITH_KNOTS ( 'NONE', 3,
 ( #1433, #177, #461, #515, #497, #1693, #2531, #3746, #2877, #3713, #2310, #1729, #2862, #830 ),
 .UNSPECIFIED., .F., .F.,
 ( 4, 2, 2, 2, 2, 2, 4 ),
 ( 0.000000000000000000, 0.0003176482563413702957, 0.0006352965126827405913, 0.001270593025365480966, 0.001905889538048221666, 0.002223537794389590823, 0.002541186050730960197 ),
 .UNSPECIFIED. ) ;
#759 = CYLINDRICAL_SURFACE ( 'NONE', #2298, 1.052971106430117931 ) ;
#760 = ORIENTED_EDGE ( 'NONE', *, *, #2821, .T. ) ;
#761 = CIRCLE ( 'NONE', #1442, 10.81205836478311966 ) ;
#762 = CYLINDRICAL_SURFACE ( 'NONE', #3416, 1.052971106430062420 ) ;
#763 = VERTEX_POINT ( 'NONE', #14 ) ;
#764 = VERTEX_POINT ( 'NONE', #3332 ) ;
#765 = ORIENTED_EDGE ( 'NONE', *, *, #733, .T. ) ;
#766 = CARTESIAN_POINT ( 'NONE',  ( 5.299999999999999822, -22.87250240470640961, -0.5265666040589362940 ) ) ;
#767 = DIRECTION ( 'NONE',  ( 0.000000000000000000, 0.000000000000000000, -1.000000000000000000 ) ) ;
#768 = ORIENTED_EDGE ( 'NONE', *, *, #943, .T. ) ;
#769 = DIRECTION ( 'NONE',  ( -1.000000000000000000, -0.000000000000000000, 0.000000000000000000 ) ) ;
#770 = FACE_OUTER_BOUND ( 'NONE', #3324, .T. ) ;
#771 = CARTESIAN_POINT ( 'NONE',  ( 2.150000000000000355, 0.000000000000000000, 0.000000000000000000 ) ) ;
#772 = CARTESIAN_POINT ( 'NONE',  ( 1.950000000000000622, 8.384840468173806016, -1.052971106429616555 ) ) ;
#773 = CARTESIAN_POINT ( 'NONE',  ( 1.850000000000000977, -9.579704966381692444, -0.8411611980497615271 ) ) ;
#774 = DIRECTION ( 'NONE',  ( 0.000000000000000000, 0.000000000000000000, 1.000000000000000000 ) ) ;
#775 = EDGE_CURVE ( 'NONE', #1172, #1744, #2841, .T. ) ;
#776 =( NAMED_UNIT ( * ) SI_UNIT ( $, .STERADIAN. ) SOLID_ANGLE_UNIT ( ) );
#777 = ADVANCED_FACE ( 'NONE', ( #621 ), #1834, .F. ) ;
#778 = DIRECTION ( 'NONE',  ( 0.000000000000000000, 0.000000000000000000, -1.000000000000000000 ) ) ;
#779 = ORIENTED_EDGE ( 'NONE', *, *, #1876, .F. ) ;
#780 = ORIENTED_EDGE ( 'NONE', *, *, #3638, .T. ) ;
#781 = CARTESIAN_POINT ( 'NONE',  ( 5.299999999999999822, 5.335258417257366048, -4.037594652724951771 ) ) ;
#782 = CARTESIAN_POINT ( 'NONE',  ( 3.299999999999998934, 0.000000000000000000, 0.000000000000000000 ) ) ;
#783 = CARTESIAN_POINT ( 'NONE',  ( 2.150000000000000355, 0.000000000000000000, -2.735978542277934356 ) ) ;
#784 = VERTEX_POINT ( 'NONE', #2450 ) ;
#785 = FILL_AREA_STYLE ('',( #3167 ) ) ;
#786 = DIRECTION ( 'NONE',  ( 1.000000000000000000, 0.000000000000000000, -0.000000000000000000 ) ) ;
#787 = AXIS2_PLACEMENT_3D ( 'NONE', #937, #613, #2701 ) ;
#788 = DIRECTION ( 'NONE',  ( 1.000000000000000000, 0.000000000000000000, 0.000000000000000000 ) ) ;
#789 = CARTESIAN_POINT ( 'NONE',  ( 1.850000000000000533, -7.354043962616000130, -0.9919590187289638594 ) ) ;
#790 = AXIS2_PLACEMENT_3D ( 'NONE', #2272, #2846, #2878 ) ;
#791 = DIRECTION ( 'NONE',  ( -1.000000000000000000, 0.000000000000000000, 0.000000000000000000 ) ) ;
#792 = VERTEX_POINT ( 'NONE', #674 ) ;
#793 = STYLED_ITEM ( 'NONE', ( #1570 ), #491 ) ;
#794 = CARTESIAN_POINT ( 'NONE',  ( 5.500000000000000000, -16.54823760898545260, -15.79824264525601940 ) ) ;
#795 = ORIENTED_EDGE ( 'NONE', *, *, #1961, .T. ) ;
#796 = PRESENTATION_LAYER_ASSIGNMENT (  '', '', ( #1980 ) ) ;
#797 = ORIENTED_EDGE ( 'NONE', *, *, #172, .F. ) ;
#798 = CARTESIAN_POINT ( 'NONE',  ( 5.299999999999999822, 3.594359630629951230, -8.415330633218612633 ) ) ;
#799 = CARTESIAN_POINT ( 'NONE',  ( 5.299999999999999822, -7.486086856510516974, 5.262671792679411986 ) ) ;
#800 = AXIS2_PLACEMENT_3D ( 'NONE', #653, #2143, #1329 ) ;
#801 = MECHANICAL_DESIGN_GEOMETRIC_PRESENTATION_REPRESENTATION (  '', ( #2053 ), #2792 ) ;
#802 = EDGE_CURVE ( 'NONE', #2477, #19, #2583, .T. ) ;
#803 = FACE_OUTER_BOUND ( 'NONE', #2735, .T. ) ;
#804 = ORIENTED_EDGE ( 'NONE', *, *, #1010, .F. ) ;
#805 = DIRECTION ( 'NONE',  ( -1.000000000000000000, 0.000000000000000000, 0.000000000000000000 ) ) ;
#806 = VERTEX_POINT ( 'NONE', #905 ) ;
#807 = VECTOR ( 'NONE', #2007, 1000.000000000000000 ) ;
#808 = EDGE_CURVE ( 'NONE', #2694, #2922, #360, .T. ) ;
#809 = DIRECTION ( 'NONE',  ( 1.000000000000000000, -0.000000000000000000, -0.000000000000000000 ) ) ;
#810 = AXIS2_PLACEMENT_3D ( 'NONE', #1143, #3734, #3155 ) ;
#811 = FILL_AREA_STYLE ('',( #1657 ) ) ;
#812 = DIRECTION ( 'NONE',  ( 1.000000000000000000, -0.000000000000000000, -0.000000000000000000 ) ) ;
#813 = PLANE ( 'NONE',  #551 ) ;
#814 = DIRECTION ( 'NONE',  ( 0.000000000000000000, 0.000000000000000000, 1.000000000000000000 ) ) ;
#815 = CIRCLE ( 'NONE', #1312, 18.12500000000002132 ) ;
#816 = CARTESIAN_POINT ( 'NONE',  ( 2.050000000000000711, -7.142921230486420535E-13, -9.437811574603687248 ) ) ;
#817 = FACE_OUTER_BOUND ( 'NONE', #1470, .T. ) ;
#818 = CIRCLE ( 'NONE', #2923, 11.49999999999999822 ) ;
#819 = ORIENTED_EDGE ( 'NONE', *, *, #2234, .T. ) ;
#820 = VECTOR ( 'NONE', #627, 1000.000000000000000 ) ;
#821 = ORIENTED_EDGE ( 'NONE', *, *, #1325, .T. ) ;
#822 = DIRECTION ( 'NONE',  ( 1.000000000000000000, -0.000000000000000000, -0.000000000000000000 ) ) ;
#823 = CARTESIAN_POINT ( 'NONE',  ( 5.299999999999999822, -13.34983580164557004, -5.188333195219830607 ) ) ;
#824 = ADVANCED_FACE ( 'NONE', ( #3575, #924, #2129, #2230, #1919, #3711, #2827, #397, #2529, #3387, #474, #3404, #3063, #3657, #1059, #714, #460, #1602, #731 ), #1656, .T. ) ;
#825 = FACE_OUTER_BOUND ( 'NONE', #3557, .T. ) ;
#826 = CARTESIAN_POINT ( 'NONE',  ( 2.050000000000000711, -5.928977554213589407, -5.928977554211866341 ) ) ;
#827 = VERTEX_POINT ( 'NONE', #1890 ) ;
#828 = EDGE_CURVE ( 'NONE', #1209, #1995, #3640, .T. ) ;
#829 = CARTESIAN_POINT ( 'NONE',  ( 0.2500000000000000000, 7.715274834628325378E-16, -6.299999999999999822 ) ) ;
#830 = CARTESIAN_POINT ( 'NONE',  ( 1.650000000000000355, -10.25282327136967453, -1.103704074810788471 ) ) ;
#831 = LINE ( 'NONE', #3427, #1162 ) ;
#832 = FACE_OUTER_BOUND ( 'NONE', #2155, .T. ) ;
#833 = DIRECTION ( 'NONE',  ( 1.000000000000000000, 0.000000000000000000, -0.000000000000000000 ) ) ;
#834 = CARTESIAN_POINT ( 'NONE',  ( 2.050000000000000711, 8.384840468173806016, 0.000000000000000000 ) ) ;
#835 = PLANE ( 'NONE',  #428 ) ;
#836 = VERTEX_POINT ( 'NONE', #772 ) ;
#837 = ORIENTED_EDGE ( 'NONE', *, *, #1280, .F. ) ;
#838 = DIRECTION ( 'NONE',  ( 1.000000000000000000, -0.000000000000000000, -0.000000000000000000 ) ) ;
#839 = CARTESIAN_POINT ( 'NONE',  ( 0.000000000000000000, 0.000000000000000000, 11.15774183861788593 ) ) ;
#840 = ORIENTED_EDGE ( 'NONE', *, *, #173, .F. ) ;
#841 = PLANE ( 'NONE',  #440 ) ;
#842 = EDGE_CURVE ( 'NONE', #2294, #2299, #3759, .T. ) ;
#843 =( NAMED_UNIT ( * ) SI_UNIT ( $, .STERADIAN. ) SOLID_ANGLE_UNIT ( ) );
#844 = EDGE_LOOP ( 'NONE', ( #3177, #2919, #1219, #2619 ) ) ;
#845 = EDGE_CURVE ( 'NONE', #1825, #894, #3091, .T. ) ;
#846 =( LENGTH_UNIT ( ) NAMED_UNIT ( * ) SI_UNIT ( .MILLI., .METRE. ) );
#847 = DIRECTION ( 'NONE',  ( 1.000000000000000000, 0.000000000000000000, 0.000000000000000000 ) ) ;
#848 = CARTESIAN_POINT ( 'NONE',  ( 5.999999999999999112, 11.15774183861788593, 0.000000000000000000 ) ) ;
#849 = LINE ( 'NONE', #1715, #2112 ) ;
#850 = ADVANCED_FACE ( 'NONE', ( #1619 ), #749, .F. ) ;
#851 = ORIENTED_EDGE ( 'NONE', *, *, #516, .T. ) ;
#852 = VECTOR ( 'NONE', #812, 1000.000000000000000 ) ;
#853 = EDGE_LOOP ( 'NONE', ( #3197, #1212 ) ) ;
#854 = CARTESIAN_POINT ( 'NONE',  ( 0.000000000000000000, 0.000000000000000000, 0.000000000000000000 ) ) ;
#855 = DIRECTION ( 'NONE',  ( 0.000000000000000000, 0.000000000000000000, -1.000000000000000000 ) ) ;
#856 = ORIENTED_EDGE ( 'NONE', *, *, #963, .T. ) ;
#857 = CIRCLE ( 'NONE', #1044, 18.12500000000009592 ) ;
#858 = PRESENTATION_LAYER_ASSIGNMENT (  '', '', ( #294 ) ) ;
#859 =( LENGTH_UNIT ( ) NAMED_UNIT ( * ) SI_UNIT ( .MILLI., .METRE. ) );
#860 = FILL_AREA_STYLE ('',( #1074 ) ) ;
#861 = CIRCLE ( 'NONE', #3521, 1.052971106429683390 ) ;
#862 = ORIENTED_EDGE ( 'NONE', *, *, #689, .F. ) ;
#863 = AXIS2_PLACEMENT_3D ( 'NONE', #1562, #639, #2404 ) ;
#864 = DIRECTION ( 'NONE',  ( 1.000000000000000000, -0.000000000000000000, -0.000000000000000000 ) ) ;
#865 = ORIENTED_EDGE ( 'NONE', *, *, #3027, .F. ) ;
#866 = AXIS2_PLACEMENT_3D ( 'NONE', #620, #1203, #1814 ) ;
#867 = DIRECTION ( 'NONE',  ( 1.000000000000000000, -0.000000000000000000, -0.000000000000000000 ) ) ;
#868 = DIRECTION ( 'NONE',  ( -1.000000000000000000, 0.000000000000000000, 0.000000000000000000 ) ) ;
#869 =( GEOMETRIC_REPRESENTATION_CONTEXT ( 3 ) GLOBAL_UNCERTAINTY_ASSIGNED_CONTEXT ( ( #3697 ) ) GLOBAL_UNIT_ASSIGNED_CONTEXT ( ( #1532, #2936, #3203 ) ) REPRESENTATION_CONTEXT ( 'NONE', 'WORKASPACE' ) );
#870 = DIRECTION ( 'NONE',  ( -1.000000000000000000, 0.000000000000000000, 0.000000000000000000 ) ) ;
#871 = AXIS2_PLACEMENT_3D ( 'NONE', #3556, #1480, #3025 ) ;
#872 = ADVANCED_FACE ( 'NONE', ( #3131 ), #3079, .T. ) ;
#873 = DIRECTION ( 'NONE',  ( 0.000000000000000000, 0.000000000000000000, 1.000000000000000000 ) ) ;
#874 = EDGE_CURVE ( 'NONE', #2931, #2219, #3117, .T. ) ;
#875 = EDGE_LOOP ( 'NONE', ( #285, #3780 ) ) ;
#876 = ORIENTED_EDGE ( 'NONE', *, *, #168, .T. ) ;
#877 = AXIS2_PLACEMENT_3D ( 'NONE', #2036, #476, #3770 ) ;
#878 = CARTESIAN_POINT ( 'NONE',  ( 1.950000000000000622, -4.591491110451057622, -4.313723378086375959 ) ) ;
#879 = DIRECTION ( 'NONE',  ( 0.000000000000000000, 0.000000000000000000, -1.000000000000000000 ) ) ;
#880 = ORIENTED_EDGE ( 'NONE', *, *, #3636, .F. ) ;
#881 = COLOUR_RGB ( '',0.5019607843137254832, 0.5019607843137254832, 0.5019607843137254832 ) ;
#882 = ORIENTED_EDGE ( 'NONE', *, *, #172, .T. ) ;
#883 = ORIENTED_EDGE ( 'NONE', *, *, #1061, .T. ) ;
#884 = CARTESIAN_POINT ( 'NONE',  ( 1.650000000000000355, -10.60922422940714505, -1.344704530262076592 ) ) ;
#885 = LINE ( 'NONE', #3264, #1297 ) ;
#886 = ORIENTED_EDGE ( 'NONE', *, *, #802, .F. ) ;
#887 = FACE_OUTER_BOUND ( 'NONE', #1068, .T. ) ;
#888 = DIRECTION ( 'NONE',  ( 0.000000000000000000, 0.000000000000000000, -1.000000000000000000 ) ) ;
#889 = FILL_AREA_STYLE_COLOUR ( '', #2177 ) ;
#890 = CARTESIAN_POINT ( 'NONE',  ( 1.850000000000000533, -10.25180097398211387, 3.435284977019530839 ) ) ;
#891 = EDGE_CURVE ( 'NONE', #2246, #741, #2214, .T. ) ;
#892 = ORIENTED_EDGE ( 'NONE', *, *, #1525, .T. ) ;
#893 = EDGE_CURVE ( 'NONE', #1269, #660, #2345, .T. ) ;
#894 = VERTEX_POINT ( 'NONE', #496 ) ;
#895 = VERTEX_POINT ( 'NONE', #2330 ) ;
#896 = DIRECTION ( 'NONE',  ( 0.000000000000000000, 0.000000000000000000, -1.000000000000000000 ) ) ;
#897 = EDGE_LOOP ( 'NONE', ( #2642, #277, #1760, #1828 ) ) ;
#898 = DIRECTION ( 'NONE',  ( 1.000000000000000000, -0.000000000000000000, -0.000000000000000000 ) ) ;
#899 = CARTESIAN_POINT ( 'NONE',  ( 1.850000000000000533, 0.000000000000000000, -2.735978542277934356 ) ) ;
#900 = ADVANCED_FACE ( 'NONE', ( #1728 ), #1769, .T. ) ;
#901 = ORIENTED_EDGE ( 'NONE', *, *, #485, .T. ) ;
#902 = CARTESIAN_POINT ( 'NONE',  ( 5.299999999999999822, -13.36100517225374418, 5.159501726185403037 ) ) ;
#903 = CARTESIAN_POINT ( 'NONE',  ( 2.050000000000000711, 5.928977554213588519, 4.876006447783609588 ) ) ;
#904 = CARTESIAN_POINT ( 'NONE',  ( 1.850000000000000533, -9.665931404538287808, -0.9919590187289638594 ) ) ;
#905 = CARTESIAN_POINT ( 'NONE',  ( 2.150000000000000355, -6.577595489659614714, 3.435284977019530839 ) ) ;
#906 = CARTESIAN_POINT ( 'NONE',  ( 1.850000000000000533, -6.897852326276728618, -2.735978542277934356 ) ) ;
#907 = CIRCLE ( 'NONE', #3388, 1.052971106429616555 ) ;
#908 = ORIENTED_EDGE ( 'NONE', *, *, #874, .F. ) ;
#909 = EDGE_LOOP ( 'NONE', ( #2378, #1127 ) ) ;
#910 = VERTEX_POINT ( 'NONE', #3230 ) ;
#911 = AXIS2_PLACEMENT_3D ( 'NONE', #1386, #2812, #3740 ) ;
#912 = LINE ( 'NONE', #3303, #3569 ) ;
#913 = DIRECTION ( 'NONE',  ( 0.000000000000000000, 0.000000000000000000, 1.000000000000000000 ) ) ;
#914 = ORIENTED_EDGE ( 'NONE', *, *, #2160, .T. ) ;
#915 = DIRECTION ( 'NONE',  ( -1.000000000000000000, -0.000000000000000000, -0.000000000000000000 ) ) ;
#916 = CARTESIAN_POINT ( 'NONE',  ( 4.649999999999998579, 0.000000000000000000, 0.000000000000000000 ) ) ;
#917 = AXIS2_PLACEMENT_3D ( 'NONE', #142, #416, #2501 ) ;
#918 = EDGE_CURVE ( 'NONE', #764, #2561, #1691, .T. ) ;
#919 = SURFACE_STYLE_USAGE ( .BOTH. , #339 ) ;
#920 = ORIENTED_EDGE ( 'NONE', *, *, #3036, .T. ) ;
#921 = DIRECTION ( 'NONE',  ( -1.000000000000000000, -0.000000000000000000, 0.000000000000000000 ) ) ;
#922 = AXIS2_PLACEMENT_3D ( 'NONE', #2960, #2141, #295 ) ;
#923 = PLANE ( 'NONE',  #554 ) ;
#924 = FACE_BOUND ( 'NONE', #875, .T. ) ;
#925 = DIRECTION ( 'NONE',  ( 0.000000000000000000, 0.000000000000000000, 1.000000000000000000 ) ) ;
#926 =( GEOMETRIC_REPRESENTATION_CONTEXT ( 3 ) GLOBAL_UNCERTAINTY_ASSIGNED_CONTEXT ( ( #3666 ) ) GLOBAL_UNIT_ASSIGNED_CONTEXT ( ( #1938, #3710, #3062 ) ) REPRESENTATION_CONTEXT ( 'NONE', 'WORKASPACE' ) );
#927 = DIRECTION ( 'NONE',  ( 0.000000000000000000, 0.000000000000000000, 1.000000000000000000 ) ) ;
#928 = CIRCLE ( 'NONE', #2239, 6.299999999999999822 ) ;
#929 = CIRCLE ( 'NONE', #2489, 11.15774183861788593 ) ;
#930 = ORIENTED_EDGE ( 'NONE', *, *, #2073, .T. ) ;
#931 = EDGE_LOOP ( 'NONE', ( #2745, #1445 ) ) ;
#932 = CARTESIAN_POINT ( 'NONE',  ( 1.850000000000000533, -5.875128798320044865, -4.533079185507027375 ) ) ;
#933 = DIRECTION ( 'NONE',  ( 0.000000000000000000, 0.000000000000000000, -1.000000000000000000 ) ) ;
#934 = VERTEX_POINT ( 'NONE', #829 ) ;
#935 = FACE_OUTER_BOUND ( 'NONE', #2117, .T. ) ;
#936 = VECTOR ( 'NONE', #3793, 1000.000000000000000 ) ;
#937 = CARTESIAN_POINT ( 'NONE',  ( 5.500000000000000000, 14.07588320110654401, 2.646966071613908955 ) ) ;
#938 = LINE ( 'NONE', #2685, #680 ) ;
#939 = ORIENTED_EDGE ( 'NONE', *, *, #1305, .T. ) ;
#940 = AXIS2_PLACEMENT_3D ( 'NONE', #2436, #606, #287 ) ;
#941 = ADVANCED_FACE ( 'NONE', ( #1139 ), #2017, .F. ) ;
#942 = DIRECTION ( 'NONE',  ( 1.000000000000000000, 0.000000000000000000, -0.000000000000000000 ) ) ;
#943 = EDGE_CURVE ( 'NONE', #955, #2871, #2034, .T. ) ;
#944 = EDGE_CURVE ( 'NONE', #1383, #2174, #575, .T. ) ;
#945 = CYLINDRICAL_SURFACE ( 'NONE', #3514, 1.052971106429683390 ) ;
#946 = DIRECTION ( 'NONE',  ( 1.000000000000000000, 0.000000000000000000, 0.000000000000000000 ) ) ;
#947 = DIRECTION ( 'NONE',  ( 1.000000000000000000, 0.000000000000000000, 0.000000000000000000 ) ) ;
#948 = DIRECTION ( 'NONE',  ( 0.000000000000000000, 0.000000000000000000, 1.000000000000000000 ) ) ;
#949 = CARTESIAN_POINT ( 'NONE',  ( 1.950000000000000622, 5.928977554213588519, 5.928977554213292755 ) ) ;
#950 = ORIENTED_EDGE ( 'NONE', *, *, #1157, .F. ) ;
#951 = CARTESIAN_POINT ( 'NONE',  ( 5.299999999999999822, 4.614748966005811859, -1.581514172347451508 ) ) ;
#952 = UNCERTAINTY_MEASURE_WITH_UNIT (LENGTH_MEASURE( 1.000000000000000082E-05 ), #2918, 'distance_accuracy_value', 'NONE');
#953 = EDGE_LOOP ( 'NONE', ( #1845, #1224, #563, #2759, #593 ) ) ;
#954 = DIRECTION ( 'NONE',  ( -1.000000000000000000, -0.000000000000000000, -0.000000000000000000 ) ) ;
#955 = VERTEX_POINT ( 'NONE', #1452 ) ;
#956 = DIRECTION ( 'NONE',  ( -1.000000000000000000, 0.000000000000000000, 0.000000000000000000 ) ) ;
#957 =( NAMED_UNIT ( * ) SI_UNIT ( $, .STERADIAN. ) SOLID_ANGLE_UNIT ( ) );
#958 = EDGE_CURVE ( 'NONE', #1995, #2979, #2622, .T. ) ;
#959 = FACE_OUTER_BOUND ( 'NONE', #3060, .T. ) ;
#960 = PLANE ( 'NONE',  #2452 ) ;
#961 = CARTESIAN_POINT ( 'NONE',  ( 5.299999999999999822, 6.662913474381215728, 0.6105219009486387849 ) ) ;
#962 = CARTESIAN_POINT ( 'NONE',  ( 2.050000000000000711, 8.384840468173806016, 0.000000000000000000 ) ) ;
#963 = EDGE_CURVE ( 'NONE', #1453, #2657, #481, .T. ) ;
#964 = DIRECTION ( 'NONE',  ( -1.000000000000000000, 0.000000000000000000, 0.000000000000000000 ) ) ;
#965 = ORIENTED_EDGE ( 'NONE', *, *, #828, .F. ) ;
#966 = CYLINDRICAL_SURFACE ( 'NONE', #672, 18.12500000000002487 ) ;
#967 = CARTESIAN_POINT ( 'NONE',  ( 2.050000000000000711, -7.144210748181505359E-13, -8.384840468173093697 ) ) ;
#968 = AXIS2_PLACEMENT_3D ( 'NONE', #916, #2343, #2399 ) ;
#969 = ORIENTED_EDGE ( 'NONE', *, *, #893, .T. ) ;
#970 = CARTESIAN_POINT ( 'NONE',  ( 5.500000000000000000, 0.000000000000000000, 0.000000000000000000 ) ) ;
#971 = DIRECTION ( 'NONE',  ( -1.000000000000000000, 0.000000000000000000, 0.000000000000000000 ) ) ;
#972 = DIRECTION ( 'NONE',  ( 0.000000000000000000, 0.000000000000000000, -1.000000000000000000 ) ) ;
#973 = VERTEX_POINT ( 'NONE', #1076 ) ;
#974 = CIRCLE ( 'NONE', #289, 1.052971106430117931 ) ;
#975 = VECTOR ( 'NONE', #2228, 1000.000000000000000 ) ;
#976 = CARTESIAN_POINT ( 'NONE',  ( 2.050000000000000711, 8.384840468173806016, -1.052971106429616555 ) ) ;
#977 = CIRCLE ( 'NONE', #2651, 18.12500000000002132 ) ;
#978 = DIRECTION ( 'NONE',  ( 0.000000000000000000, -0.9857111712149919658, -0.1684443140683847262 ) ) ;
#979 = CARTESIAN_POINT ( 'NONE',  ( 5.299999999999999822, 22.57981094587442072, -3.685210481142762617 ) ) ;
#980 = AXIS2_PLACEMENT_3D ( 'NONE', #1773, #2901, #1414 ) ;
#981 = STYLED_ITEM ( 'NONE', ( #3213 ), #1185 ) ;
#982 = CARTESIAN_POINT ( 'NONE',  ( 5.500000000000000000, -8.881664427588980004, 2.203008809875770080 ) ) ;
#983 = CARTESIAN_POINT ( 'NONE',  ( 5.299999999999999822, -6.397968129008065219, 12.81416876335214816 ) ) ;
#984 = CIRCLE ( 'NONE', #3643, 6.049999999999999822 ) ;
#985 = CIRCLE ( 'NONE', #3149, 18.12500000000002132 ) ;
#986 = EDGE_CURVE ( 'NONE', #2392, #2718, #2229, .T. ) ;
#987 = VECTOR ( 'NONE', #1864, 1000.000000000000227 ) ;
#988 = AXIS2_PLACEMENT_3D ( 'NONE', #675, #2690, #3576 ) ;
#989 = EDGE_CURVE ( 'NONE', #469, #3305, #977, .T. ) ;
#990 = DIRECTION ( 'NONE',  ( 1.000000000000000000, 0.000000000000000000, -0.000000000000000000 ) ) ;
#991 = DIRECTION ( 'NONE',  ( 1.000000000000000000, -0.000000000000000000, -0.000000000000000000 ) ) ;
#992 = AXIS2_PLACEMENT_3D ( 'NONE', #2998, #915, #337 ) ;
#993 = UNCERTAINTY_MEASURE_WITH_UNIT (LENGTH_MEASURE( 1.000000000000000082E-05 ), #1202, 'distance_accuracy_value', 'NONE');
#994 = VERTEX_POINT ( 'NONE', #210 ) ;
#995 =( NAMED_UNIT ( * ) SI_UNIT ( $, .STERADIAN. ) SOLID_ANGLE_UNIT ( ) );
#996 = AXIS2_PLACEMENT_3D ( 'NONE', #2797, #421, #734 ) ;
#997 = EDGE_LOOP ( 'NONE', ( #185, #2637, #1573, #1722 ) ) ;
#998 = SURFACE_STYLE_FILL_AREA ( #3112 ) ;
#999 = DIRECTION ( 'NONE',  ( -1.000000000000000000, 0.000000000000000000, 0.000000000000000000 ) ) ;
#1000 = ORIENTED_EDGE ( 'NONE', *, *, #1961, .F. ) ;
#1001 = AXIS2_PLACEMENT_3D ( 'NONE', #1267, #1041, #2451 ) ;
#1002 = CARTESIAN_POINT ( 'NONE',  ( 5.299999999999999822, -1.236177203939454516, -6.575638286821054557 ) ) ;
#1003 = DIRECTION ( 'NONE',  ( 0.000000000000000000, 0.000000000000000000, 1.000000000000000000 ) ) ;
#1004 = AXIS2_PLACEMENT_3D ( 'NONE', #3670, #122, #101 ) ;
#1005 = DIRECTION ( 'NONE',  ( 1.000000000000000000, 0.000000000000000000, 0.000000000000000000 ) ) ;
#1006 = ADVANCED_FACE ( 'NONE', ( #1409 ), #2580, .F. ) ;
#1007 = FACE_OUTER_BOUND ( 'NONE', #2724, .T. ) ;
#1008 = VECTOR ( 'NONE', #2380, 1000.000000000000000 ) ;
#1009 = DIRECTION ( 'NONE',  ( 1.000000000000000000, -0.000000000000000000, -0.000000000000000000 ) ) ;
#1010 = EDGE_CURVE ( 'NONE', #2364, #2922, #3609, .T. ) ;
#1011 = FILL_AREA_STYLE_COLOUR ( '', #1941 ) ;
#1012 = VERTEX_POINT ( 'NONE', #2363 ) ;
#1013 = EDGE_CURVE ( 'NONE', #994, #1328, #3567, .T. ) ;
#1014 = EDGE_CURVE ( 'NONE', #1166, #3396, #885, .T. ) ;
#1015 = ORIENTED_EDGE ( 'NONE', *, *, #3076, .T. ) ;
#1016 = VERTEX_POINT ( 'NONE', #3289 ) ;
#1017 = CARTESIAN_POINT ( 'NONE',  ( 1.650000000000000355, -9.668837808809845669, 1.308544528647390903 ) ) ;
#1018 = CYLINDRICAL_SURFACE ( 'NONE', #1695, 18.12500000000009948 ) ;
#1019 = ORIENTED_EDGE ( 'NONE', *, *, #3196, .T. ) ;
#1020 = EDGE_CURVE ( 'NONE', #1195, #524, #1866, .T. ) ;
#1021 = CARTESIAN_POINT ( 'NONE',  ( 5.299999999999999822, 4.874434071190314910, 0.1923215593919581634 ) ) ;
#1022 = DIRECTION ( 'NONE',  ( 1.000000000000000000, 0.000000000000000000, 0.000000000000000000 ) ) ;
#1023 = EDGE_CURVE ( 'NONE', #2536, #376, #2422, .T. ) ;
#1024 = CYLINDRICAL_SURFACE ( 'NONE', #2357, 18.12500000000002842 ) ;
#1025 = DIRECTION ( 'NONE',  ( -1.000000000000000000, -0.000000000000000000, -0.000000000000000000 ) ) ;
#1026 = DIRECTION ( 'NONE',  ( 1.000000000000000000, 0.000000000000000000, 0.000000000000000000 ) ) ;
#1027 = DIRECTION ( 'NONE',  ( 0.000000000000000000, 0.000000000000000000, 1.000000000000000000 ) ) ;
#1028 = ORIENTED_EDGE ( 'NONE', *, *, #1345, .T. ) ;
#1029 = CARTESIAN_POINT ( 'NONE',  ( 1.654740559539209066, -10.31922142287286803, -1.273341752614640887 ) ) ;
#1030 = DIRECTION ( 'NONE',  ( -1.000000000000000000, 0.000000000000000000, 0.000000000000000000 ) ) ;
#1031 = ORIENTED_EDGE ( 'NONE', *, *, #2720, .F. ) ;
#1032 = ORIENTED_EDGE ( 'NONE', *, *, #1997, .F. ) ;
#1033 = CARTESIAN_POINT ( 'NONE',  ( 2.150000000000000355, -9.460165035538954825, 0.9498986649310611208 ) ) ;
#1034 =( NAMED_UNIT ( * ) SI_UNIT ( $, .STERADIAN. ) SOLID_ANGLE_UNIT ( ) );
#1035 = MECHANICAL_DESIGN_GEOMETRIC_PRESENTATION_REPRESENTATION (  '', ( #2707 ), #2830 ) ;
#1036 = DIRECTION ( 'NONE',  ( 1.000000000000000000, 0.000000000000000000, 0.000000000000000000 ) ) ;
#1037 = DIRECTION ( 'NONE',  ( 0.000000000000000000, 0.000000000000000000, -1.000000000000000000 ) ) ;
#1038 = EDGE_CURVE ( 'NONE', #1963, #2931, #299, .T. ) ;
#1039 = SURFACE_STYLE_USAGE ( .BOTH. , #2750 ) ;
#1040 = CARTESIAN_POINT ( 'NONE',  ( 1.950000000000000844, 0.000000000000000000, 0.000000000000000000 ) ) ;
#1041 = DIRECTION ( 'NONE',  ( 1.000000000000000000, 0.000000000000000000, 0.000000000000000000 ) ) ;
#1042 = COLOUR_RGB ( '',0.5019607843137254832, 0.5019607843137254832, 0.5019607843137254832 ) ;
#1043 = DIRECTION ( 'NONE',  ( 0.000000000000000000, 0.000000000000000000, 1.000000000000000000 ) ) ;
#1044 = AXIS2_PLACEMENT_3D ( 'NONE', #1184, #519, #2370 ) ;
#1045 = COLOUR_RGB ( '',1.000000000000000000, 1.000000000000000000, 1.000000000000000000 ) ;
#1046 = FACE_OUTER_BOUND ( 'NONE', #3754, .T. ) ;
#1047 = SURFACE_STYLE_USAGE ( .BOTH. , #2166 ) ;
#1048 = ORIENTED_EDGE ( 'NONE', *, *, #2042, .T. ) ;
#1049 = CIRCLE ( 'NONE', #3218, 1.052971106430676596 ) ;
#1050 = CIRCLE ( 'NONE', #1564, 1.052971106430062420 ) ;
#1051 = EDGE_CURVE ( 'NONE', #894, #934, #938, .T. ) ;
#1052 =( GEOMETRIC_REPRESENTATION_CONTEXT ( 3 ) GLOBAL_UNCERTAINTY_ASSIGNED_CONTEXT ( ( #3365 ) ) GLOBAL_UNIT_ASSIGNED_CONTEXT ( ( #548, #1355, #995 ) ) REPRESENTATION_CONTEXT ( 'NONE', 'WORKASPACE' ) );
#1053 = DIRECTION ( 'NONE',  ( 0.000000000000000000, 0.000000000000000000, 1.000000000000000000 ) ) ;
#1054 = AXIS2_PLACEMENT_3D ( 'NONE', #2699, #80, #1234 ) ;
#1055 = CARTESIAN_POINT ( 'NONE',  ( 5.299999999999999822, -5.930951115646159622, -6.968574437036306080 ) ) ;
#1056 = CARTESIAN_POINT ( 'NONE',  ( 2.150000000000000355, 0.000000000000000000, 0.000000000000000000 ) ) ;
#1057 = DIRECTION ( 'NONE',  ( 0.000000000000000000, -0.1684443140683847540, 0.9857111712149920768 ) ) ;
#1058 = EDGE_CURVE ( 'NONE', #1591, #2149, #1103, .T. ) ;
#1059 = FACE_BOUND ( 'NONE', #2505, .T. ) ;
#1060 = VECTOR ( 'NONE', #1994, 1000.000000000000000 ) ;
#1061 = EDGE_CURVE ( 'NONE', #2591, #2294, #736, .T. ) ;
#1062 = LINE ( 'NONE', #2605, #936 ) ;
#1063 = DIRECTION ( 'NONE',  ( 0.000000000000000000, 0.000000000000000000, 1.000000000000000000 ) ) ;
#1064 = STYLED_ITEM ( 'NONE', ( #150 ), #3219 ) ;
#1065 = SURFACE_STYLE_USAGE ( .BOTH. , #1843 ) ;
#1066 = PRESENTATION_LAYER_ASSIGNMENT (  '', '', ( #2927 ) ) ;
#1067 = PRESENTATION_STYLE_ASSIGNMENT (( #2613 ) ) ;
#1068 = EDGE_LOOP ( 'NONE', ( #3489, #3585, #3789, #2438 ) ) ;
#1069 = ORIENTED_EDGE ( 'NONE', *, *, #3638, .F. ) ;
#1070 = FACE_OUTER_BOUND ( 'NONE', #3290, .T. ) ;
#1071 = DIRECTION ( 'NONE',  ( 0.000000000000000000, 0.000000000000000000, 1.000000000000000000 ) ) ;
#1072 = ORIENTED_EDGE ( 'NONE', *, *, #2796, .F. ) ;
#1073 = PLANE ( 'NONE',  #2056 ) ;
#1074 = FILL_AREA_STYLE_COLOUR ( '', #2733 ) ;
#1075 = CYLINDRICAL_SURFACE ( 'NONE', #3021, 1.052971106430117931 ) ;
#1076 = CARTESIAN_POINT ( 'NONE',  ( 1.950000000000000622, -7.142921230486420535E-13, -9.437811574603687248 ) ) ;
#1077 = CARTESIAN_POINT ( 'NONE',  ( 5.299999999999999822, -5.079471773621127006, 7.611581788410499705 ) ) ;
#1078 = DIRECTION ( 'NONE',  ( 0.000000000000000000, 0.000000000000000000, -1.000000000000000000 ) ) ;
#1079 = PLANE ( 'NONE',  #500 ) ;
#1080 = VERTEX_POINT ( 'NONE', #2095 ) ;
#1081 = ADVANCED_FACE ( 'NONE', ( #3308 ), #615, .F. ) ;
#1082 = FACE_OUTER_BOUND ( 'NONE', #248, .T. ) ;
#1083 = ORIENTED_EDGE ( 'NONE', *, *, #1368, .T. ) ;
#1084 = ORIENTED_EDGE ( 'NONE', *, *, #2645, .T. ) ;
#1085 = CARTESIAN_POINT ( 'NONE',  ( 5.299999999999999822, 0.006858573374207699302, 6.690822514354653805 ) ) ;
#1086 = LINE ( 'NONE', #3758, #253 ) ;
#1087 = ORIENTED_EDGE ( 'NONE', *, *, #113, .T. ) ;
#1088 = DIRECTION ( 'NONE',  ( -1.000000000000000000, 0.000000000000000000, 0.000000000000000000 ) ) ;
#1089 = COLOUR_RGB ( '',1.000000000000000000, 1.000000000000000000, 1.000000000000000000 ) ;
#1090 = PRESENTATION_STYLE_ASSIGNMENT (( #3655 ) ) ;
#1091 = ORIENTED_EDGE ( 'NONE', *, *, #560, .T. ) ;
#1092 = CYLINDRICAL_SURFACE ( 'NONE', #2886, 1.052971106430676596 ) ;
#1093 = DIRECTION ( 'NONE',  ( 1.000000000000000000, 0.000000000000000000, 0.000000000000000000 ) ) ;
#1094 = DIRECTION ( 'NONE',  ( 0.000000000000000000, 0.000000000000000000, 1.000000000000000000 ) ) ;
#1095 = DIRECTION ( 'NONE',  ( 0.000000000000000000, 0.000000000000000000, -1.000000000000000000 ) ) ;
#1096 = CARTESIAN_POINT ( 'NONE',  ( 5.299999999999999822, -5.079471773621127006, 7.611581788410499705 ) ) ;
#1097 = MECHANICAL_DESIGN_GEOMETRIC_PRESENTATION_REPRESENTATION (  '', ( #1735 ), #3755 ) ;
#1098 = ORIENTED_EDGE ( 'NONE', *, *, #3827, .F. ) ;
#1099 = CARTESIAN_POINT ( 'NONE',  ( 4.649999999999997691, 1.408343819019455979E-15, -11.49999999999999822 ) ) ;
#1100 = EDGE_CURVE ( 'NONE', #2922, #2694, #2587, .T. ) ;
#1101 = VERTEX_POINT ( 'NONE', #353 ) ;
#1102 = CIRCLE ( 'NONE', #3765, 10.81205836478312321 ) ;
#1103 = CIRCLE ( 'NONE', #232, 10.09481119847259123 ) ;
#1104 = ADVANCED_FACE ( 'NONE', ( #24 ), #667, .F. ) ;
#1105 = VERTEX_POINT ( 'NONE', #694 ) ;
#1106 =( NAMED_UNIT ( * ) SI_UNIT ( $, .STERADIAN. ) SOLID_ANGLE_UNIT ( ) );
#1107 = SURFACE_STYLE_USAGE ( .BOTH. , #3141 ) ;
#1108 = CIRCLE ( 'NONE', #1623, 10.81205836478311966 ) ;
#1109 = DIRECTION ( 'NONE',  ( 1.000000000000000000, 0.000000000000000000, 0.000000000000000000 ) ) ;
#1110 = AXIS2_PLACEMENT_3D ( 'NONE', #2575, #769, #190 ) ;
#1111 = DIRECTION ( 'NONE',  ( -1.000000000000000000, 0.000000000000000000, 0.000000000000000000 ) ) ;
#1112 = EDGE_LOOP ( 'NONE', ( #3602, #2512, #2455, #908 ) ) ;
#1113 =( LENGTH_UNIT ( ) NAMED_UNIT ( * ) SI_UNIT ( .MILLI., .METRE. ) );
#1114 = SURFACE_STYLE_FILL_AREA ( #1749 ) ;
#1115 = AXIS2_PLACEMENT_3D ( 'NONE', #642, #2084, #328 ) ;
#1116 = DIRECTION ( 'NONE',  ( 0.000000000000000000, 0.000000000000000000, -1.000000000000000000 ) ) ;
#1117 = SURFACE_SIDE_STYLE ('',( #1411 ) ) ;
#1118 = DIRECTION ( 'NONE',  ( 0.000000000000000000, 0.000000000000000000, -1.000000000000000000 ) ) ;
#1119 = AXIS2_PLACEMENT_3D ( 'NONE', #3658, #2731, #2487 ) ;
#1120 = DIRECTION ( 'NONE',  ( 0.000000000000000000, 0.000000000000000000, 1.000000000000000000 ) ) ;
#1121 = DIRECTION ( 'NONE',  ( 0.000000000000000000, 0.000000000000000000, -1.000000000000000000 ) ) ;
#1122 = FACE_OUTER_BOUND ( 'NONE', #1379, .T. ) ;
#1123 = AXIS2_PLACEMENT_3D ( 'NONE', #2193, #2207, #1612 ) ;
#1124 = EDGE_LOOP ( 'NONE', ( #882, #624, #862, #2985 ) ) ;
#1125 = CIRCLE ( 'NONE', #3663, 11.50000000000000000 ) ;
#1126 = ADVANCED_FACE ( 'NONE', ( #3626 ), #1275, .F. ) ;
#1127 = ORIENTED_EDGE ( 'NONE', *, *, #1661, .T. ) ;
#1128 = CARTESIAN_POINT ( 'NONE',  ( 2.050000000000000711, 8.384840468173806016, 0.000000000000000000 ) ) ;
#1129 = CARTESIAN_POINT ( 'NONE',  ( 0.000000000000000000, 0.000000000000000000, 0.000000000000000000 ) ) ;
#1130 = EDGE_CURVE ( 'NONE', #507, #934, #2417, .T. ) ;
#1131 = ORIENTED_EDGE ( 'NONE', *, *, #1395, .T. ) ;
#1132 = CARTESIAN_POINT ( 'NONE',  ( 1.950000000000000622, 5.928977554212578660, -6.981948660642938620 ) ) ;
#1133 = CARTESIAN_POINT ( 'NONE',  ( 1.850000000000000533, 0.000000000000000000, 0.000000000000000000 ) ) ;
#1134 = EDGE_LOOP ( 'NONE', ( #1474, #3783, #2961, #3239 ) ) ;
#1135 =( NAMED_UNIT ( * ) SI_UNIT ( $, .STERADIAN. ) SOLID_ANGLE_UNIT ( ) );
#1136 = VERTEX_POINT ( 'NONE', #2744 ) ;
#1137 =( LENGTH_UNIT ( ) NAMED_UNIT ( * ) SI_UNIT ( .MILLI., .METRE. ) );
#1138 = EDGE_CURVE ( 'NONE', #1012, #376, #3578, .T. ) ;
#1139 = FACE_OUTER_BOUND ( 'NONE', #2108, .T. ) ;
#1140 = CARTESIAN_POINT ( 'NONE',  ( 1.950000000000000622, -4.591491110451058510, 4.313723378086375959 ) ) ;
#1141 =( LENGTH_UNIT ( ) NAMED_UNIT ( * ) SI_UNIT ( .MILLI., .METRE. ) );
#1142 = CARTESIAN_POINT ( 'NONE',  ( 5.299999999999999822, 5.752892135880454560, 22.14346112771580977 ) ) ;
#1143 = CARTESIAN_POINT ( 'NONE',  ( 5.500000000000000000, -1.586087909947407670, -22.82351777846067264 ) ) ;
#1144 = ORIENTED_EDGE ( 'NONE', *, *, #657, .F. ) ;
#1145 =( NAMED_UNIT ( * ) SI_UNIT ( $, .STERADIAN. ) SOLID_ANGLE_UNIT ( ) );
#1146 = ORIENTED_EDGE ( 'NONE', *, *, #246, .T. ) ;
#1147 = VERTEX_POINT ( 'NONE', #3795 ) ;
#1148 = ORIENTED_EDGE ( 'NONE', *, *, #300, .T. ) ;
#1149 = FACE_OUTER_BOUND ( 'NONE', #2454, .T. ) ;
#1150 = DIRECTION ( 'NONE',  ( 1.000000000000000000, -0.000000000000000000, -0.000000000000000000 ) ) ;
#1151 = ORIENTED_EDGE ( 'NONE', *, *, #3185, .T. ) ;
#1152 = CARTESIAN_POINT ( 'NONE',  ( 1.850000000000000533, 0.000000000000000000, 3.435284977019530839 ) ) ;
#1153 =( LENGTH_UNIT ( ) NAMED_UNIT ( * ) SI_UNIT ( .MILLI., .METRE. ) );
#1154 = EDGE_LOOP ( 'NONE', ( #466, #1875 ) ) ;
#1155 = EDGE_CURVE ( 'NONE', #973, #2219, #3522, .T. ) ;
#1156 = CARTESIAN_POINT ( 'NONE',  ( 1.850000000000000533, -9.603586040018630143, 0.9919590187289599736 ) ) ;
#1157 = EDGE_CURVE ( 'NONE', #228, #3243, #2003, .T. ) ;
#1158 = EDGE_CURVE ( 'NONE', #660, #1638, #261, .T. ) ;
#1159 = DIRECTION ( 'NONE',  ( 1.000000000000000000, -0.000000000000000000, -0.000000000000000000 ) ) ;
#1160 = CARTESIAN_POINT ( 'NONE',  ( 1.950000000000000622, -7.144210748181505359E-13, -8.384840468173093697 ) ) ;
#1161 = DIRECTION ( 'NONE',  ( 1.000000000000000000, -0.000000000000000000, -0.000000000000000000 ) ) ;
#1162 = VECTOR ( 'NONE', #534, 1000.000000000000000 ) ;
#1163 = PRODUCT_DEFINITION_SHAPE ( 'NONE', 'NONE',  #3487 ) ;
#1164 = ORIENTED_EDGE ( 'NONE', *, *, #1835, .T. ) ;
#1165 = VECTOR ( 'NONE', #437, 1000.000000000000114 ) ;
#1166 = VERTEX_POINT ( 'NONE', #2021 ) ;
#1167 = CYLINDRICAL_SURFACE ( 'NONE', #480, 18.12500000000002132 ) ;
#1168 = CARTESIAN_POINT ( 'NONE',  ( 2.050000000000000711, 8.384840468173806016, 1.052971106429616555 ) ) ;
#1169 = ORIENTED_EDGE ( 'NONE', *, *, #417, .F. ) ;
#1170 =( GEOMETRIC_REPRESENTATION_CONTEXT ( 3 ) GLOBAL_UNCERTAINTY_ASSIGNED_CONTEXT ( ( #3015 ) ) GLOBAL_UNIT_ASSIGNED_CONTEXT ( ( #1153, #1998, #843 ) ) REPRESENTATION_CONTEXT ( 'NONE', 'WORKASPACE' ) );
#1171 = DIRECTION ( 'NONE',  ( 1.000000000000000000, 0.000000000000000000, 0.000000000000000000 ) ) ;
#1172 = VERTEX_POINT ( 'NONE', #536 ) ;
#1173 = CIRCLE ( 'NONE', #3342, 1.052971106430676596 ) ;
#1174 = AXIS2_PLACEMENT_3D ( 'NONE', #2427, #946, #28 ) ;
#1175 = DIRECTION ( 'NONE',  ( 0.000000000000000000, 0.000000000000000000, -1.000000000000000000 ) ) ;
#1176 = CARTESIAN_POINT ( 'NONE',  ( 5.999999999999999112, 0.000000000000000000, 0.000000000000000000 ) ) ;
#1177 = ORIENTED_EDGE ( 'NONE', *, *, #1186, .T. ) ;
#1178 = CIRCLE ( 'NONE', #3345, 1.052971106430117931 ) ;
#1179 = LINE ( 'NONE', #1771, #444 ) ;
#1180 = CARTESIAN_POINT ( 'NONE',  ( 1.850000000000000533, 0.000000000000000000, -0.9919590187289638594 ) ) ;
#1181 = EDGE_CURVE ( 'NONE', #2972, #2887, #3399, .T. ) ;
#1182 = FILL_AREA_STYLE ('',( #889 ) ) ;
#1183 = AXIS2_PLACEMENT_3D ( 'NONE', #2305, #2226, #1725 ) ;
#1184 = CARTESIAN_POINT ( 'NONE',  ( 5.299999999999999822, -1.336915930037655187, 14.26006918186179284 ) ) ;
#1185 = ADVANCED_FACE ( 'NONE', ( #501, #1413 ), #1714, .F. ) ;
#1186 = EDGE_CURVE ( 'NONE', #1633, #1191, #2844, .T. ) ;
#1187 = AXIS2_PLACEMENT_3D ( 'NONE', #1566, #2675, #2710 ) ;
#1188 = CARTESIAN_POINT ( 'NONE',  ( 5.299999999999999822, -10.57410902396753372, -9.660493549750421849 ) ) ;
#1189 = VERTEX_POINT ( 'NONE', #2039 ) ;
#1190 = CIRCLE ( 'NONE', #8, 18.12500000000002132 ) ;
#1191 = VERTEX_POINT ( 'NONE', #1376 ) ;
#1192 = ORIENTED_EDGE ( 'NONE', *, *, #1964, .T. ) ;
#1193 = PRESENTATION_STYLE_ASSIGNMENT (( #2950 ) ) ;
#1194 = CARTESIAN_POINT ( 'NONE',  ( 5.299999999999999822, -3.090978721620128322, 3.773982729038033668 ) ) ;
#1195 = VERTEX_POINT ( 'NONE', #3477 ) ;
#1196 = STYLED_ITEM ( 'NONE', ( #510 ), #3313 ) ;
#1197 = CARTESIAN_POINT ( 'NONE',  ( 2.050000000000000711, 8.384840468173806016, -1.052971106429616555 ) ) ;
#1198 = CARTESIAN_POINT ( 'NONE',  ( 1.650000000000000355, -9.730941600812686332, -1.285901436316834845 ) ) ;
#1199 = DIRECTION ( 'NONE',  ( 0.000000000000000000, 0.000000000000000000, 1.000000000000000000 ) ) ;
#1200 = EDGE_LOOP ( 'NONE', ( #271, #2522 ) ) ;
#1201 = CARTESIAN_POINT ( 'NONE',  ( 1.850000000000000533, -9.397880440734718732, -0.1784077261238402323 ) ) ;
#1202 =( LENGTH_UNIT ( ) NAMED_UNIT ( * ) SI_UNIT ( .MILLI., .METRE. ) );
#1203 = DIRECTION ( 'NONE',  ( 1.000000000000000000, 0.000000000000000000, 0.000000000000000000 ) ) ;
#1204 = CARTESIAN_POINT ( 'NONE',  ( 5.299999999999999822, 3.904694173391426659, 13.78006823958996030 ) ) ;
#1205 = DIRECTION ( 'NONE',  ( -1.000000000000000000, 0.000000000000000000, 0.000000000000000000 ) ) ;
#1206 = ORIENTED_EDGE ( 'NONE', *, *, #3362, .T. ) ;
#1207 = ORIENTED_EDGE ( 'NONE', *, *, #3139, .T. ) ;
#1208 = EDGE_CURVE ( 'NONE', #230, #1147, #2065, .T. ) ;
#1209 = VERTEX_POINT ( 'NONE', #1096 ) ;
#1210 = DIRECTION ( 'NONE',  ( 0.000000000000000000, 0.000000000000000000, 1.000000000000000000 ) ) ;
#1211 = DIRECTION ( 'NONE',  ( 1.000000000000000000, -0.000000000000000000, -0.000000000000000000 ) ) ;
#1212 = ORIENTED_EDGE ( 'NONE', *, *, #3751, .F. ) ;
#1213 = FACE_OUTER_BOUND ( 'NONE', #2633, .T. ) ;
#1214 = CARTESIAN_POINT ( 'NONE',  ( 2.150000000000000355, -9.551645721634166364, -0.9919590187289638594 ) ) ;
#1215 = CARTESIAN_POINT ( 'NONE',  ( 5.299999999999999822, 3.904694173391426659, 13.78006823958996030 ) ) ;
#1216 = ORIENTED_EDGE ( 'NONE', *, *, #446, .T. ) ;
#1217 = DIRECTION ( 'NONE',  ( -0.000000000000000000, 0.9857111712149919658, -0.1684443140683848372 ) ) ;
#1218 = DIRECTION ( 'NONE',  ( 1.000000000000000000, -0.000000000000000000, -0.000000000000000000 ) ) ;
#1219 = ORIENTED_EDGE ( 'NONE', *, *, #2189, .F. ) ;
#1220 = DIRECTION ( 'NONE',  ( 0.000000000000000000, 0.000000000000000000, 1.000000000000000000 ) ) ;
#1221 = LINE ( 'NONE', #30, #3045 ) ;
#1222 = AXIS2_PLACEMENT_3D ( 'NONE', #63, #1235, #2664 ) ;
#1223 = EDGE_LOOP ( 'NONE', ( #1707, #920, #795, #2630, #191, #2681, #60, #3682, #2662, #3502, #3568, #760, #3535, #406, #148, #2358 ) ) ;
#1224 = ORIENTED_EDGE ( 'NONE', *, *, #2513, .F. ) ;
#1225 = COLOUR_RGB ( '',1.000000000000000000, 1.000000000000000000, 1.000000000000000000 ) ;
#1226 = ADVANCED_FACE ( 'NONE', ( #2290 ), #813, .F. ) ;
#1227 = FACE_OUTER_BOUND ( 'NONE', #704, .T. ) ;
#1228 = DIRECTION ( 'NONE',  ( 0.000000000000000000, 0.000000000000000000, -1.000000000000000000 ) ) ;
#1229 = UNCERTAINTY_MEASURE_WITH_UNIT (LENGTH_MEASURE( 1.000000000000000082E-05 ), #3375, 'distance_accuracy_value', 'NONE');
#1230 = ORIENTED_EDGE ( 'NONE', *, *, #2552, .T. ) ;
#1231 = ADVANCED_FACE ( 'NONE', ( #832 ), #557, .T. ) ;
#1232 = AXIS2_PLACEMENT_3D ( 'NONE', #3687, #1581, #3672 ) ;
#1233 = ORIENTED_EDGE ( 'NONE', *, *, #2469, .T. ) ;
#1234 = DIRECTION ( 'NONE',  ( 0.000000000000000000, 0.000000000000000000, -1.000000000000000000 ) ) ;
#1235 = DIRECTION ( 'NONE',  ( -1.000000000000000000, 0.000000000000000000, 0.000000000000000000 ) ) ;
#1236 = COLOUR_RGB ( '',0.5019607843137254832, 0.5019607843137254832, 0.5019607843137254832 ) ;
#1237 = DIRECTION ( 'NONE',  ( 1.000000000000000000, 0.000000000000000000, 0.000000000000000000 ) ) ;
#1238 = ORIENTED_EDGE ( 'NONE', *, *, #3645, .F. ) ;
#1239 = DIRECTION ( 'NONE',  ( 0.000000000000000000, 0.000000000000000000, 1.000000000000000000 ) ) ;
#1240 =( GEOMETRIC_REPRESENTATION_CONTEXT ( 3 ) GLOBAL_UNCERTAINTY_ASSIGNED_CONTEXT ( ( #405 ) ) GLOBAL_UNIT_ASSIGNED_CONTEXT ( ( #1494, #3537, #65 ) ) REPRESENTATION_CONTEXT ( 'NONE', 'WORKASPACE' ) );
#1241 = FACE_OUTER_BOUND ( 'NONE', #1487, .T. ) ;
#1242 =( LENGTH_UNIT ( ) NAMED_UNIT ( * ) SI_UNIT ( .MILLI., .METRE. ) );
#1243 = SURFACE_STYLE_USAGE ( .BOTH. , #2428 ) ;
#1244 = FACE_OUTER_BOUND ( 'NONE', #132, .T. ) ;
#1245 = CARTESIAN_POINT ( 'NONE',  ( 2.150000000000000355, 0.000000000000000000, 0.000000000000000000 ) ) ;
#1246 = AXIS2_PLACEMENT_3D ( 'NONE', #3411, #1552, #2760 ) ;
#1247 = CIRCLE ( 'NONE', #3587, 1.052971106430062420 ) ;
#1248 = ORIENTED_EDGE ( 'NONE', *, *, #3121, .F. ) ;
#1249 = ORIENTED_EDGE ( 'NONE', *, *, #1599, .F. ) ;
#1250 = FILL_AREA_STYLE ('',( #77 ) ) ;
#1251 = DIRECTION ( 'NONE',  ( 0.000000000000000000, 0.000000000000000000, 1.000000000000000000 ) ) ;
#1252 = AXIS2_PLACEMENT_3D ( 'NONE', #1924, #2816, #400 ) ;
#1253 = EDGE_LOOP ( 'NONE', ( #1019, #2712, #2134, #332 ) ) ;
#1254 = EDGE_CURVE ( 'NONE', #3841, #1189, #2719, .T. ) ;
#1255 = DIRECTION ( 'NONE',  ( 0.000000000000000000, 0.000000000000000000, 1.000000000000000000 ) ) ;
#1256 = AXIS2_PLACEMENT_3D ( 'NONE', #167, #1344, #2763 ) ;
#1257 = ORIENTED_EDGE ( 'NONE', *, *, #619, .F. ) ;
#1258 = CARTESIAN_POINT ( 'NONE',  ( 2.150000000000000355, -10.55911038473963615, 1.865603943607083259 ) ) ;
#1259 = EDGE_LOOP ( 'NONE', ( #3779, #76 ) ) ;
#1260 = AXIS2_PLACEMENT_3D ( 'NONE', #270, #588, #879 ) ;
#1261 = CARTESIAN_POINT ( 'NONE',  ( -16.18227696748627409, 0.000000000000000000, 0.000000000000000000 ) ) ;
#1262 = DIRECTION ( 'NONE',  ( 0.000000000000000000, 0.000000000000000000, -1.000000000000000000 ) ) ;
#1263 = VECTOR ( 'NONE', #2738, 1000.000000000000000 ) ;
#1264 = ADVANCED_FACE ( 'NONE', ( #3813 ), #2944, .F. ) ;
#1265 = CARTESIAN_POINT ( 'NONE',  ( 1.950000000000000400, 1.324095266862601398E-15, -10.81205836478311966 ) ) ;
#1266 = DIRECTION ( 'NONE',  ( 1.000000000000000000, 0.000000000000000000, -0.000000000000000000 ) ) ;
#1267 = CARTESIAN_POINT ( 'NONE',  ( 5.299999999999999822, -16.54823760898545260, -15.79824264525601940 ) ) ;
#1268 = CARTESIAN_POINT ( 'NONE',  ( 2.150000000000000355, -9.492150234113942986, 0.9919590187289599736 ) ) ;
#1269 = VERTEX_POINT ( 'NONE', #904 ) ;
#1270 = CARTESIAN_POINT ( 'NONE',  ( 3.299999999999998934, 0.000000000000000000, 0.000000000000000000 ) ) ;
#1271 = UNCERTAINTY_MEASURE_WITH_UNIT (LENGTH_MEASURE( 1.000000000000000082E-05 ), #1242, 'distance_accuracy_value', 'NONE');
#1272 = VERTEX_POINT ( 'NONE', #1833 ) ;
#1273 = DIRECTION ( 'NONE',  ( 1.000000000000000000, -0.000000000000000000, -0.000000000000000000 ) ) ;
#1274 = CARTESIAN_POINT ( 'NONE',  ( 1.650000000000000355, -10.63919147057962711, 1.369385851501873530 ) ) ;
#1275 = CYLINDRICAL_SURFACE ( 'NONE', #115, 18.12500000000002842 ) ;
#1276 = EDGE_LOOP ( 'NONE', ( #883, #3829, #311 ) ) ;
#1277 = DIRECTION ( 'NONE',  ( 0.000000000000000000, 1.000000000000000000, 0.000000000000000000 ) ) ;
#1278 = DIRECTION ( 'NONE',  ( 0.000000000000000000, 0.000000000000000000, 1.000000000000000000 ) ) ;
#1279 = CARTESIAN_POINT ( 'NONE',  ( 1.850000000000000533, 0.5859629825788215118, -3.428968564720510592 ) ) ;
#1280 = EDGE_CURVE ( 'NONE', #934, #784, #3215, .T. ) ;
#1281 = FILL_AREA_STYLE ('',( #3271 ) ) ;
#1282 = EDGE_CURVE ( 'NONE', #602, #288, #3296, .T. ) ;
#1283 = DIRECTION ( 'NONE',  ( -1.000000000000000000, -0.000000000000000000, 0.000000000000000000 ) ) ;
#1284 = LINE ( 'NONE', #3389, #1559 ) ;
#1285 = DIRECTION ( 'NONE',  ( 0.000000000000000000, 0.000000000000000000, -1.000000000000000000 ) ) ;
#1286 = CARTESIAN_POINT ( 'NONE',  ( 5.299999999999999822, -1.518932010391072174, 4.635724392626428880 ) ) ;
#1287 = DIRECTION ( 'NONE',  ( 0.000000000000000000, 0.000000000000000000, 1.000000000000000000 ) ) ;
#1288 = VERTEX_POINT ( 'NONE', #2965 ) ;
#1289 = CARTESIAN_POINT ( 'NONE',  ( 1.649999999999959943, -10.55911037668876951, 1.865603946579532657 ) ) ;
#1290 = CARTESIAN_POINT ( 'NONE',  ( 4.649999999999997691, 0.000000000000000000, 0.000000000000000000 ) ) ;
#1291 = ORIENTED_EDGE ( 'NONE', *, *, #1138, .T. ) ;
#1292 = VECTOR ( 'NONE', #498, 1000.000000000000227 ) ;
#1293 = DIRECTION ( 'NONE',  ( 0.000000000000000000, 0.000000000000000000, 1.000000000000000000 ) ) ;
#1294 = SURFACE_STYLE_FILL_AREA ( #2766 ) ;
#1295 = AXIS2_PLACEMENT_3D ( 'NONE', #303, #3615, #2730 ) ;
#1296 = CARTESIAN_POINT ( 'NONE',  ( 5.299999999999999822, -21.13775551196465230, -8.753509613762332719 ) ) ;
#1297 = VECTOR ( 'NONE', #2154, 1000.000000000000000 ) ;
#1298 = CARTESIAN_POINT ( 'NONE',  ( -16.18227696748627409, 0.000000000000000000, 0.000000000000000000 ) ) ;
#1299 = EDGE_CURVE ( 'NONE', #2153, #1721, #1676, .T. ) ;
#1300 = CARTESIAN_POINT ( 'NONE',  ( 5.299999999999999822, 4.475799844887776935, 1.940183198845184087 ) ) ;
#1301 = ADVANCED_FACE ( 'NONE', ( #1538 ), #923, .T. ) ;
#1302 = CIRCLE ( 'NONE', #2790, 18.12500000000002487 ) ;
#1303 = ADVANCED_FACE ( 'NONE', ( #2449 ), #3574, .F. ) ;
#1304 = MECHANICAL_DESIGN_GEOMETRIC_PRESENTATION_REPRESENTATION (  '', ( #1810 ), #1052 ) ;
#1305 = EDGE_CURVE ( 'NONE', #3607, #2979, #2661, .T. ) ;
#1306 = CARTESIAN_POINT ( 'NONE',  ( 1.950000000000000400, 0.000000000000000000, 0.000000000000000000 ) ) ;
#1307 = EDGE_LOOP ( 'NONE', ( #3220, #1557, #2873, #3158 ) ) ;
#1308 = ADVANCED_FACE ( 'NONE', ( #959 ), #1772, .T. ) ;
#1309 = CARTESIAN_POINT ( 'NONE',  ( 2.150000000000000355, -9.285440801192963889, 0.1854161889775812755 ) ) ;
#1310 = CYLINDRICAL_SURFACE ( 'NONE', #319, 18.12500000000009948 ) ;
#1311 = ORIENTED_EDGE ( 'NONE', *, *, #1365, .T. ) ;
#1312 = AXIS2_PLACEMENT_3D ( 'NONE', #3674, #1026, #1116 ) ;
#1313 = CARTESIAN_POINT ( 'NONE',  ( 5.299999999999999822, -9.077724002720088947, -1.154182719994921502 ) ) ;
#1314 = CARTESIAN_POINT ( 'NONE',  ( 5.299999999999999822, 7.110437594893964430, 5.760111807056183864 ) ) ;
#1315 = CARTESIAN_POINT ( 'NONE',  ( 1.950000000000000622, -5.928977554212579548, 5.928977554214301726 ) ) ;
#1316 = AXIS2_PLACEMENT_3D ( 'NONE', #1885, #471, #1653 ) ;
#1317 =( NAMED_UNIT ( * ) SI_UNIT ( $, .STERADIAN. ) SOLID_ANGLE_UNIT ( ) );
#1318 = DIRECTION ( 'NONE',  ( 1.000000000000000000, -0.000000000000000000, -0.000000000000000000 ) ) ;
#1319 =( GEOMETRIC_REPRESENTATION_CONTEXT ( 3 ) GLOBAL_UNCERTAINTY_ASSIGNED_CONTEXT ( ( #1511 ) ) GLOBAL_UNIT_ASSIGNED_CONTEXT ( ( #3801, #2596, #3738 ) ) REPRESENTATION_CONTEXT ( 'NONE', 'WORKASPACE' ) );
#1320 = DIRECTION ( 'NONE',  ( -1.000000000000000000, -0.000000000000000000, 0.000000000000000000 ) ) ;
#1321 = ORIENTED_EDGE ( 'NONE', *, *, #3216, .F. ) ;
#1322 = SURFACE_SIDE_STYLE ('',( #3391 ) ) ;
#1323 = SURFACE_STYLE_FILL_AREA ( #2819 ) ;
#1324 = VERTEX_POINT ( 'NONE', #2728 ) ;
#1325 = EDGE_CURVE ( 'NONE', #524, #2887, #3613, .T. ) ;
#1326 = ORIENTED_EDGE ( 'NONE', *, *, #1013, .T. ) ;
#1327 = CARTESIAN_POINT ( 'NONE',  ( 1.650000000000000355, -9.866998779390904417, 0.6034876559627333492 ) ) ;
#1328 = VERTEX_POINT ( 'NONE', #1265 ) ;
#1329 = DIRECTION ( 'NONE',  ( 0.000000000000000000, 0.000000000000000000, 1.000000000000000000 ) ) ;
#1330 = CARTESIAN_POINT ( 'NONE',  ( 5.500000000000000000, 0.000000000000000000, 0.000000000000000000 ) ) ;
#1331 = CARTESIAN_POINT ( 'NONE',  ( 1.850000000000000533, -10.25180097398211387, 3.435284977019530839 ) ) ;
#1332 = CARTESIAN_POINT ( 'NONE',  ( 1.850000000000000533, -10.46016383713330811, -2.735978542277934356 ) ) ;
#1333 = CARTESIAN_POINT ( 'NONE',  ( 5.299999999999999822, -2.634728637459605505, 22.72634690505046251 ) ) ;
#1334 = DIRECTION ( 'NONE',  ( 0.000000000000000000, 0.000000000000000000, -1.000000000000000000 ) ) ;
#1335 = ORIENTED_EDGE ( 'NONE', *, *, #3317, .T. ) ;
#1336 = CARTESIAN_POINT ( 'NONE',  ( 1.650000000000077405, -10.27693003543559591, 1.259269845863153936 ) ) ;
#1337 = CARTESIAN_POINT ( 'NONE',  ( 2.150000000000000355, 0.000000000000000000, 0.000000000000000000 ) ) ;
#1338 = UNCERTAINTY_MEASURE_WITH_UNIT (LENGTH_MEASURE( 1.000000000000000082E-05 ), #2249, 'distance_accuracy_value', 'NONE');
#1339 = ORIENTED_EDGE ( 'NONE', *, *, #3403, .F. ) ;
#1340 = ORIENTED_EDGE ( 'NONE', *, *, #323, .T. ) ;
#1341 = EDGE_CURVE ( 'NONE', #2883, #1512, #2648, .T. ) ;
#1342 = PRESENTATION_LAYER_ASSIGNMENT (  '', '', ( #1966 ) ) ;
#1343 = CARTESIAN_POINT ( 'NONE',  ( 5.500000000000000000, -10.59493927979087147, 9.637643847591453650 ) ) ;
#1344 = DIRECTION ( 'NONE',  ( 1.000000000000000000, 0.000000000000000000, -0.000000000000000000 ) ) ;
#1345 = EDGE_CURVE ( 'NONE', #3563, #2908, #2722, .T. ) ;
#1346 = DIRECTION ( 'NONE',  ( 0.000000000000000000, 0.000000000000000000, -1.000000000000000000 ) ) ;
#1347 = CARTESIAN_POINT ( 'NONE',  ( 2.050000000000000711, -5.928977554212579548, 6.981948660644977878 ) ) ;
#1348 = STYLED_ITEM ( 'NONE', ( #445 ), #62 ) ;
#1349 = FILL_AREA_STYLE ('',( #3632 ) ) ;
#1350 = CARTESIAN_POINT ( 'NONE',  ( 2.050000000000000711, 5.928977554212578660, -6.981948660642938620 ) ) ;
#1351 = AXIS2_PLACEMENT_3D ( 'NONE', #2649, #870, #814 ) ;
#1352 = AXIS2_PLACEMENT_3D ( 'NONE', #1180, #2083, #3251 ) ;
#1353 = DIRECTION ( 'NONE',  ( -1.000000000000000000, -0.000000000000000000, -0.000000000000000000 ) ) ;
#1354 = MECHANICAL_DESIGN_GEOMETRIC_PRESENTATION_REPRESENTATION (  '', ( #2412 ), #1484 ) ;
#1355 =( NAMED_UNIT ( * ) PLANE_ANGLE_UNIT ( ) SI_UNIT ( $, .RADIAN. ) );
#1356 = PRESENTATION_LAYER_ASSIGNMENT (  '', '', ( #3034 ) ) ;
#1357 = ORIENTED_EDGE ( 'NONE', *, *, #733, .F. ) ;
#1358 = CARTESIAN_POINT ( 'NONE',  ( 1.850000000000000533, -6.577595489659614714, 3.435284977019530839 ) ) ;
#1359 = ORIENTED_EDGE ( 'NONE', *, *, #1901, .F. ) ;
#1360 = VECTOR ( 'NONE', #673, 1000.000000000000000 ) ;
#1361 = CIRCLE ( 'NONE', #307, 1.052971106430676596 ) ;
#1362 = LINE ( 'NONE', #2265, #1665 ) ;
#1363 = CARTESIAN_POINT ( 'NONE',  ( 5.500000000000000000, 22.38629822668643499, 4.720412095103284855 ) ) ;
#1364 = ORIENTED_EDGE ( 'NONE', *, *, #2237, .F. ) ;
#1365 = EDGE_CURVE ( 'NONE', #3431, #1906, #3252, .T. ) ;
#1366 = AXIS2_PLACEMENT_3D ( 'NONE', #658, #1503, #2453 ) ;
#1367 = FACE_BOUND ( 'NONE', #2697, .T. ) ;
#1368 = EDGE_CURVE ( 'NONE', #3787, #806, #2199, .T. ) ;
#1369 = DIRECTION ( 'NONE',  ( 1.000000000000000000, -0.000000000000000000, -0.000000000000000000 ) ) ;
#1370 = DIRECTION ( 'NONE',  ( 0.000000000000000000, 0.000000000000000000, 1.000000000000000000 ) ) ;
#1371 = DIRECTION ( 'NONE',  ( -1.000000000000000000, -0.000000000000000000, -0.000000000000000000 ) ) ;
#1372 = CARTESIAN_POINT ( 'NONE',  ( 5.500000000000000000, 9.135239019298531105, -0.5334968424981628710 ) ) ;
#1373 = ADVANCED_FACE ( 'NONE', ( #3630 ), #1582, .F. ) ;
#1374 = FILL_AREA_STYLE_COLOUR ( '', #2530 ) ;
#1375 = AXIS2_PLACEMENT_3D ( 'NONE', #3570, #921, #1239 ) ;
#1376 = CARTESIAN_POINT ( 'NONE',  ( 1.950000000000000622, -5.928977554212579548, 6.981948660644977878 ) ) ;
#1377 = CIRCLE ( 'NONE', #2736, 18.12500000000002487 ) ;
#1378 = DIRECTION ( 'NONE',  ( -1.000000000000000000, 0.000000000000000000, 0.000000000000000000 ) ) ;
#1379 = EDGE_LOOP ( 'NONE', ( #2851, #643, #2954, #3799 ) ) ;
#1380 = CARTESIAN_POINT ( 'NONE',  ( 5.299999999999999822, -4.043083119831640815, -2.729573956266774015 ) ) ;
#1381 = UNCERTAINTY_MEASURE_WITH_UNIT (LENGTH_MEASURE( 1.000000000000000082E-05 ), #2262, 'distance_accuracy_value', 'NONE');
#1382 = VERTEX_POINT ( 'NONE', #3402 ) ;
#1383 = VERTEX_POINT ( 'NONE', #3656 ) ;
#1384 = CARTESIAN_POINT ( 'NONE',  ( 5.299999999999999822, -4.756098574359154618, -1.084721829583309427 ) ) ;
#1385 = CARTESIAN_POINT ( 'NONE',  ( 5.299999999999999822, -9.723788519962781152, -20.70933546642346812 ) ) ;
#1386 = CARTESIAN_POINT ( 'NONE',  ( 5.500999999999999446, 0.000000000000000000, 0.000000000000000000 ) ) ;
#1387 = PRESENTATION_STYLE_ASSIGNMENT (( #2857 ) ) ;
#1388 = FACE_OUTER_BOUND ( 'NONE', #2326, .T. ) ;
#1389 = ORIENTED_EDGE ( 'NONE', *, *, #1574, .F. ) ;
#1390 = CARTESIAN_POINT ( 'NONE',  ( 5.299999999999999822, -6.370290229441971874, -12.82795071974462431 ) ) ;
#1391 = SURFACE_STYLE_FILL_AREA ( #811 ) ;
#1392 = CARTESIAN_POINT ( 'NONE',  ( -16.18227696748627409, 0.000000000000000000, 0.000000000000000000 ) ) ;
#1393 = EDGE_CURVE ( 'NONE', #2703, #784, #1680, .T. ) ;
#1394 = DIRECTION ( 'NONE',  ( 0.000000000000000000, 0.000000000000000000, 1.000000000000000000 ) ) ;
#1395 = EDGE_CURVE ( 'NONE', #2364, #3493, #2236, .T. ) ;
#1396 = CARTESIAN_POINT ( 'NONE',  ( 5.500000000000000000, -17.25772886347291646, 15.01996781343530074 ) ) ;
#1397 = ORIENTED_EDGE ( 'NONE', *, *, #446, .F. ) ;
#1398 = CARTESIAN_POINT ( 'NONE',  ( 5.299999999999999822, 3.516432891049624754, -5.692262527446629861 ) ) ;
#1399 = ORIENTED_EDGE ( 'NONE', *, *, #3317, .F. ) ;
#1400 = ORIENTED_EDGE ( 'NONE', *, *, #1013, .F. ) ;
#1401 = ORIENTED_EDGE ( 'NONE', *, *, #3339, .T. ) ;
#1402 = DIRECTION ( 'NONE',  ( -1.000000000000000000, -0.000000000000000000, 0.000000000000000000 ) ) ;
#1403 = CARTESIAN_POINT ( 'NONE',  ( 2.150000000000000355, 0.000000000000000000, 0.000000000000000000 ) ) ;
#1404 = ORIENTED_EDGE ( 'NONE', *, *, #1716, .T. ) ;
#1405 = DIRECTION ( 'NONE',  ( 0.000000000000000000, 0.000000000000000000, -1.000000000000000000 ) ) ;
#1406 = VERTEX_POINT ( 'NONE', #1347 ) ;
#1407 = VECTOR ( 'NONE', #1493, 1000.000000000000227 ) ;
#1408 = VERTEX_POINT ( 'NONE', #1889 ) ;
#1409 = FACE_OUTER_BOUND ( 'NONE', #11, .T. ) ;
#1410 = CARTESIAN_POINT ( 'NONE',  ( 1.850000000000000533, 0.000000000000000000, 0.000000000000000000 ) ) ;
#1411 = SURFACE_STYLE_FILL_AREA ( #3212 ) ;
#1412 = AXIS2_PLACEMENT_3D ( 'NONE', #2595, #822, #2011 ) ;
#1413 = FACE_OUTER_BOUND ( 'NONE', #1200, .T. ) ;
#1414 = DIRECTION ( 'NONE',  ( 0.000000000000000000, 0.000000000000000000, 1.000000000000000000 ) ) ;
#1415 = AXIS2_PLACEMENT_3D ( 'NONE', #3087, #94, #3621 ) ;
#1416 = EDGE_CURVE ( 'NONE', #806, #3757, #119, .T. ) ;
#1417 = DIRECTION ( 'NONE',  ( -1.000000000000000000, -0.000000000000000000, -0.000000000000000000 ) ) ;
#1418 = EDGE_CURVE ( 'NONE', #585, #3072, #52, .T. ) ;
#1419 = EDGE_CURVE ( 'NONE', #1191, #1633, #1049, .T. ) ;
#1420 = ORIENTED_EDGE ( 'NONE', *, *, #659, .F. ) ;
#1421 = PRESENTATION_LAYER_ASSIGNMENT (  '', '', ( #163 ) ) ;
#1422 = ORIENTED_EDGE ( 'NONE', *, *, #986, .F. ) ;
#1423 = EDGE_CURVE ( 'NONE', #386, #2858, #1425, .T. ) ;
#1424 = DIRECTION ( 'NONE',  ( -1.000000000000000000, 0.000000000000000000, 0.000000000000000000 ) ) ;
#1425 = CIRCLE ( 'NONE', #3580, 18.12500000000002487 ) ;
#1426 = ORIENTED_EDGE ( 'NONE', *, *, #1942, .T. ) ;
#1427 = CARTESIAN_POINT ( 'NONE',  ( 5.299999999999999822, -2.634728637459605505, 22.72634690505046251 ) ) ;
#1428 = DIRECTION ( 'NONE',  ( 0.000000000000000000, 0.000000000000000000, 1.000000000000000000 ) ) ;
#1429 = ORIENTED_EDGE ( 'NONE', *, *, #1881, .F. ) ;
#1430 = CARTESIAN_POINT ( 'NONE',  ( 2.050000000000000711, 7.133942280140794114E-13, 8.384840468174520112 ) ) ;
#1431 = DIRECTION ( 'NONE',  ( 1.000000000000000000, -0.000000000000000000, -0.000000000000000000 ) ) ;
#1432 = AXIS2_PLACEMENT_3D ( 'NONE', #198, #2334, #503 ) ;
#1433 = CARTESIAN_POINT ( 'NONE',  ( 1.650000000000000355, -10.24455026136301328, 1.178022776138273553 ) ) ;
#1434 = CARTESIAN_POINT ( 'NONE',  ( 5.299999999999999822, -3.528095444271300618, -5.685041380215301032 ) ) ;
#1435 =( GEOMETRIC_REPRESENTATION_CONTEXT ( 3 ) GLOBAL_UNCERTAINTY_ASSIGNED_CONTEXT ( ( #2437 ) ) GLOBAL_UNIT_ASSIGNED_CONTEXT ( ( #2325, #3788, #1135 ) ) REPRESENTATION_CONTEXT ( 'NONE', 'WORKASPACE' ) );
#1436 = CARTESIAN_POINT ( 'NONE',  ( 1.655032632930287129, -10.31354848033013560, 1.338667742396518534 ) ) ;
#1437 = CIRCLE ( 'NONE', #1256, 18.12500000000002487 ) ;
#1438 = CARTESIAN_POINT ( 'NONE',  ( 1.950000000000000622, 5.928977554212578660, -5.928977554212876200 ) ) ;
#1439 = DIRECTION ( 'NONE',  ( 0.000000000000000000, 0.000000000000000000, -1.000000000000000000 ) ) ;
#1440 = AXIS2_PLACEMENT_3D ( 'NONE', #1821, #36, #1228 ) ;
#1441 = EDGE_LOOP ( 'NONE', ( #296, #2496 ) ) ;
#1442 = AXIS2_PLACEMENT_3D ( 'NONE', #1306, #3032, #2521 ) ;
#1443 =( LENGTH_UNIT ( ) NAMED_UNIT ( * ) SI_UNIT ( .MILLI., .METRE. ) );
#1444 = CARTESIAN_POINT ( 'NONE',  ( 5.500000000000000000, 0.000000000000000000, 0.000000000000000000 ) ) ;
#1445 = ORIENTED_EDGE ( 'NONE', *, *, #17, .T. ) ;
#1446 = ADVANCED_FACE ( 'NONE', ( #414 ), #1024, .F. ) ;
#1447 = CARTESIAN_POINT ( 'NONE',  ( 5.299999999999999822, -1.586087909947407670, -22.82351777846067264 ) ) ;
#1448 = ORIENTED_EDGE ( 'NONE', *, *, #467, .F. ) ;
#1449 =( NAMED_UNIT ( * ) PLANE_ANGLE_UNIT ( ) SI_UNIT ( $, .RADIAN. ) );
#1450 = ORIENTED_EDGE ( 'NONE', *, *, #986, .T. ) ;
#1451 =( NAMED_UNIT ( * ) SI_UNIT ( $, .STERADIAN. ) SOLID_ANGLE_UNIT ( ) );
#1452 = CARTESIAN_POINT ( 'NONE',  ( 5.299999999999999822, 0.6412571845857443220, -4.835895400006572586 ) ) ;
#1453 = VERTEX_POINT ( 'NONE', #2213 ) ;
#1454 = DIRECTION ( 'NONE',  ( 1.000000000000000000, -0.000000000000000000, -0.000000000000000000 ) ) ;
#1455 = LINE ( 'NONE', #2289, #1974 ) ;
#1456 = DIRECTION ( 'NONE',  ( 0.000000000000000000, 0.000000000000000000, 1.000000000000000000 ) ) ;
#1457 = DIRECTION ( 'NONE',  ( 0.000000000000000000, 0.000000000000000000, -1.000000000000000000 ) ) ;
#1458 = LINE ( 'NONE', #215, #3775 ) ;
#1459 = ORIENTED_EDGE ( 'NONE', *, *, #1061, .F. ) ;
#1460 = CIRCLE ( 'NONE', #3310, 4.184091487287177280 ) ;
#1461 = ORIENTED_EDGE ( 'NONE', *, *, #1416, .T. ) ;
#1462 = VERTEX_POINT ( 'NONE', #3386 ) ;
#1463 = EDGE_LOOP ( 'NONE', ( #2031, #2317, #3204, #2335, #1148 ) ) ;
#1464 =( NAMED_UNIT ( * ) PLANE_ANGLE_UNIT ( ) SI_UNIT ( $, .RADIAN. ) );
#1465 = CARTESIAN_POINT ( 'NONE',  ( 5.500000000000000000, 0.000000000000000000, 0.000000000000000000 ) ) ;
#1466 = ORIENTED_EDGE ( 'NONE', *, *, #1918, .F. ) ;
#1467 = CARTESIAN_POINT ( 'NONE',  ( 3.299999999999998934, 0.000000000000000000, 11.50000000000000000 ) ) ;
#1468 = ADVANCED_FACE ( 'NONE', ( #730 ), #3099, .F. ) ;
#1469 = EDGE_LOOP ( 'NONE', ( #2510, #2692, #2027, #2678 ) ) ;
#1470 = EDGE_LOOP ( 'NONE', ( #3705, #950, #553, #3739 ) ) ;
#1471 = EDGE_CURVE ( 'NONE', #2096, #1105, #141, .T. ) ;
#1472 = CARTESIAN_POINT ( 'NONE',  ( 2.150000000000000355, -9.516427953635972159, -0.9456771660303464611 ) ) ;
#1473 = CARTESIAN_POINT ( 'NONE',  ( 5.299999999999999822, 19.72379507777049668, -11.59312496145487081 ) ) ;
#1474 = ORIENTED_EDGE ( 'NONE', *, *, #3474, .T. ) ;
#1475 = CARTESIAN_POINT ( 'NONE',  ( 1.850000000000000533, -9.400108362332590062, 0.3380444071414268614 ) ) ;
#1476 = DIRECTION ( 'NONE',  ( 0.000000000000000000, 0.000000000000000000, 1.000000000000000000 ) ) ;
#1477 = DIRECTION ( 'NONE',  ( -1.000000000000000000, -0.000000000000000000, -0.000000000000000000 ) ) ;
#1478 = AXIS2_PLACEMENT_3D ( 'NONE', #3262, #23, #3553 ) ;
#1479 = CARTESIAN_POINT ( 'NONE',  ( 1.975965965471818020, -10.62882540508253548, 1.844304851770607767 ) ) ;
#1480 = DIRECTION ( 'NONE',  ( 1.000000000000000000, 0.000000000000000000, -0.000000000000000000 ) ) ;
#1481 = ORIENTED_EDGE ( 'NONE', *, *, #3337, .F. ) ;
#1482 = ORIENTED_EDGE ( 'NONE', *, *, #1712, .T. ) ;
#1483 = VECTOR ( 'NONE', #3800, 1000.000000000000000 ) ;
#1484 =( GEOMETRIC_REPRESENTATION_CONTEXT ( 3 ) GLOBAL_UNCERTAINTY_ASSIGNED_CONTEXT ( ( #1858 ) ) GLOBAL_UNIT_ASSIGNED_CONTEXT ( ( #89, #1521, #3315 ) ) REPRESENTATION_CONTEXT ( 'NONE', 'WORKASPACE' ) );
#1485 = VERTEX_POINT ( 'NONE', #1467 ) ;
#1486 = CARTESIAN_POINT ( 'NONE',  ( 3.299999999999998934, 0.000000000000000000, 0.000000000000000000 ) ) ;
#1487 = EDGE_LOOP ( 'NONE', ( #2493, #22, #3231, #3166 ) ) ;
#1488 = VECTOR ( 'NONE', #3234, 1000.000000000000000 ) ;
#1489 = SURFACE_STYLE_USAGE ( .BOTH. , #2398 ) ;
#1490 = VECTOR ( 'NONE', #1892, 1000.000000000000000 ) ;
#1491 = ORIENTED_EDGE ( 'NONE', *, *, #565, .T. ) ;
#1492 = AXIS2_PLACEMENT_3D ( 'NONE', #1002, #2446, #1293 ) ;
#1493 = DIRECTION ( 'NONE',  ( 0.000000000000000000, -0.9857111712149919658, -0.1684443140683847262 ) ) ;
#1494 =( LENGTH_UNIT ( ) NAMED_UNIT ( * ) SI_UNIT ( .MILLI., .METRE. ) );
#1495 = ORIENTED_EDGE ( 'NONE', *, *, #3294, .F. ) ;
#1496 = COLOUR_RGB ( '',0.5019607843137254832, 0.5019607843137254832, 0.5019607843137254832 ) ;
#1497 = DIRECTION ( 'NONE',  ( -1.000000000000000000, 0.000000000000000000, 0.000000000000000000 ) ) ;
#1498 = PRODUCT_DEFINITION_FORMATION_WITH_SPECIFIED_SOURCE ( 'ANY', '', #2782, .NOT_KNOWN. ) ;
#1499 = SURFACE_STYLE_USAGE ( .BOTH. , #2347 ) ;
#1500 = AXIS2_PLACEMENT_3D ( 'NONE', #2872, #1036, #1405 ) ;
#1501 = SURFACE_STYLE_FILL_AREA ( #1281 ) ;
#1502 = EDGE_CURVE ( 'NONE', #1765, #836, #139, .T. ) ;
#1503 = DIRECTION ( 'NONE',  ( 1.000000000000000000, -0.000000000000000000, -0.000000000000000000 ) ) ;
#1504 = EDGE_CURVE ( 'NONE', #584, #230, #2052, .T. ) ;
#1505 = VERTEX_POINT ( 'NONE', #392 ) ;
#1506 = STYLED_ITEM ( 'NONE', ( #2057 ), #2798 ) ;
#1507 = VERTEX_POINT ( 'NONE', #3654 ) ;
#1508 = CIRCLE ( 'NONE', #1123, 1.052971106429683390 ) ;
#1509 = CARTESIAN_POINT ( 'NONE',  ( 1.850000000000000533, 0.000000000000000000, -2.735978542277934356 ) ) ;
#1510 = CYLINDRICAL_SURFACE ( 'NONE', #3542, 18.12500000000009948 ) ;
#1511 = UNCERTAINTY_MEASURE_WITH_UNIT (LENGTH_MEASURE( 1.000000000000000082E-05 ), #3801, 'distance_accuracy_value', 'NONE');
#1512 = VERTEX_POINT ( 'NONE', #68 ) ;
#1513 = AXIS2_PLACEMENT_3D ( 'NONE', #1403, #544, #1071 ) ;
#1514 = FACE_OUTER_BOUND ( 'NONE', #1668, .T. ) ;
#1515 = CARTESIAN_POINT ( 'NONE',  ( 1.650000000000000355, -10.75954919140296617, -1.366864461960259236 ) ) ;
#1516 = CARTESIAN_POINT ( 'NONE',  ( 5.500000000000000000, -10.66651470877547503, 20.23991360182246169 ) ) ;
#1517 = ORIENTED_EDGE ( 'NONE', *, *, #2160, .F. ) ;
#1518 = LINE ( 'NONE', #2924, #2804 ) ;
#1519 =( NAMED_UNIT ( * ) SI_UNIT ( $, .STERADIAN. ) SOLID_ANGLE_UNIT ( ) );
#1520 = DIRECTION ( 'NONE',  ( 0.000000000000000000, 0.000000000000000000, -1.000000000000000000 ) ) ;
#1521 =( NAMED_UNIT ( * ) PLANE_ANGLE_UNIT ( ) SI_UNIT ( $, .RADIAN. ) );
#1522 = DIRECTION ( 'NONE',  ( 0.000000000000000000, 0.000000000000000000, 1.000000000000000000 ) ) ;
#1523 = EDGE_CURVE ( 'NONE', #1963, #973, #3611, .T. ) ;
#1524 = DIRECTION ( 'NONE',  ( -1.000000000000000000, 0.000000000000000000, 0.000000000000000000 ) ) ;
#1525 = EDGE_CURVE ( 'NONE', #1105, #402, #1869, .T. ) ;
#1526 = AXIS2_PLACEMENT_3D ( 'NONE', #1733, #3046, #379 ) ;
#1527 = ORIENTED_EDGE ( 'NONE', *, *, #1393, .F. ) ;
#1528 = EDGE_LOOP ( 'NONE', ( #2457, #268 ) ) ;
#1529 = CARTESIAN_POINT ( 'NONE',  ( 2.150000000000000355, -9.504919181306432208, 5.153359820574319627 ) ) ;
#1530 = CARTESIAN_POINT ( 'NONE',  ( 5.500000000000000000, 3.904694173391426659, 13.78006823958996030 ) ) ;
#1531 = ORIENTED_EDGE ( 'NONE', *, *, #3468, .F. ) ;
#1532 =( LENGTH_UNIT ( ) NAMED_UNIT ( * ) SI_UNIT ( .MILLI., .METRE. ) );
#1533 = CARTESIAN_POINT ( 'NONE',  ( 1.850000000000000533, 0.000000000000000000, 0.000000000000000000 ) ) ;
#1534 = FILL_AREA_STYLE ('',( #3768 ) ) ;
#1535 = ORIENTED_EDGE ( 'NONE', *, *, #1282, .F. ) ;
#1536 = CYLINDRICAL_SURFACE ( 'NONE', #754, 18.12500000000002842 ) ;
#1537 = DIRECTION ( 'NONE',  ( 1.000000000000000000, 0.000000000000000000, -0.000000000000000000 ) ) ;
#1538 = FACE_OUTER_BOUND ( 'NONE', #456, .T. ) ;
#1539 = DIRECTION ( 'NONE',  ( 0.000000000000000000, 0.000000000000000000, 1.000000000000000000 ) ) ;
#1540 = DIRECTION ( 'NONE',  ( 0.000000000000000000, 0.000000000000000000, -1.000000000000000000 ) ) ;
#1541 = VECTOR ( 'NONE', #864, 1000.000000000000000 ) ;
#1542 = EDGE_CURVE ( 'NONE', #1272, #1166, #1178, .T. ) ;
#1543 = EDGE_CURVE ( 'NONE', #2174, #3184, #3022, .T. ) ;
#1544 = ORIENTED_EDGE ( 'NONE', *, *, #2643, .F. ) ;
#1545 = ORIENTED_EDGE ( 'NONE', *, *, #657, .T. ) ;
#1546 = CARTESIAN_POINT ( 'NONE',  ( 1.950000000000000400, 0.000000000000000000, 0.000000000000000000 ) ) ;
#1547 = CARTESIAN_POINT ( 'NONE',  ( 1.950000000000000622, -4.591491110451058510, 4.313723378086375959 ) ) ;
#1548 = ORIENTED_EDGE ( 'NONE', *, *, #2469, .F. ) ;
#1549 = CIRCLE ( 'NONE', #1415, 18.12499999999922906 ) ;
#1550 = VECTOR ( 'NONE', #2565, 1000.000000000000000 ) ;
#1551 = ADVANCED_FACE ( 'NONE', ( #2765 ), #377, .T. ) ;
#1552 = DIRECTION ( 'NONE',  ( 1.000000000000000000, 0.000000000000000000, -0.000000000000000000 ) ) ;
#1553 = CARTESIAN_POINT ( 'NONE',  ( 1.650000000000000355, -10.21809257793648840, -1.715853982180765458 ) ) ;
#1554 = CIRCLE ( 'NONE', #2786, 1.052971106430593329 ) ;
#1555 =( GEOMETRIC_REPRESENTATION_CONTEXT ( 3 ) GLOBAL_UNCERTAINTY_ASSIGNED_CONTEXT ( ( #1229 ) ) GLOBAL_UNIT_ASSIGNED_CONTEXT ( ( #3375, #700, #1317 ) ) REPRESENTATION_CONTEXT ( 'NONE', 'WORKASPACE' ) );
#1556 = EDGE_CURVE ( 'NONE', #2508, #1136, #2514, .T. ) ;
#1557 = ORIENTED_EDGE ( 'NONE', *, *, #1051, .T. ) ;
#1558 = DIRECTION ( 'NONE',  ( -1.000000000000000000, 0.000000000000000000, 0.000000000000000000 ) ) ;
#1559 = VECTOR ( 'NONE', #462, 1000.000000000000000 ) ;
#1560 = VECTOR ( 'NONE', #595, 1000.000000000000000 ) ;
#1561 = FACE_OUTER_BOUND ( 'NONE', #1441, .T. ) ;
#1562 = CARTESIAN_POINT ( 'NONE',  ( 5.299999999999999822, -14.32259328031761569, -0.01545969312820769451 ) ) ;
#1563 = LINE ( 'NONE', #2751, #3675 ) ;
#1564 = AXIS2_PLACEMENT_3D ( 'NONE', #398, #1603, #925 ) ;
#1565 =( NAMED_UNIT ( * ) SI_UNIT ( $, .STERADIAN. ) SOLID_ANGLE_UNIT ( ) );
#1566 = CARTESIAN_POINT ( 'NONE',  ( 5.299999999999999822, 6.765822661123304549, -21.85525754503986207 ) ) ;
#1567 = MECHANICAL_DESIGN_GEOMETRIC_PRESENTATION_REPRESENTATION (  '', ( #1626 ), #869 ) ;
#1568 = EDGE_LOOP ( 'NONE', ( #2209, #2999, #1397, #768 ) ) ;
#1569 = ORIENTED_EDGE ( 'NONE', *, *, #918, .T. ) ;
#1570 = PRESENTATION_STYLE_ASSIGNMENT (( #1587 ) ) ;
#1571 = DIRECTION ( 'NONE',  ( -1.000000000000000000, -0.000000000000000000, -0.000000000000000000 ) ) ;
#1572 = VECTOR ( 'NONE', #1318, 1000.000000000000000 ) ;
#1573 = ORIENTED_EDGE ( 'NONE', *, *, #3059, .F. ) ;
#1574 = EDGE_CURVE ( 'NONE', #1324, #3718, #670, .T. ) ;
#1575 = CARTESIAN_POINT ( 'NONE',  ( 4.649999999999997691, 11.49999999999999822, 0.000000000000000000 ) ) ;
#1576 = EDGE_CURVE ( 'NONE', #1995, #1209, #985, .T. ) ;
#1577 = CARTESIAN_POINT ( 'NONE',  ( 5.299999999999999822, -21.13775551196465230, -8.753509613762332719 ) ) ;
#1578 = ORIENTED_EDGE ( 'NONE', *, *, #2592, .F. ) ;
#1579 = CIRCLE ( 'NONE', #1260, 18.12500000000002842 ) ;
#1580 = CARTESIAN_POINT ( 'NONE',  ( 5.299999999999999822, 19.16939188522363935, 12.48851686119916415 ) ) ;
#1581 = DIRECTION ( 'NONE',  ( -1.000000000000000000, -0.000000000000000000, -0.000000000000000000 ) ) ;
#1582 = PLANE ( 'NONE',  #3038 ) ;
#1583 = FACE_OUTER_BOUND ( 'NONE', #3445, .T. ) ;
#1584 = DIRECTION ( 'NONE',  ( 1.000000000000000000, -0.000000000000000000, -0.000000000000000000 ) ) ;
#1585 = CYLINDRICAL_SURFACE ( 'NONE', #2832, 1.052971106429616555 ) ;
#1586 = ORIENTED_EDGE ( 'NONE', *, *, #1100, .F. ) ;
#1587 = SURFACE_STYLE_USAGE ( .BOTH. , #1322 ) ;
#1588 = LINE ( 'NONE', #2217, #570 ) ;
#1589 = PRODUCT_DEFINITION_CONTEXT ( 'detailed design', #3026, 'design' ) ;
#1590 = ORIENTED_EDGE ( 'NONE', *, *, #2260, .F. ) ;
#1591 = VERTEX_POINT ( 'NONE', #3628 ) ;
#1592 = CARTESIAN_POINT ( 'NONE',  ( 5.500999999999999446, 0.000000000000000000, 4.184091487287177280 ) ) ;
#1593 = ORIENTED_EDGE ( 'NONE', *, *, #1020, .F. ) ;
#1594 = CARTESIAN_POINT ( 'NONE',  ( 1.650000000000000355, -10.56306797631475192, 1.352858266548900179 ) ) ;
#1595 = CARTESIAN_POINT ( 'NONE',  ( 2.150000000000000355, -10.46016383713330811, 2.735978542277934356 ) ) ;
#1596 = EDGE_LOOP ( 'NONE', ( #2240, #201, #1931, #2277 ) ) ;
#1597 = ADVANCED_FACE ( 'NONE', ( #104 ), #3043, .F. ) ;
#1598 = DIRECTION ( 'NONE',  ( -1.000000000000000000, 0.000000000000000000, 0.000000000000000000 ) ) ;
#1599 = EDGE_CURVE ( 'NONE', #3309, #2300, #2483, .T. ) ;
#1600 = PLANE ( 'NONE',  #3359 ) ;
#1601 = CARTESIAN_POINT ( 'NONE',  ( 2.150000000000000355, 0.000000000000000000, 0.000000000000000000 ) ) ;
#1602 = FACE_BOUND ( 'NONE', #3199, .T. ) ;
#1603 = DIRECTION ( 'NONE',  ( -1.000000000000000000, 0.000000000000000000, 0.000000000000000000 ) ) ;
#1604 = DIRECTION ( 'NONE',  ( 0.000000000000000000, 0.000000000000000000, 1.000000000000000000 ) ) ;
#1605 = CARTESIAN_POINT ( 'NONE',  ( 5.299999999999999822, -8.047786649878780452, -4.355495477983176933 ) ) ;
#1606 = CIRCLE ( 'NONE', #721, 18.12500000000002132 ) ;
#1607 = AXIS2_PLACEMENT_3D ( 'NONE', #650, #576, #2959 ) ;
#1608 = CARTESIAN_POINT ( 'NONE',  ( 1.681647264699900557, -10.39580253807101329, -1.435763972938452371 ) ) ;
#1609 = FACE_OUTER_BOUND ( 'NONE', #1112, .T. ) ;
#1610 = VERTEX_POINT ( 'NONE', #2482 ) ;
#1611 = CARTESIAN_POINT ( 'NONE',  ( 1.650000000000000355, -9.808865770590807998, 1.480906852105602578 ) ) ;
#1612 = DIRECTION ( 'NONE',  ( 0.000000000000000000, 0.000000000000000000, 1.000000000000000000 ) ) ;
#1613 = EDGE_LOOP ( 'NONE', ( #2104, #351, #3168, #188 ) ) ;
#1614 = AXIS2_PLACEMENT_3D ( 'NONE', #1546, #2737, #3604 ) ;
#1615 = AXIS2_PLACEMENT_3D ( 'NONE', #1694, #1537, #3541 ) ;
#1616 = CARTESIAN_POINT ( 'NONE',  ( 1.850000000000000533, 0.5859629825788217339, 3.428968564720510148 ) ) ;
#1617 = AXIS2_PLACEMENT_3D ( 'NONE', #2486, #1005, #2255 ) ;
#1618 = DIRECTION ( 'NONE',  ( -1.000000000000000000, 0.000000000000000000, 0.000000000000000000 ) ) ;
#1619 = FACE_OUTER_BOUND ( 'NONE', #2698, .T. ) ;
#1620 =( GEOMETRIC_REPRESENTATION_CONTEXT ( 3 ) GLOBAL_UNCERTAINTY_ASSIGNED_CONTEXT ( ( #2739 ) ) GLOBAL_UNIT_ASSIGNED_CONTEXT ( ( #1141, #3497, #3458 ) ) REPRESENTATION_CONTEXT ( 'NONE', 'WORKASPACE' ) );
#1621 = CYLINDRICAL_SURFACE ( 'NONE', #2187, 18.12500000000002487 ) ;
#1622 = CARTESIAN_POINT ( 'NONE',  ( 2.050000000000000711, 5.928977554213588519, 5.928977554213292755 ) ) ;
#1623 = AXIS2_PLACEMENT_3D ( 'NONE', #436, #1899, #2789 ) ;
#1624 = AXIS2_PLACEMENT_3D ( 'NONE', #1720, #482, #161 ) ;
#1625 = EDGE_CURVE ( 'NONE', #3493, #2364, #1302, .T. ) ;
#1626 = STYLED_ITEM ( 'NONE', ( #1387 ), #1761 ) ;
#1627 = ORIENTED_EDGE ( 'NONE', *, *, #3367, .T. ) ;
#1628 =( NAMED_UNIT ( * ) PLANE_ANGLE_UNIT ( ) SI_UNIT ( $, .RADIAN. ) );
#1629 = CARTESIAN_POINT ( 'NONE',  ( 0.000000000000000000, 0.000000000000000000, 11.50000000000000000 ) ) ;
#1630 = VECTOR ( 'NONE', #1757, 1000.000000000000000 ) ;
#1631 = UNCERTAINTY_MEASURE_WITH_UNIT (LENGTH_MEASURE( 1.000000000000000082E-05 ), #686, 'distance_accuracy_value', 'NONE');
#1632 = ORIENTED_EDGE ( 'NONE', *, *, #2490, .F. ) ;
#1633 = VERTEX_POINT ( 'NONE', #696 ) ;
#1634 = ORIENTED_EDGE ( 'NONE', *, *, #1661, .F. ) ;
#1635 = VECTOR ( 'NONE', #2502, 1000.000000000000000 ) ;
#1636 = CARTESIAN_POINT ( 'NONE',  ( 2.150000000000000355, -10.68512511717250035, 1.872857459335959929 ) ) ;
#1637 = CARTESIAN_POINT ( 'NONE',  ( 0.000000000000000000, 0.000000000000000000, 0.000000000000000000 ) ) ;
#1638 = VERTEX_POINT ( 'NONE', #711 ) ;
#1639 =( GEOMETRIC_REPRESENTATION_CONTEXT ( 3 ) GLOBAL_UNCERTAINTY_ASSIGNED_CONTEXT ( ( #1338 ) ) GLOBAL_UNIT_ASSIGNED_CONTEXT ( ( #2249, #3398, #1034 ) ) REPRESENTATION_CONTEXT ( 'NONE', 'WORKASPACE' ) );
#1640 = CARTESIAN_POINT ( 'NONE',  ( 5.500000000000000000, 1.236257822220631708E-15, 10.09481119847259123 ) ) ;
#1641 = CARTESIAN_POINT ( 'NONE',  ( 2.150000000000000355, -6.897852326276728618, -2.735978542277934356 ) ) ;
#1642 = DIRECTION ( 'NONE',  ( 1.000000000000000000, -0.000000000000000000, -0.000000000000000000 ) ) ;
#1643 = FACE_OUTER_BOUND ( 'NONE', #997, .T. ) ;
#1644 = VECTOR ( 'NONE', #2029, 1000.000000000000000 ) ;
#1645 = LINE ( 'NONE', #401, #3148 ) ;
#1646 = EDGE_CURVE ( 'NONE', #1288, #2250, #1108, .T. ) ;
#1647 = EDGE_CURVE ( 'NONE', #2477, #410, #1887, .T. ) ;
#1648 = VERTEX_POINT ( 'NONE', #1021 ) ;
#1649 = DIRECTION ( 'NONE',  ( 0.000000000000000000, 0.000000000000000000, 1.000000000000000000 ) ) ;
#1650 = DIRECTION ( 'NONE',  ( -1.000000000000000000, -0.000000000000000000, 0.000000000000000000 ) ) ;
#1651 = ORIENTED_EDGE ( 'NONE', *, *, #2590, .F. ) ;
#1652 = CARTESIAN_POINT ( 'NONE',  ( 2.150000000000000355, -9.437475557044667340, -0.7639517897338772290 ) ) ;
#1653 = DIRECTION ( 'NONE',  ( 0.000000000000000000, 0.000000000000000000, 1.000000000000000000 ) ) ;
#1654 = PLANE ( 'NONE',  #3283 ) ;
#1655 = FACE_OUTER_BOUND ( 'NONE', #564, .T. ) ;
#1656 = PLANE ( 'NONE',  #614 ) ;
#1657 = FILL_AREA_STYLE_COLOUR ( '', #3467 ) ;
#1658 = DIRECTION ( 'NONE',  ( -1.000000000000000000, 0.000000000000000000, 0.000000000000000000 ) ) ;
#1659 = DIRECTION ( 'NONE',  ( -1.000000000000000000, -0.000000000000000000, 0.000000000000000000 ) ) ;
#1660 = VERTEX_POINT ( 'NONE', #1640 ) ;
#1661 = EDGE_CURVE ( 'NONE', #3810, #1406, #1361, .T. ) ;
#1662 = SURFACE_STYLE_FILL_AREA ( #3156 ) ;
#1663 = EDGE_CURVE ( 'NONE', #3428, #1825, #1872, .T. ) ;
#1664 = ORIENTED_EDGE ( 'NONE', *, *, #1556, .T. ) ;
#1665 = VECTOR ( 'NONE', #838, 1000.000000000000000 ) ;
#1666 = SURFACE_STYLE_FILL_AREA ( #3448 ) ;
#1667 = CYLINDRICAL_SURFACE ( 'NONE', #2069, 10.81205836478311966 ) ;
#1668 = EDGE_LOOP ( 'NONE', ( #2297, #1688, #780, #3483 ) ) ;
#1669 = EDGE_CURVE ( 'NONE', #313, #3428, #1970, .T. ) ;
#1670 = PLANE ( 'NONE',  #1183 ) ;
#1671 = AXIS2_PLACEMENT_3D ( 'NONE', #1915, #2157, #3077 ) ;
#1672 = DIRECTION ( 'NONE',  ( -1.000000000000000000, -0.000000000000000000, -0.000000000000000000 ) ) ;
#1673 = SURFACE_SIDE_STYLE ('',( #1391 ) ) ;
#1674 = MECHANICAL_DESIGN_GEOMETRIC_PRESENTATION_REPRESENTATION (  '', ( #419 ), #3450 ) ;
#1675 = DIRECTION ( 'NONE',  ( 0.000000000000000000, -1.000000000000000000, 0.000000000000000000 ) ) ;
#1676 = CIRCLE ( 'NONE', #3836, 18.12500000000002842 ) ;
#1677 = VERTEX_POINT ( 'NONE', #206 ) ;
#1678 = CARTESIAN_POINT ( 'NONE',  ( 5.500000000000000000, -2.784026886473988327, -4.005781995065089696 ) ) ;
#1679 = ORIENTED_EDGE ( 'NONE', *, *, #2768, .T. ) ;
#1680 = CIRCLE ( 'NONE', #234, 0.2500000000000002220 ) ;
#1681 = ORIENTED_EDGE ( 'NONE', *, *, #2490, .T. ) ;
#1682 =( GEOMETRIC_REPRESENTATION_CONTEXT ( 3 ) GLOBAL_UNCERTAINTY_ASSIGNED_CONTEXT ( ( #2244 ) ) GLOBAL_UNIT_ASSIGNED_CONTEXT ( ( #859, #2093, #2054 ) ) REPRESENTATION_CONTEXT ( 'NONE', 'WORKASPACE' ) );
#1683 = DIRECTION ( 'NONE',  ( 0.000000000000000000, 0.000000000000000000, -1.000000000000000000 ) ) ;
#1684 = CYLINDRICAL_SURFACE ( 'NONE', #3298, 18.12500000000002487 ) ;
#1685 = DIRECTION ( 'NONE',  ( 0.000000000000000000, -0.9857111712149919658, -0.1684443140683846984 ) ) ;
#1686 = EDGE_CURVE ( 'NONE', #3301, #1453, #3154, .T. ) ;
#1687 = DIRECTION ( 'NONE',  ( 0.000000000000000000, 0.9857111712149919658, -0.1684443140683848372 ) ) ;
#1688 = ORIENTED_EDGE ( 'NONE', *, *, #3143, .T. ) ;
#1689 = EDGE_CURVE ( 'NONE', #1825, #784, #2598, .T. ) ;
#1690 = DIRECTION ( 'NONE',  ( -1.000000000000000000, 0.000000000000000000, 0.000000000000000000 ) ) ;
#1691 = LINE ( 'NONE', #3792, #3826 ) ;
#1692 = MECHANICAL_DESIGN_GEOMETRIC_PRESENTATION_REPRESENTATION (  '', ( #3106 ), #1435 ) ;
#1693 = CARTESIAN_POINT ( 'NONE',  ( 1.650000000000000355, -9.819689320551166389, 0.4600598889310402728 ) ) ;
#1694 = CARTESIAN_POINT ( 'NONE',  ( 5.500000000000000000, -6.397968129008065219, 12.81416876335214816 ) ) ;
#1695 = AXIS2_PLACEMENT_3D ( 'NONE', #3650, #3418, #767 ) ;
#1696 = SURFACE_STYLE_USAGE ( .BOTH. , #581 ) ;
#1697 = CARTESIAN_POINT ( 'NONE',  ( 4.649999999999998579, 1.366429282837589800E-15, -11.15774183861788593 ) ) ;
#1698 = VERTEX_POINT ( 'NONE', #2560 ) ;
#1699 = VERTEX_POINT ( 'NONE', #528 ) ;
#1700 = EDGE_CURVE ( 'NONE', #3041, #2561, #430, .T. ) ;
#1701 = ORIENTED_EDGE ( 'NONE', *, *, #199, .T. ) ;
#1702 = CARTESIAN_POINT ( 'NONE',  ( 1.850000000000000533, 0.000000000000000000, 0.000000000000000000 ) ) ;
#1703 = DIRECTION ( 'NONE',  ( 0.000000000000000000, 0.000000000000000000, 1.000000000000000000 ) ) ;
#1704 = ORIENTED_EDGE ( 'NONE', *, *, #681, .F. ) ;
#1705 = ORIENTED_EDGE ( 'NONE', *, *, #2206, .F. ) ;
#1706 = CARTESIAN_POINT ( 'NONE',  ( 2.050000000000000711, -5.928977554212579548, 5.928977554214301726 ) ) ;
#1707 = ORIENTED_EDGE ( 'NONE', *, *, #893, .F. ) ;
#1708 = DIRECTION ( 'NONE',  ( 0.000000000000000000, 0.000000000000000000, -1.000000000000000000 ) ) ;
#1709 = ADVANCED_FACE ( 'NONE', ( #3183 ), #1670, .F. ) ;
#1710 = DIRECTION ( 'NONE',  ( 0.000000000000000000, 0.000000000000000000, 1.000000000000000000 ) ) ;
#1711 = ADVANCED_FACE ( 'NONE', ( #825 ), #3400, .F. ) ;
#1712 = EDGE_CURVE ( 'NONE', #741, #2577, #2892, .T. ) ;
#1713 = DIRECTION ( 'NONE',  ( 0.000000000000000000, 0.000000000000000000, -1.000000000000000000 ) ) ;
#1714 = PLANE ( 'NONE',  #2355 ) ;
#1715 = CARTESIAN_POINT ( 'NONE',  ( 5.299999999999999822, 8.711077982756618709, 2.802557974244732630 ) ) ;
#1716 = EDGE_CURVE ( 'NONE', #910, #2686, #2794, .T. ) ;
#1717 =( NAMED_UNIT ( * ) SI_UNIT ( $, .STERADIAN. ) SOLID_ANGLE_UNIT ( ) );
#1718 = ORIENTED_EDGE ( 'NONE', *, *, #1418, .F. ) ;
#1719 = ADVANCED_FACE ( 'NONE', ( #227 ), #3451, .F. ) ;
#1720 = CARTESIAN_POINT ( 'NONE',  ( 2.050000000000000711, -7.144210748181505359E-13, -8.384840468173093697 ) ) ;
#1721 = VERTEX_POINT ( 'NONE', #3129 ) ;
#1722 = ORIENTED_EDGE ( 'NONE', *, *, #2237, .T. ) ;
#1723 = CYLINDRICAL_SURFACE ( 'NONE', #1791, 18.12500000000002132 ) ;
#1724 = DIRECTION ( 'NONE',  ( 1.000000000000000000, 0.000000000000000000, -0.000000000000000000 ) ) ;
#1725 = DIRECTION ( 'NONE',  ( 0.000000000000000000, 0.000000000000000000, 1.000000000000000000 ) ) ;
#1726 = VERTEX_POINT ( 'NONE', #1993 ) ;
#1727 = FACE_OUTER_BOUND ( 'NONE', #2910, .T. ) ;
#1728 = FACE_OUTER_BOUND ( 'NONE', #3679, .T. ) ;
#1729 = CARTESIAN_POINT ( 'NONE',  ( 1.650000000000000799, -10.10910638695141728, -0.9466767879933037921 ) ) ;
#1730 = CARTESIAN_POINT ( 'NONE',  ( 5.299999999999999822, -22.87250240470640961, -0.5265666040589362940 ) ) ;
#1731 = CIRCLE ( 'NONE', #1973, 6.300000000000002487 ) ;
#1732 = DIRECTION ( 'NONE',  ( 1.000000000000000000, -0.000000000000000000, -0.000000000000000000 ) ) ;
#1733 = CARTESIAN_POINT ( 'NONE',  ( 5.500000000000000000, -13.36100517225374418, 5.159501726185403037 ) ) ;
#1734 = STYLED_ITEM ( 'NONE', ( #1193 ), #465 ) ;
#1735 = STYLED_ITEM ( 'NONE', ( #3518 ), #2569 ) ;
#1736 = CARTESIAN_POINT ( 'NONE',  ( 1.950000000000000622, 5.928977554213588519, 6.981948660642975923 ) ) ;
#1737 = AXIS2_PLACEMENT_3D ( 'NONE', #3809, #3515, #2060 ) ;
#1738 = EDGE_CURVE ( 'NONE', #784, #934, #928, .T. ) ;
#1739 = ORIENTED_EDGE ( 'NONE', *, *, #1777, .T. ) ;
#1740 = ORIENTED_EDGE ( 'NONE', *, *, #958, .T. ) ;
#1741 = CARTESIAN_POINT ( 'NONE',  ( 0.2500000000000000000, 0.000000000000000000, 0.000000000000000000 ) ) ;
#1742 = DIRECTION ( 'NONE',  ( -1.000000000000000000, -0.000000000000000000, -0.000000000000000000 ) ) ;
#1743 = MECHANICAL_DESIGN_GEOMETRIC_PRESENTATION_REPRESENTATION (  '', ( #3278 ), #926 ) ;
#1744 = VERTEX_POINT ( 'NONE', #1055 ) ;
#1745 = LINE ( 'NONE', #272, #217 ) ;
#1746 = AXIS2_PLACEMENT_3D ( 'NONE', #2441, #1659, #2535 ) ;
#1747 = ORIENTED_EDGE ( 'NONE', *, *, #3240, .F. ) ;
#1748 =( NAMED_UNIT ( * ) SI_UNIT ( $, .STERADIAN. ) SOLID_ANGLE_UNIT ( ) );
#1749 = FILL_AREA_STYLE ('',( #3745 ) ) ;
#1750 = ORIENTED_EDGE ( 'NONE', *, *, #1542, .T. ) ;
#1751 = CIRCLE ( 'NONE', #810, 18.12500000000009948 ) ;
#1752 = CARTESIAN_POINT ( 'NONE',  ( 2.050000000000000711, 8.384840468173806016, 0.000000000000000000 ) ) ;
#1753 =( NAMED_UNIT ( * ) SI_UNIT ( $, .STERADIAN. ) SOLID_ANGLE_UNIT ( ) );
#1754 = CARTESIAN_POINT ( 'NONE',  ( 2.050000000000000711, 5.928977554213588519, 5.928977554213292755 ) ) ;
#1755 = VECTOR ( 'NONE', #3633, 1000.000000000000000 ) ;
#1756 = CARTESIAN_POINT ( 'NONE',  ( 1.650000000000000355, -10.24455026136301328, 1.178022776138273553 ) ) ;
#1757 = DIRECTION ( 'NONE',  ( 1.000000000000000000, -0.000000000000000000, -0.000000000000000000 ) ) ;
#1758 = CIRCLE ( 'NONE', #3113, 18.12500000000002487 ) ;
#1759 = ADVANCED_FACE ( 'NONE', ( #803 ), #1654, .F. ) ;
#1760 = ORIENTED_EDGE ( 'NONE', *, *, #1901, .T. ) ;
#1761 = ADVANCED_FACE ( 'NONE', ( #2525, #3707, #1952, #169, #511, #1367, #2545, #3726 ), #1073, .F. ) ;
#1762 = CIRCLE ( 'NONE', #3601, 6.049999999999999822 ) ;
#1763 = ORIENTED_EDGE ( 'NONE', *, *, #1543, .T. ) ;
#1764 = FILL_AREA_STYLE_COLOUR ( '', #3142 ) ;
#1765 = VERTEX_POINT ( 'NONE', #1197 ) ;
#1766 = FILL_AREA_STYLE ('',( #590 ) ) ;
#1767 = DIRECTION ( 'NONE',  ( 0.000000000000000000, 0.000000000000000000, -1.000000000000000000 ) ) ;
#1768 = CARTESIAN_POINT ( 'NONE',  ( 1.650000000000000355, -9.516427936257272790, -0.9456771769877139189 ) ) ;
#1769 = CYLINDRICAL_SURFACE ( 'NONE', #2898, 7.420643186336786101 ) ;
#1770 = ORIENTED_EDGE ( 'NONE', *, *, #2491, .T. ) ;
#1771 = CARTESIAN_POINT ( 'NONE',  ( 5.299999999999999822, -5.930951115646159622, -6.968574437036306080 ) ) ;
#1772 = PLANE ( 'NONE',  #3455 ) ;
#1773 = CARTESIAN_POINT ( 'NONE',  ( 2.050000000000000711, 7.133942280140794114E-13, 8.384840468174520112 ) ) ;
#1774 = AXIS2_PLACEMENT_3D ( 'NONE', #3478, #833, #2022 ) ;
#1775 = DIRECTION ( 'NONE',  ( 0.000000000000000000, 0.000000000000000000, -1.000000000000000000 ) ) ;
#1776 = EDGE_LOOP ( 'NONE', ( #531, #2360, #541, #3277 ) ) ;
#1777 = EDGE_CURVE ( 'NONE', #895, #1485, #3773, .T. ) ;
#1778 = ORIENTED_EDGE ( 'NONE', *, *, #2397, .T. ) ;
#1779 = SURFACE_SIDE_STYLE ('',( #2089 ) ) ;
#1780 = CARTESIAN_POINT ( 'NONE',  ( 5.500000000000000000, 3.934433231962708888, -13.77160674789748818 ) ) ;
#1781 = ORIENTED_EDGE ( 'NONE', *, *, #2127, .F. ) ;
#1782 = DIRECTION ( 'NONE',  ( 1.000000000000000000, -0.000000000000000000, -0.000000000000000000 ) ) ;
#1783 = VERTEX_POINT ( 'NONE', #3509 ) ;
#1784 = ORIENTED_EDGE ( 'NONE', *, *, #3367, .F. ) ;
#1785 = CARTESIAN_POINT ( 'NONE',  ( 5.299999999999999822, 4.549493209544917427, 7.939730622443520680 ) ) ;
#1786 = ADVANCED_FACE ( 'NONE', ( #1213 ), #1805, .F. ) ;
#1787 = AXIS2_PLACEMENT_3D ( 'NONE', #1085, #1402, #1967 ) ;
#1788 = DIRECTION ( 'NONE',  ( 0.000000000000000000, 0.000000000000000000, -1.000000000000000000 ) ) ;
#1789 = CARTESIAN_POINT ( 'NONE',  ( 2.050000000000000711, -5.928977554213589407, -6.981948660642865789 ) ) ;
#1790 = SURFACE_SIDE_STYLE ('',( #2100 ) ) ;
#1791 = AXIS2_PLACEMENT_3D ( 'NONE', #766, #3200, #525 ) ;
#1792 = CYLINDRICAL_SURFACE ( 'NONE', #1861, 6.299999999999999822 ) ;
#1793 = CYLINDRICAL_SURFACE ( 'NONE', #1366, 18.12500000000002842 ) ;
#1794 = MECHANICAL_DESIGN_GEOMETRIC_PRESENTATION_REPRESENTATION (  '', ( #1348 ), #3634 ) ;
#1795 = COLOUR_RGB ( '',1.000000000000000000, 1.000000000000000000, 1.000000000000000000 ) ;
#1796 = VERTEX_POINT ( 'NONE', #3804 ) ;
#1797 = ORIENTED_EDGE ( 'NONE', *, *, #1058, .F. ) ;
#1798 = AXIS2_PLACEMENT_3D ( 'NONE', #1040, #1672, #3689 ) ;
#1799 = ORIENTED_EDGE ( 'NONE', *, *, #2147, .F. ) ;
#1800 = CARTESIAN_POINT ( 'NONE',  ( 5.299999999999999822, -2.784026886473988327, -4.005781995065089696 ) ) ;
#1801 = DIRECTION ( 'NONE',  ( 0.000000000000000000, 0.000000000000000000, 1.000000000000000000 ) ) ;
#1802 = ORIENTED_EDGE ( 'NONE', *, *, #1130, .F. ) ;
#1803 = COLOUR_RGB ( '',0.5019607843137254832, 0.5019607843137254832, 0.5019607843137254832 ) ;
#1804 = ORIENTED_EDGE ( 'NONE', *, *, #395, .F. ) ;
#1805 = CYLINDRICAL_SURFACE ( 'NONE', #237, 18.12499999999922906 ) ;
#1806 = CARTESIAN_POINT ( 'NONE',  ( 1.649999999999999911, -10.68663055375214910, -1.861518757689255121 ) ) ;
#1807 = CARTESIAN_POINT ( 'NONE',  ( 5.299999999999999822, -8.881664427588980004, 2.203008809875770080 ) ) ;
#1808 = VERTEX_POINT ( 'NONE', #1824 ) ;
#1809 = ADVANCED_FACE ( 'NONE', ( #1514 ), #3565, .T. ) ;
#1810 = STYLED_ITEM ( 'NONE', ( #3488 ), #1829 ) ;
#1811 = CARTESIAN_POINT ( 'NONE',  ( 5.299999999999999822, -17.25772886347291646, 15.01996781343530074 ) ) ;
#1812 = EDGE_CURVE ( 'NONE', #313, #3757, #2077, .T. ) ;
#1813 = CARTESIAN_POINT ( 'NONE',  ( 2.050000000000000711, 5.928977554213588519, 5.928977554213292755 ) ) ;
#1814 = DIRECTION ( 'NONE',  ( 0.000000000000000000, 0.000000000000000000, -1.000000000000000000 ) ) ;
#1815 = VECTOR ( 'NONE', #622, 1000.000000000000000 ) ;
#1816 = FACE_OUTER_BOUND ( 'NONE', #3260, .T. ) ;
#1817 = MECHANICAL_DESIGN_GEOMETRIC_PRESENTATION_REPRESENTATION (  '', ( #2131 ), #2604 ) ;
#1818 = ORIENTED_EDGE ( 'NONE', *, *, #775, .F. ) ;
#1819 = ORIENTED_EDGE ( 'NONE', *, *, #2206, .T. ) ;
#1820 = CIRCLE ( 'NONE', #1883, 18.12500000000002842 ) ;
#1821 = CARTESIAN_POINT ( 'NONE',  ( 5.299999999999999822, 3.934433231962708888, -13.77160674789748818 ) ) ;
#1822 = ORIENTED_EDGE ( 'NONE', *, *, #3803, .F. ) ;
#1823 = AXIS2_PLACEMENT_3D ( 'NONE', #2090, #3605, #1801 ) ;
#1824 = CARTESIAN_POINT ( 'NONE',  ( 1.850000000000000533, -4.591491110451057622, -4.313723378086375959 ) ) ;
#1825 = VERTEX_POINT ( 'NONE', #292 ) ;
#1826 = FACE_OUTER_BOUND ( 'NONE', #2938, .T. ) ;
#1827 = DIRECTION ( 'NONE',  ( -1.000000000000000000, 0.000000000000000000, -0.000000000000000000 ) ) ;
#1828 = ORIENTED_EDGE ( 'NONE', *, *, #1058, .T. ) ;
#1829 = MANIFOLD_SOLID_BREP ( 'Fillet2', #540 ) ;
#1830 = DIRECTION ( 'NONE',  ( 0.000000000000000000, 0.000000000000000000, 1.000000000000000000 ) ) ;
#1831 = FILL_AREA_STYLE_COLOUR ( '', #3086 ) ;
#1832 = EDGE_CURVE ( 'NONE', #2508, #2246, #3648, .T. ) ;
#1833 = CARTESIAN_POINT ( 'NONE',  ( 2.050000000000000711, 7.135231797835878938E-13, 7.331869361744401736 ) ) ;
#1834 = CYLINDRICAL_SURFACE ( 'NONE', #2968, 18.12500000000009948 ) ;
#1835 = EDGE_CURVE ( 'NONE', #2858, #386, #1928, .T. ) ;
#1836 = LINE ( 'NONE', #3618, #124 ) ;
#1837 = ADVANCED_FACE ( 'NONE', ( #2721 ), #759, .F. ) ;
#1838 = ORIENTED_EDGE ( 'NONE', *, *, #3495, .T. ) ;
#1839 = ORIENTED_EDGE ( 'NONE', *, *, #609, .F. ) ;
#1840 = CARTESIAN_POINT ( 'NONE',  ( 2.150000000000000355, -10.65159256884598094, -1.855850702718784939 ) ) ;
#1841 = DIRECTION ( 'NONE',  ( 1.000000000000000000, 0.000000000000000000, 0.000000000000000000 ) ) ;
#1842 = EDGE_LOOP ( 'NONE', ( #939, #2852, #965, #3349 ) ) ;
#1843 = SURFACE_SIDE_STYLE ('',( #2190 ) ) ;
#1844 = CARTESIAN_POINT ( 'NONE',  ( 1.850000000000000533, -9.665931404538287808, -0.9919590187289638594 ) ) ;
#1845 = ORIENTED_EDGE ( 'NONE', *, *, #1543, .F. ) ;
#1846 = CARTESIAN_POINT ( 'NONE',  ( 1.950000000000000844, 0.000000000000000000, 0.000000000000000000 ) ) ;
#1847 = SURFACE_SIDE_STYLE ('',( #27 ) ) ;
#1848 = CARTESIAN_POINT ( 'NONE',  ( 5.299999999999999822, 3.731816441755540836, -3.141757651638739546 ) ) ;
#1849 = CARTESIAN_POINT ( 'NONE',  ( 5.299999999999999822, 12.18545271470110158, -7.526729662560676992 ) ) ;
#1850 = LINE ( 'NONE', #344, #1815 ) ;
#1851 = CIRCLE ( 'NONE', #1222, 1.052971106430999226 ) ;
#1852 = ADVANCED_FACE ( 'NONE', ( #1944 ), #3306, .F. ) ;
#1853 = ORIENTED_EDGE ( 'NONE', *, *, #3075, .T. ) ;
#1854 = ADVANCED_FACE ( 'NONE', ( #3608 ), #2742, .F. ) ;
#1855 = VERTEX_POINT ( 'NONE', #1592 ) ;
#1856 =( LENGTH_UNIT ( ) NAMED_UNIT ( * ) SI_UNIT ( .MILLI., .METRE. ) );
#1857 = DIRECTION ( 'NONE',  ( 0.000000000000000000, 0.000000000000000000, 1.000000000000000000 ) ) ;
#1858 = UNCERTAINTY_MEASURE_WITH_UNIT (LENGTH_MEASURE( 1.000000000000000082E-05 ), #89, 'distance_accuracy_value', 'NONE');
#1859 = AXIS2_PLACEMENT_3D ( 'NONE', #1730, #847, #517 ) ;
#1860 =( NAMED_UNIT ( * ) SI_UNIT ( $, .STERADIAN. ) SOLID_ANGLE_UNIT ( ) );
#1861 = AXIS2_PLACEMENT_3D ( 'NONE', #358, #640, #2689 ) ;
#1862 = DIRECTION ( 'NONE',  ( 1.000000000000000000, 0.000000000000000000, 0.000000000000000000 ) ) ;
#1863 = ORIENTED_EDGE ( 'NONE', *, *, #2042, .F. ) ;
#1864 = DIRECTION ( 'NONE',  ( 0.000000000000000000, 0.9857111712149919658, -0.1684443140683848372 ) ) ;
#1865 = MECHANICAL_DESIGN_GEOMETRIC_PRESENTATION_REPRESENTATION (  '', ( #3034 ), #3206 ) ;
#1866 = CIRCLE ( 'NONE', #3094, 18.12500000000010303 ) ;
#1867 = FACE_OUTER_BOUND ( 'NONE', #725, .T. ) ;
#1868 = DIRECTION ( 'NONE',  ( 0.000000000000000000, 0.000000000000000000, -1.000000000000000000 ) ) ;
#1869 = CIRCLE ( 'NONE', #170, 10.81205836478312321 ) ;
#1870 = LINE ( 'NONE', #127, #1572 ) ;
#1871 = CARTESIAN_POINT ( 'NONE',  ( 2.150000000000000355, -10.65159256884598094, -1.855850702718784939 ) ) ;
#1872 = CIRCLE ( 'NONE', #2124, 6.299999999999999822 ) ;
#1873 = PRESENTATION_LAYER_ASSIGNMENT (  '', '', ( #3104 ) ) ;
#1874 = ORIENTED_EDGE ( 'NONE', *, *, #3681, .F. ) ;
#1875 = ORIENTED_EDGE ( 'NONE', *, *, #3362, .F. ) ;
#1876 = EDGE_CURVE ( 'NONE', #2091, #2577, #690, .T. ) ;
#1877 = DIRECTION ( 'NONE',  ( 0.000000000000000000, 0.000000000000000000, -1.000000000000000000 ) ) ;
#1878 = DIRECTION ( 'NONE',  ( -1.000000000000000000, -0.000000000000000000, -0.000000000000000000 ) ) ;
#1879 = MECHANICAL_DESIGN_GEOMETRIC_PRESENTATION_REPRESENTATION (  '', ( #1506 ), #2430 ) ;
#1880 = ORIENTED_EDGE ( 'NONE', *, *, #399, .T. ) ;
#1881 = EDGE_CURVE ( 'NONE', #644, #955, #2667, .T. ) ;
#1882 = DIRECTION ( 'NONE',  ( 1.000000000000000000, 0.000000000000000000, 0.000000000000000000 ) ) ;
#1883 = AXIS2_PLACEMENT_3D ( 'NONE', #3439, #788, #3150 ) ;
#1884 = CARTESIAN_POINT ( 'NONE',  ( 1.650000000000000355, -9.786561595783563661, 0.1603727986559559948 ) ) ;
#1885 = CARTESIAN_POINT ( 'NONE',  ( 1.950000000000000622, -5.928977554213589407, -5.928977554211866341 ) ) ;
#1886 = ORIENTED_EDGE ( 'NONE', *, *, #2162, .F. ) ;
#1887 = LINE ( 'NONE', #1313, #3527 ) ;
#1888 = CARTESIAN_POINT ( 'NONE',  ( 0.000000000000000000, 7.562193984734905456E-16, 6.049999999999999822 ) ) ;
#1889 = CARTESIAN_POINT ( 'NONE',  ( 5.299999999999999822, -4.826776561967567325, 0.7066279908364255791 ) ) ;
#1890 = CARTESIAN_POINT ( 'NONE',  ( 5.500000000000000000, 4.549493209544917427, 7.939730622443520680 ) ) ;
#1891 = APPLICATION_PROTOCOL_DEFINITION ( 'draft international standard', 'automotive_design', 1998, #750 ) ;
#1892 = DIRECTION ( 'NONE',  ( -1.000000000000000000, -0.000000000000000000, -0.000000000000000000 ) ) ;
#1893 = CARTESIAN_POINT ( 'NONE',  ( 1.650000000000000355, -10.25282327136967453, -1.103704074810788471 ) ) ;
#1894 = CYLINDRICAL_SURFACE ( 'NONE', #73, 1.052971106430593329 ) ;
#1895 = ORIENTED_EDGE ( 'NONE', *, *, #1556, .F. ) ;
#1896 = PLANE ( 'NONE',  #3441 ) ;
#1897 = CIRCLE ( 'NONE', #1526, 18.12500000000002487 ) ;
#1898 = ORIENTED_EDGE ( 'NONE', *, *, #3056, .F. ) ;
#1899 = DIRECTION ( 'NONE',  ( -1.000000000000000000, -0.000000000000000000, -0.000000000000000000 ) ) ;
#1900 = CYLINDRICAL_SURFACE ( 'NONE', #2224, 18.12500000000002842 ) ;
#1901 = EDGE_CURVE ( 'NONE', #569, #1591, #3122, .T. ) ;
#1902 = DIRECTION ( 'NONE',  ( 0.000000000000000000, 0.000000000000000000, -1.000000000000000000 ) ) ;
#1903 = CARTESIAN_POINT ( 'NONE',  ( 5.299999999999999822, -1.986845881379553536, 8.932505486385943883 ) ) ;
#1904 = CARTESIAN_POINT ( 'NONE',  ( 5.299999999999999822, -8.881664427588980004, 2.203008809875770080 ) ) ;
#1905 = AXIS2_PLACEMENT_3D ( 'NONE', #1533, #2121, #3307 ) ;
#1906 = VERTEX_POINT ( 'NONE', #3017 ) ;
#1907 = EDGE_LOOP ( 'NONE', ( #2087, #3222, #837, #1802 ) ) ;
#1908 = ORIENTED_EDGE ( 'NONE', *, *, #1014, .F. ) ;
#1909 = CARTESIAN_POINT ( 'NONE',  ( 2.150000000000000355, -10.19838346025815312, 1.749049757111335479 ) ) ;
#1910 = FACE_OUTER_BOUND ( 'NONE', #2111, .T. ) ;
#1911 = VERTEX_POINT ( 'NONE', #2418 ) ;
#1912 = CIRCLE ( 'NONE', #1976, 10.81205836478312143 ) ;
#1913 = PRESENTATION_LAYER_ASSIGNMENT (  '', '', ( #1735 ) ) ;
#1914 = DIRECTION ( 'NONE',  ( -1.000000000000000000, -0.000000000000000000, -0.000000000000000000 ) ) ;
#1915 = CARTESIAN_POINT ( 'NONE',  ( 1.650000000000000355, -10.81205836478312321, -1.986142900293902590E-15 ) ) ;
#1916 = VECTOR ( 'NONE', #3186, 1000.000000000000000 ) ;
#1917 = DIRECTION ( 'NONE',  ( 0.000000000000000000, 0.000000000000000000, -1.000000000000000000 ) ) ;
#1918 = EDGE_CURVE ( 'NONE', #2686, #910, #2243, .T. ) ;
#1919 = FACE_BOUND ( 'NONE', #2123, .T. ) ;
#1920 = ADVANCED_FACE ( 'NONE', ( #935 ), #463, .T. ) ;
#1921 = AXIS2_PLACEMENT_3D ( 'NONE', #949, #964, #2163 ) ;
#1922 = AXIS2_PLACEMENT_3D ( 'NONE', #2865, #2608, #1394 ) ;
#1923 = EDGE_CURVE ( 'NONE', #19, #2477, #3157, .T. ) ;
#1924 = CARTESIAN_POINT ( 'NONE',  ( 5.299999999999999822, 12.18545271470110158, -7.526729662560676992 ) ) ;
#1925 = CARTESIAN_POINT ( 'NONE',  ( 5.500000000000000000, 1.374114556635327222, 9.047044821703277506 ) ) ;
#1926 = VECTOR ( 'NONE', #2432, 1000.000000000000000 ) ;
#1927 = AXIS2_PLACEMENT_3D ( 'NONE', #1398, #3443, #3753 ) ;
#1928 = CIRCLE ( 'NONE', #1246, 18.12500000000002487 ) ;
#1929 = CARTESIAN_POINT ( 'NONE',  ( 1.783451861352005841, -10.52239051820015803, 1.697016975280922102 ) ) ;
#1930 = CARTESIAN_POINT ( 'NONE',  ( 2.050000000000000711, 5.928977554212578660, -5.928977554212876200 ) ) ;
#1931 = ORIENTED_EDGE ( 'NONE', *, *, #17, .F. ) ;
#1932 = CIRCLE ( 'NONE', #2540, 18.12500000000002132 ) ;
#1933 = CARTESIAN_POINT ( 'NONE',  ( 1.650000000000000355, -9.796742641234853721, -0.1432448772252387093 ) ) ;
#1934 = SURFACE_STYLE_USAGE ( .BOTH. , #744 ) ;
#1935 = AXIS2_PLACEMENT_3D ( 'NONE', #3250, #596, #1788 ) ;
#1936 = DIRECTION ( 'NONE',  ( 0.000000000000000000, 0.000000000000000000, 1.000000000000000000 ) ) ;
#1937 = CARTESIAN_POINT ( 'NONE',  ( 5.500000000000000000, 8.618953692046655846, 11.43899272356741292 ) ) ;
#1938 =( LENGTH_UNIT ( ) NAMED_UNIT ( * ) SI_UNIT ( .MILLI., .METRE. ) );
#1939 = AXIS2_PLACEMENT_3D ( 'NONE', #703, #1650, #1287 ) ;
#1940 = DIRECTION ( 'NONE',  ( 1.000000000000000000, 0.000000000000000000, 0.000000000000000000 ) ) ;
#1941 = COLOUR_RGB ( '',1.000000000000000000, 1.000000000000000000, 1.000000000000000000 ) ;
#1942 = EDGE_CURVE ( 'NONE', #3280, #2871, #1751, .T. ) ;
#1943 = FACE_OUTER_BOUND ( 'NONE', #931, .T. ) ;
#1944 = FACE_OUTER_BOUND ( 'NONE', #1259, .T. ) ;
#1945 = ORIENTED_EDGE ( 'NONE', *, *, #3075, .F. ) ;
#1946 = ADVANCED_FACE ( 'NONE', ( #3217 ), #1079, .T. ) ;
#1947 = CARTESIAN_POINT ( 'NONE',  ( 1.850000000000000533, -4.591491110451058510, 4.313723378086375959 ) ) ;
#1948 = VERTEX_POINT ( 'NONE', #1736 ) ;
#1949 = EDGE_CURVE ( 'NONE', #2300, #1016, #3499, .T. ) ;
#1950 = ORIENTED_EDGE ( 'NONE', *, *, #963, .F. ) ;
#1951 = CARTESIAN_POINT ( 'NONE',  ( 2.150000000000000355, 0.000000000000000000, 0.000000000000000000 ) ) ;
#1952 = FACE_BOUND ( 'NONE', #3202, .T. ) ;
#1953 = DIRECTION ( 'NONE',  ( 0.000000000000000000, 0.000000000000000000, -1.000000000000000000 ) ) ;
#1954 = DIRECTION ( 'NONE',  ( 0.000000000000000000, 0.000000000000000000, 1.000000000000000000 ) ) ;
#1955 = PRESENTATION_STYLE_ASSIGNMENT (( #175 ) ) ;
#1956 =( BOUNDED_CURVE ( )  B_SPLINE_CURVE ( 3, ( #597, #3594, #45, #618 ),
 .UNSPECIFIED., .F., .F. ) 
 B_SPLINE_CURVE_WITH_KNOTS ( ( 4, 4 ),
 ( -4.174438572590588592E-14, 0.9429172802997247693 ),
 .UNSPECIFIED. ) 
 CURVE ( )  GEOMETRIC_REPRESENTATION_ITEM ( )  RATIONAL_B_SPLINE_CURVE ( ( 1.000000000000000000, 0.9272711612309066931, 0.9272711612309066931, 1.000000000000000000 ) ) 
 REPRESENTATION_ITEM ( '' )  );
#1957 = PLANE ( 'NONE',  #2494 ) ;
#1958 = CARTESIAN_POINT ( 'NONE',  ( 5.299999999999999822, -9.077724002720088947, -1.154182719994921502 ) ) ;
#1959 = DIRECTION ( 'NONE',  ( 0.000000000000000000, -0.1684443140683848650, -0.9857111712149920768 ) ) ;
#1960 = CARTESIAN_POINT ( 'NONE',  ( 5.299999999999999822, -10.59493927979087147, 9.637643847591453650 ) ) ;
#1961 = EDGE_CURVE ( 'NONE', #1383, #3309, #1458, .T. ) ;
#1962 = UNCERTAINTY_MEASURE_WITH_UNIT (LENGTH_MEASURE( 1.000000000000000082E-05 ), #3750, 'distance_accuracy_value', 'NONE');
#1963 = VERTEX_POINT ( 'NONE', #816 ) ;
#1964 = EDGE_CURVE ( 'NONE', #1648, #3805, #2628, .T. ) ;
#1965 = ORIENTED_EDGE ( 'NONE', *, *, #989, .F. ) ;
#1966 = STYLED_ITEM ( 'NONE', ( #2859 ), #116 ) ;
#1967 = DIRECTION ( 'NONE',  ( 0.000000000000000000, 0.000000000000000000, 1.000000000000000000 ) ) ;
#1968 = EDGE_LOOP ( 'NONE', ( #1531, #683, #2416, #2218 ) ) ;
#1969 = FACE_OUTER_BOUND ( 'NONE', #2085, .T. ) ;
#1970 = LINE ( 'NONE', #2283, #3221 ) ;
#1971 = DIRECTION ( 'NONE',  ( -1.000000000000000000, -0.000000000000000000, -0.000000000000000000 ) ) ;
#1972 = AXIS2_PLACEMENT_3D ( 'NONE', #1152, #3808, #3767 ) ;
#1973 = AXIS2_PLACEMENT_3D ( 'NONE', #1702, #470, #2889 ) ;
#1974 = VECTOR ( 'NONE', #2606, 1000.000000000000000 ) ;
#1975 = CARTESIAN_POINT ( 'NONE',  ( 5.299999999999999822, 19.72379507777049668, -11.59312496145487081 ) ) ;
#1976 = AXIS2_PLACEMENT_3D ( 'NONE', #1270, #425, #2777 ) ;
#1977 = PRESENTATION_LAYER_ASSIGNMENT (  '', '', ( #2412 ) ) ;
#1978 = DIRECTION ( 'NONE',  ( -1.000000000000000000, 0.000000000000000000, 0.000000000000000000 ) ) ;
#1979 = DIRECTION ( 'NONE',  ( -1.000000000000000000, 0.000000000000000000, -0.000000000000000000 ) ) ;
#1980 = STYLED_ITEM ( 'NONE', ( #302 ), #1301 ) ;
#1981 = DIRECTION ( 'NONE',  ( 0.000000000000000000, 0.000000000000000000, 1.000000000000000000 ) ) ;
#1982 =( GEOMETRIC_REPRESENTATION_CONTEXT ( 3 ) GLOBAL_UNCERTAINTY_ASSIGNED_CONTEXT ( ( #1271 ) ) GLOBAL_UNIT_ASSIGNED_CONTEXT ( ( #1242, #2671, #2145 ) ) REPRESENTATION_CONTEXT ( 'NONE', 'WORKASPACE' ) );
#1983 = DIRECTION ( 'NONE',  ( 0.000000000000000000, 0.000000000000000000, 1.000000000000000000 ) ) ;
#1984 = EDGE_LOOP ( 'NONE', ( #2470, #804, #2086, #2049 ) ) ;
#1985 = PRESENTATION_LAYER_ASSIGNMENT (  '', '', ( #2534 ) ) ;
#1986 = ORIENTED_EDGE ( 'NONE', *, *, #415, .T. ) ;
#1987 = EDGE_CURVE ( 'NONE', #1698, #3396, #2365, .T. ) ;
#1988 = EDGE_LOOP ( 'NONE', ( #1797, #1898 ) ) ;
#1989 = VECTOR ( 'NONE', #1273, 1000.000000000000000 ) ;
#1990 = CARTESIAN_POINT ( 'NONE',  ( 1.950000000000000622, -5.875128798320044865, 4.533079185507027375 ) ) ;
#1991 = ADVANCED_FACE ( 'NONE', ( #2904 ), #2274, .F. ) ;
#1992 = FACE_OUTER_BOUND ( 'NONE', #1469, .T. ) ;
#1993 = CARTESIAN_POINT ( 'NONE',  ( 1.950000000000000622, 8.384840468173806016, 1.052971106429616555 ) ) ;
#1994 = DIRECTION ( 'NONE',  ( 1.000000000000000000, -0.000000000000000000, -0.000000000000000000 ) ) ;
#1995 = VERTEX_POINT ( 'NONE', #520 ) ;
#1996 =( NAMED_UNIT ( * ) PLANE_ANGLE_UNIT ( ) SI_UNIT ( $, .RADIAN. ) );
#1997 = EDGE_CURVE ( 'NONE', #402, #1288, #240, .T. ) ;
#1998 =( NAMED_UNIT ( * ) PLANE_ANGLE_UNIT ( ) SI_UNIT ( $, .RADIAN. ) );
#1999 = AXIS2_PLACEMENT_3D ( 'NONE', #3490, #1111, #530 ) ;
#2000 = PRESENTATION_STYLE_ASSIGNMENT (( #196 ) ) ;
#2001 = FACE_OUTER_BOUND ( 'NONE', #3227, .T. ) ;
#2002 = CIRCLE ( 'NONE', #1316, 1.052971106430999226 ) ;
#2003 = LINE ( 'NONE', #2925, #363 ) ;
#2004 = DIRECTION ( 'NONE',  ( 1.000000000000000000, 0.000000000000000000, 0.000000000000000000 ) ) ;
#2005 = CIRCLE ( 'NONE', #3300, 10.31205836478311966 ) ;
#2006 = CARTESIAN_POINT ( 'NONE',  ( 1.850000000000000533, -6.897852326276728618, 2.735978542277934356 ) ) ;
#2007 = DIRECTION ( 'NONE',  ( 1.000000000000000000, -0.000000000000000000, -0.000000000000000000 ) ) ;
#2008 = ORIENTED_EDGE ( 'NONE', *, *, #3216, .T. ) ;
#2009 = ORIENTED_EDGE ( 'NONE', *, *, #3337, .T. ) ;
#2010 = EDGE_LOOP ( 'NONE', ( #608, #264 ) ) ;
#2011 = DIRECTION ( 'NONE',  ( 0.000000000000000000, 0.000000000000000000, -1.000000000000000000 ) ) ;
#2012 = CARTESIAN_POINT ( 'NONE',  ( 5.299999999999999822, 14.07588320110654401, 2.646966071613908955 ) ) ;
#2013 = SURFACE_STYLE_USAGE ( .BOTH. , #3470 ) ;
#2014 = CARTESIAN_POINT ( 'NONE',  ( 0.2500000000000000000, 0.000000000000000000, 0.000000000000000000 ) ) ;
#2015 = FACE_OUTER_BOUND ( 'NONE', #1907, .T. ) ;
#2016 = PLANE ( 'NONE',  #284 ) ;
#2017 = CYLINDRICAL_SURFACE ( 'NONE', #49, 1.052971106430062420 ) ;
#2018 = FACE_OUTER_BOUND ( 'NONE', #3302, .T. ) ;
#2019 = EDGE_CURVE ( 'NONE', #54, #288, #1247, .T. ) ;
#2020 =( NAMED_UNIT ( * ) PLANE_ANGLE_UNIT ( ) SI_UNIT ( $, .RADIAN. ) );
#2021 = CARTESIAN_POINT ( 'NONE',  ( 2.050000000000000711, 7.133942280140794114E-13, 9.437811574604637599 ) ) ;
#2022 = DIRECTION ( 'NONE',  ( 0.000000000000000000, 0.000000000000000000, 1.000000000000000000 ) ) ;
#2023 = FILL_AREA_STYLE ('',( #2829 ) ) ;
#2024 = DIRECTION ( 'NONE',  ( 0.000000000000000000, 0.000000000000000000, -1.000000000000000000 ) ) ;
#2025 = ORIENTED_EDGE ( 'NONE', *, *, #3056, .T. ) ;
#2026 = ORIENTED_EDGE ( 'NONE', *, *, #845, .F. ) ;
#2027 = ORIENTED_EDGE ( 'NONE', *, *, #2421, .F. ) ;
#2028 = FACE_OUTER_BOUND ( 'NONE', #254, .T. ) ;
#2029 = DIRECTION ( 'NONE',  ( -1.000000000000000000, -0.000000000000000000, -0.000000000000000000 ) ) ;
#2030 = VERTEX_POINT ( 'NONE', #1697 ) ;
#2031 = ORIENTED_EDGE ( 'NONE', *, *, #1700, .T. ) ;
#2032 = DIRECTION ( 'NONE',  ( 0.000000000000000000, 0.000000000000000000, -1.000000000000000000 ) ) ;
#2033 = CARTESIAN_POINT ( 'NONE',  ( 2.050000000000000711, -5.928977554212579548, 5.928977554214301726 ) ) ;
#2034 = LINE ( 'NONE', #2550, #2168 ) ;
#2035 = ORIENTED_EDGE ( 'NONE', *, *, #323, .F. ) ;
#2036 = CARTESIAN_POINT ( 'NONE',  ( 5.299999999999999822, 8.643627894935246303, -11.42035963047553970 ) ) ;
#2037 = CARTESIAN_POINT ( 'NONE',  ( 0.000000000000000000, 1.366429282837589800E-15, -11.15774183861788593 ) ) ;
#2038 = EDGE_CURVE ( 'NONE', #410, #2658, #2982, .T. ) ;
#2039 = CARTESIAN_POINT ( 'NONE',  ( 5.500000000000000000, 2.344881428337398432, -4.277689350996153550 ) ) ;
#2040 = CARTESIAN_POINT ( 'NONE',  ( 1.850000000000000533, -7.354043962616000130, -0.9919590187289638594 ) ) ;
#2041 = ADVANCED_FACE ( 'NONE', ( #3797 ), #3479, .T. ) ;
#2042 = EDGE_CURVE ( 'NONE', #1101, #2761, #1221, .T. ) ;
#2043 = COLOUR_RGB ( '',1.000000000000000000, 1.000000000000000000, 1.000000000000000000 ) ;
#2044 = CIRCLE ( 'NONE', #109, 1.052971106429683390 ) ;
#2045 = AXIS2_PLACEMENT_3D ( 'NONE', #2769, #107, #156 ) ;
#2046 = ORIENTED_EDGE ( 'NONE', *, *, #3468, .T. ) ;
#2047 = AXIS2_PLACEMENT_3D ( 'NONE', #1396, #2567, #1121 ) ;
#2048 = AXIS2_PLACEMENT_3D ( 'NONE', #2553, #3772, #1118 ) ;
#2049 = ORIENTED_EDGE ( 'NONE', *, *, #3559, .T. ) ;
#2050 = DIRECTION ( 'NONE',  ( 0.000000000000000000, 0.000000000000000000, 1.000000000000000000 ) ) ;
#2051 = FACE_OUTER_BOUND ( 'NONE', #220, .T. ) ;
#2052 = CIRCLE ( 'NONE', #364, 18.12500000000002842 ) ;
#2053 = STYLED_ITEM ( 'NONE', ( #1067 ), #3807 ) ;
#2054 =( NAMED_UNIT ( * ) SI_UNIT ( $, .STERADIAN. ) SOLID_ANGLE_UNIT ( ) );
#2055 = ORIENTED_EDGE ( 'NONE', *, *, #2447, .T. ) ;
#2056 = AXIS2_PLACEMENT_3D ( 'NONE', #591, #1171, #1767 ) ;
#2057 = PRESENTATION_STYLE_ASSIGNMENT (( #3511 ) ) ;
#2058 = ORIENTED_EDGE ( 'NONE', *, *, #1647, .T. ) ;
#2059 = CARTESIAN_POINT ( 'NONE',  ( 1.650000000000000355, -10.12684020233417570, -0.9763264559961001288 ) ) ;
#2060 = DIRECTION ( 'NONE',  ( 0.000000000000000000, 0.000000000000000000, -1.000000000000000000 ) ) ;
#2061 = ORIENTED_EDGE ( 'NONE', *, *, #2073, .F. ) ;
#2062 = VECTOR ( 'NONE', #1161, 1000.000000000000000 ) ;
#2063 = CARTESIAN_POINT ( 'NONE',  ( 4.649999999999997691, 0.000000000000000000, 0.000000000000000000 ) ) ;
#2064 = DIRECTION ( 'NONE',  ( -1.000000000000000000, -0.000000000000000000, -0.000000000000000000 ) ) ;
#2065 = LINE ( 'NONE', #3152, #1488 ) ;
#2066 = PRESENTATION_LAYER_ASSIGNMENT (  '', '', ( #3533 ) ) ;
#2067 = CARTESIAN_POINT ( 'NONE',  ( 5.500000000000000000, 0.000000000000000000, -10.09481119847259123 ) ) ;
#2068 = EDGE_CURVE ( 'NONE', #427, #2167, #1850, .T. ) ;
#2069 = AXIS2_PLACEMENT_3D ( 'NONE', #1637, #3703, #1053 ) ;
#2070 = CARTESIAN_POINT ( 'NONE',  ( 5.299999999999999822, 4.874434071190314910, 0.1923215593919581634 ) ) ;
#2071 = CIRCLE ( 'NONE', #2434, 18.12500000000002487 ) ;
#2072 = ORIENTED_EDGE ( 'NONE', *, *, #3136, .F. ) ;
#2073 = EDGE_CURVE ( 'NONE', #1505, #3532, #3, .T. ) ;
#2074 = ORIENTED_EDGE ( 'NONE', *, *, #3559, .F. ) ;
#2075 = CYLINDRICAL_SURFACE ( 'NONE', #1440, 18.12500000000002132 ) ;
#2076 = ORIENTED_EDGE ( 'NONE', *, *, #3476, .F. ) ;
#2077 = LINE ( 'NONE', #3244, #2725 ) ;
#2078 = ORIENTED_EDGE ( 'NONE', *, *, #195, .F. ) ;
#2079 = ORIENTED_EDGE ( 'NONE', *, *, #891, .F. ) ;
#2080 = CARTESIAN_POINT ( 'NONE',  ( 1.650000000000000355, -10.46727575992509962, -1.276851209033534440 ) ) ;
#2081 = ORIENTED_EDGE ( 'NONE', *, *, #327, .T. ) ;
#2082 = CYLINDRICAL_SURFACE ( 'NONE', #1935, 18.12500000000002842 ) ;
#2083 = DIRECTION ( 'NONE',  ( 0.000000000000000000, 0.000000000000000000, -1.000000000000000000 ) ) ;
#2084 = DIRECTION ( 'NONE',  ( -0.000000000000000000, 0.1684443140683848650, 0.9857111712149920768 ) ) ;
#2085 = EDGE_LOOP ( 'NONE', ( #2562, #3318, #1404, #2597 ) ) ;
#2086 = ORIENTED_EDGE ( 'NONE', *, *, #1625, .F. ) ;
#2087 = ORIENTED_EDGE ( 'NONE', *, *, #3685, .F. ) ;
#2088 = EDGE_CURVE ( 'NONE', #1808, #433, #1836, .T. ) ;
#2089 = SURFACE_STYLE_FILL_AREA ( #3257 ) ;
#2090 = CARTESIAN_POINT ( 'NONE',  ( 5.999999999999998224, 0.000000000000000000, 0.000000000000000000 ) ) ;
#2091 = VERTEX_POINT ( 'NONE', #906 ) ;
#2092 = ADVANCED_FACE ( 'NONE', ( #2102 ), #1793, .F. ) ;
#2093 =( NAMED_UNIT ( * ) PLANE_ANGLE_UNIT ( ) SI_UNIT ( $, .RADIAN. ) );
#2094 = CARTESIAN_POINT ( 'NONE',  ( 5.299999999999999822, -1.336915930037655187, 14.26006918186179284 ) ) ;
#2095 = CARTESIAN_POINT ( 'NONE',  ( 5.299999999999999822, 4.475799844887776935, 1.940183198845184087 ) ) ;
#2096 = VERTEX_POINT ( 'NONE', #890 ) ;
#2097 = COLOUR_RGB ( '',1.000000000000000000, 1.000000000000000000, 1.000000000000000000 ) ;
#2098 = FACE_OUTER_BOUND ( 'NONE', #3822, .T. ) ;
#2099 = FACE_OUTER_BOUND ( 'NONE', #3671, .T. ) ;
#2100 = SURFACE_STYLE_FILL_AREA ( #1182 ) ;
#2101 = CARTESIAN_POINT ( 'NONE',  ( 5.500000000000000000, -10.57410902396753372, -9.660493549750421849 ) ) ;
#2102 = FACE_OUTER_BOUND ( 'NONE', #252, .T. ) ;
#2103 = AXIS2_PLACEMENT_3D ( 'NONE', #3363, #3664, #717 ) ;
#2104 = ORIENTED_EDGE ( 'NONE', *, *, #2088, .T. ) ;
#2105 = ORIENTED_EDGE ( 'NONE', *, *, #943, .F. ) ;
#2106 = AXIS2_PLACEMENT_3D ( 'NONE', #559, #2627, #1120 ) ;
#2107 = COLOUR_RGB ( '',1.000000000000000000, 1.000000000000000000, 1.000000000000000000 ) ;
#2108 = EDGE_LOOP ( 'NONE', ( #3285, #1853, #3512, #1535 ) ) ;
#2109 = FACE_OUTER_BOUND ( 'NONE', #2820, .T. ) ;
#2110 = CARTESIAN_POINT ( 'NONE',  ( 5.299999999999999822, -2.634728637459605505, 4.601346905050440306 ) ) ;
#2111 = EDGE_LOOP ( 'NONE', ( #901, #1326, #1238, #2869 ) ) ;
#2112 = VECTOR ( 'NONE', #214, 1000.000000000000000 ) ;
#2113 = MECHANICAL_DESIGN_GEOMETRIC_PRESENTATION_REPRESENTATION (  '', ( #981 ), #1620 ) ;
#2114 = ORIENTED_EDGE ( 'NONE', *, *, #346, .T. ) ;
#2115 = ADVANCED_FACE ( 'NONE', ( #3577 ), #583, .F. ) ;
#2116 = SURFACE_STYLE_FILL_AREA ( #2981 ) ;
#2117 = EDGE_LOOP ( 'NONE', ( #3323, #1838, #1627, #1886 ) ) ;
#2118 = ADVANCED_FACE ( 'NONE', ( #2148 ), #3274, .F. ) ;
#2119 = COLOUR_RGB ( '',1.000000000000000000, 1.000000000000000000, 1.000000000000000000 ) ;
#2120 = ADVANCED_FACE ( 'NONE', ( #1816 ), #2161, .F. ) ;
#2121 = DIRECTION ( 'NONE',  ( -1.000000000000000000, 0.000000000000000000, 0.000000000000000000 ) ) ;
#2122 = DIRECTION ( 'NONE',  ( 0.000000000000000000, 0.000000000000000000, -1.000000000000000000 ) ) ;
#2123 = EDGE_LOOP ( 'NONE', ( #2269, #1950, #652 ) ) ;
#2124 = AXIS2_PLACEMENT_3D ( 'NONE', #1846, #354, #1936 ) ;
#2125 = CARTESIAN_POINT ( 'NONE',  ( 1.650000000000000355, -10.24455026136301328, 1.178022776138273553 ) ) ;
#2126 = LINE ( 'NONE', #903, #2410 ) ;
#2127 = EDGE_CURVE ( 'NONE', #1855, #1677, #691, .T. ) ;
#2128 = CARTESIAN_POINT ( 'NONE',  ( 2.050000000000000711, -5.928977554213589407, -5.928977554211866341 ) ) ;
#2129 = FACE_BOUND ( 'NONE', #2800, .T. ) ;
#2130 = CARTESIAN_POINT ( 'NONE',  ( 5.999999999999999112, 1.236257822220631708E-15, 10.09481119847259123 ) ) ;
#2131 = STYLED_ITEM ( 'NONE', ( #2000 ), #2953 ) ;
#2132 = CIRCLE ( 'NONE', #182, 18.12500000000002487 ) ;
#2133 = EDGE_LOOP ( 'NONE', ( #1357, #2150 ) ) ;
#2134 = ORIENTED_EDGE ( 'NONE', *, *, #1423, .F. ) ;
#2135 = AXIS2_PLACEMENT_3D ( 'NONE', #2012, #2266, #3485 ) ;
#2136 = CARTESIAN_POINT ( 'NONE',  ( 2.150000000000000355, -9.807089466095915142, -1.468899966153018211 ) ) ;
#2137 = CARTESIAN_POINT ( 'NONE',  ( 1.950000000000000844, 0.000000000000000000, 0.000000000000000000 ) ) ;
#2138 = VERTEX_POINT ( 'NONE', #306 ) ;
#2139 = CARTESIAN_POINT ( 'NONE',  ( 2.050000000000000711, 7.133942280140794114E-13, 8.384840468174520112 ) ) ;
#2140 = CARTESIAN_POINT ( 'NONE',  ( 2.150000000000000355, -10.43656246094333007, -1.824655387038274679 ) ) ;
#2141 = DIRECTION ( 'NONE',  ( -1.000000000000000000, 0.000000000000000000, 0.000000000000000000 ) ) ;
#2142 = EDGE_LOOP ( 'NONE', ( #2245, #523, #3529, #1311 ) ) ;
#2143 = DIRECTION ( 'NONE',  ( -1.000000000000000000, 0.000000000000000000, 0.000000000000000000 ) ) ;
#2144 = CYLINDRICAL_SURFACE ( 'NONE', #3572, 18.12500000000002842 ) ;
#2145 =( NAMED_UNIT ( * ) SI_UNIT ( $, .STERADIAN. ) SOLID_ANGLE_UNIT ( ) );
#2146 = DIRECTION ( 'NONE',  ( 0.000000000000000000, 0.000000000000000000, -1.000000000000000000 ) ) ;
#2147 = EDGE_CURVE ( 'NONE', #1105, #806, #2992, .T. ) ;
#2148 = FACE_OUTER_BOUND ( 'NONE', #3414, .T. ) ;
#2149 = VERTEX_POINT ( 'NONE', #2130 ) ;
#2150 = ORIENTED_EDGE ( 'NONE', *, *, #1305, .F. ) ;
#2151 = CARTESIAN_POINT ( 'NONE',  ( 5.299999999999999822, 3.731816441755540836, -3.141757651638739546 ) ) ;
#2152 = DIRECTION ( 'NONE',  ( 0.000000000000000000, 0.000000000000000000, 1.000000000000000000 ) ) ;
#2153 = VERTEX_POINT ( 'NONE', #361 ) ;
#2154 = DIRECTION ( 'NONE',  ( -1.000000000000000000, -0.000000000000000000, -0.000000000000000000 ) ) ;
#2155 = EDGE_LOOP ( 'NONE', ( #819, #545 ) ) ;
#2156 = DIRECTION ( 'NONE',  ( -1.000000000000000000, -0.000000000000000000, -0.000000000000000000 ) ) ;
#2157 = DIRECTION ( 'NONE',  ( -1.000000000000000000, 0.000000000000000000, 0.000000000000000000 ) ) ;
#2158 = CARTESIAN_POINT ( 'NONE',  ( 5.299999999999999822, -1.986845881379553536, 8.932505486385943883 ) ) ;
#2159 = DIRECTION ( 'NONE',  ( 0.000000000000000000, 0.000000000000000000, 1.000000000000000000 ) ) ;
#2160 = EDGE_CURVE ( 'NONE', #2577, #1638, #2849, .T. ) ;
#2161 = CYLINDRICAL_SURFACE ( 'NONE', #745, 18.12500000000002132 ) ;
#2162 = EDGE_CURVE ( 'NONE', #2030, #3762, #929, .T. ) ;
#2163 = DIRECTION ( 'NONE',  ( 0.000000000000000000, 0.000000000000000000, 1.000000000000000000 ) ) ;
#2164 = AXIS2_PLACEMENT_3D ( 'NONE', #1937, #2814, #3352 ) ;
#2165 = CARTESIAN_POINT ( 'NONE',  ( 5.299999999999999822, -1.306128440433631965, -14.26292206290865217 ) ) ;
#2166 = SURFACE_SIDE_STYLE ('',( #1323 ) ) ;
#2167 = VERTEX_POINT ( 'NONE', #3009 ) ;
#2168 = VECTOR ( 'NONE', #552, 1000.000000000000000 ) ;
#2169 = CARTESIAN_POINT ( 'NONE',  ( 1.650000000000000355, -9.389554580600531608, 0.7587099297485523364 ) ) ;
#2170 = DIRECTION ( 'NONE',  ( 0.000000000000000000, 0.000000000000000000, 1.000000000000000000 ) ) ;
#2171 = CIRCLE ( 'NONE', #980, 1.052971106430117931 ) ;
#2172 = AXIS2_PLACEMENT_3D ( 'NONE', #1516, #1862, #3019 ) ;
#2173 = CARTESIAN_POINT ( 'NONE',  ( 0.2500000000000000000, 0.000000000000000000, -6.049999999999999822 ) ) ;
#2174 = VERTEX_POINT ( 'NONE', #1268 ) ;
#2175 = DIRECTION ( 'NONE',  ( 0.000000000000000000, 0.000000000000000000, 1.000000000000000000 ) ) ;
#2176 = AXIS2_PLACEMENT_3D ( 'NONE', #2503, #1009, #3377 ) ;
#2177 = COLOUR_RGB ( '',1.000000000000000000, 1.000000000000000000, 1.000000000000000000 ) ;
#2178 = CARTESIAN_POINT ( 'NONE',  ( 5.299999999999999822, -7.486086856510516974, 5.262671792679411986 ) ) ;
#2179 = DIRECTION ( 'NONE',  ( 0.000000000000000000, 0.000000000000000000, -1.000000000000000000 ) ) ;
#2180 = MECHANICAL_DESIGN_GEOMETRIC_PRESENTATION_REPRESENTATION (  '', ( #1980 ), #1982 ) ;
#2181 = AXIS2_PLACEMENT_3D ( 'NONE', #701, #1522, #947 ) ;
#2182 = CYLINDRICAL_SURFACE ( 'NONE', #1119, 18.12500000000002487 ) ;
#2183 = DIRECTION ( 'NONE',  ( -1.000000000000000000, 0.000000000000000000, 0.000000000000000000 ) ) ;
#2184 = VECTOR ( 'NONE', #2732, 1000.000000000000000 ) ;
#2185 = DIRECTION ( 'NONE',  ( 1.000000000000000000, -0.000000000000000000, -0.000000000000000000 ) ) ;
#2186 = CARTESIAN_POINT ( 'NONE',  ( 5.500000000000000000, -5.079471773621127006, 7.611581788410499705 ) ) ;
#2187 = AXIS2_PLACEMENT_3D ( 'NONE', #2517, #3376, #108 ) ;
#2188 = ORIENTED_EDGE ( 'NONE', *, *, #2909, .F. ) ;
#2189 = EDGE_CURVE ( 'NONE', #2299, #2591, #2594, .T. ) ;
#2190 = SURFACE_STYLE_FILL_AREA ( #3717 ) ;
#2191 = CIRCLE ( 'NONE', #506, 11.49999999999999822 ) ;
#2192 = DIRECTION ( 'NONE',  ( -0.000000000000000000, 0.000000000000000000, 1.000000000000000000 ) ) ;
#2193 = CARTESIAN_POINT ( 'NONE',  ( 1.950000000000000622, 5.928977554213588519, 5.928977554213292755 ) ) ;
#2194 = EDGE_CURVE ( 'NONE', #2294, #1796, #2373, .T. ) ;
#2195 = EDGE_LOOP ( 'NONE', ( #2888, #472 ) ) ;
#2196 = VECTOR ( 'NONE', #1211, 1000.000000000000000 ) ;
#2197 = DIRECTION ( 'NONE',  ( 0.000000000000000000, 0.000000000000000000, 1.000000000000000000 ) ) ;
#2198 = DIRECTION ( 'NONE',  ( 0.000000000000000000, 0.000000000000000000, 1.000000000000000000 ) ) ;
#2199 = LINE ( 'NONE', #2254, #1360 ) ;
#2200 = DIRECTION ( 'NONE',  ( 1.000000000000000000, 0.000000000000000000, 0.000000000000000000 ) ) ;
#2201 = LINE ( 'NONE', #2774, #1490 ) ;
#2202 = B_SPLINE_CURVE_WITH_KNOTS ( 'NONE', 3,
 ( #238, #281, #1479, #2241, #1929, #582, #3498, #1436, #1336, #1756 ),
 .UNSPECIFIED., .F., .F.,
 ( 4, 2, 2, 2, 4 ),
 ( 4.717612705912656118E-17, 0.0002623847204249210000, 0.0005247694408497948371, 0.0007871541612746686201, 0.001049538881699542620 ),
 .UNSPECIFIED. ) ;
#2203 = CARTESIAN_POINT ( 'NONE',  ( 1.828492631283257230, -10.56354193170132660, -1.725738207368507249 ) ) ;
#2204 = CYLINDRICAL_SURFACE ( 'NONE', #3791, 7.420643186336786101 ) ;
#2205 = ORIENTED_EDGE ( 'NONE', *, *, #3564, .F. ) ;
#2206 = EDGE_CURVE ( 'NONE', #1136, #2561, #3600, .T. ) ;
#2207 = DIRECTION ( 'NONE',  ( -1.000000000000000000, 0.000000000000000000, 0.000000000000000000 ) ) ;
#2208 = ADVANCED_FACE ( 'NONE', ( #74 ), #2652, .F. ) ;
#2209 = ORIENTED_EDGE ( 'NONE', *, *, #2615, .T. ) ;
#2210 = CARTESIAN_POINT ( 'NONE',  ( 2.150000000000000355, -4.591491110451058510, -4.313723378086375959 ) ) ;
#2211 = DIRECTION ( 'NONE',  ( 0.000000000000000000, 0.000000000000000000, -1.000000000000000000 ) ) ;
#2212 = LINE ( 'NONE', #3115, #975 ) ;
#2213 = CARTESIAN_POINT ( 'NONE',  ( 5.500000000000000000, -2.634728637459605505, 4.601346905050440306 ) ) ;
#2214 = LINE ( 'NONE', #1332, #1916 ) ;
#2215 = CARTESIAN_POINT ( 'NONE',  ( 1.950000000000000622, -7.144210748181505359E-13, -7.331869361742500146 ) ) ;
#2216 = CARTESIAN_POINT ( 'NONE',  ( 2.057264976930914813, -10.65159256884592054, -1.855850702719127110 ) ) ;
#2217 = CARTESIAN_POINT ( 'NONE',  ( 2.150000000000000355, -0.000000000000000000, 2.735978542277934356 ) ) ;
#2218 = ORIENTED_EDGE ( 'NONE', *, *, #1686, .T. ) ;
#2219 = VERTEX_POINT ( 'NONE', #2215 ) ;
#2220 = VERTEX_POINT ( 'NONE', #702 ) ;
#2221 = CARTESIAN_POINT ( 'NONE',  ( 1.650000000000000355, -10.07236702397953998, 1.007865683466702134 ) ) ;
#2222 = SURFACE_STYLE_FILL_AREA ( #3127 ) ;
#2223 = PRESENTATION_LAYER_ASSIGNMENT (  '', '', ( #1734 ) ) ;
#2224 = AXIS2_PLACEMENT_3D ( 'NONE', #697, #671, #1262 ) ;
#2225 = EDGE_CURVE ( 'NONE', #585, #1911, #1284, .T. ) ;
#2226 = DIRECTION ( 'NONE',  ( -1.000000000000000000, -0.000000000000000000, 0.000000000000000000 ) ) ;
#2227 = EDGE_CURVE ( 'NONE', #1507, #1948, #2201, .T. ) ;
#2228 = DIRECTION ( 'NONE',  ( 1.000000000000000000, -0.000000000000000000, -0.000000000000000000 ) ) ;
#2229 = CIRCLE ( 'NONE', #2714, 18.12500000000009948 ) ;
#2230 = FACE_BOUND ( 'NONE', #2974, .T. ) ;
#2231 = AXIS2_PLACEMENT_3D ( 'NONE', #3338, #93, #1285 ) ;
#2232 = AXIS2_PLACEMENT_3D ( 'NONE', #1215, #10, #1199 ) ;
#2233 = FACE_OUTER_BOUND ( 'NONE', #449, .T. ) ;
#2234 = EDGE_CURVE ( 'NONE', #1507, #2319, #861, .T. ) ;
#2235 = DIRECTION ( 'NONE',  ( -1.000000000000000000, -0.000000000000000000, -0.000000000000000000 ) ) ;
#2236 = CIRCLE ( 'NONE', #3097, 18.12500000000002842 ) ;
#2237 = EDGE_CURVE ( 'NONE', #1080, #1783, #128, .T. ) ;
#2238 = B_SPLINE_CURVE_WITH_KNOTS ( 'NONE', 3,
 ( #1214, #2983, #2939, #1844 ),
 .UNSPECIFIED., .F., .F.,
 ( 4, 4 ),
 ( 2.568621165585796488E-17, 0.0003260783788711139972 ),
 .UNSPECIFIED. ) ;
#2239 = AXIS2_PLACEMENT_3D ( 'NONE', #2014, #457, #3165 ) ;
#2240 = ORIENTED_EDGE ( 'NONE', *, *, #1299, .T. ) ;
#2241 = CARTESIAN_POINT ( 'NONE',  ( 1.836168703002422076, -10.56448178307581287, 1.756566097117715719 ) ) ;
#2242 = CARTESIAN_POINT ( 'NONE',  ( 1.850000000000000533, 0.000000000000000000, -3.435284977019530839 ) ) ;
#2243 = CIRCLE ( 'NONE', #2301, 4.184091487287177280 ) ;
#2244 = UNCERTAINTY_MEASURE_WITH_UNIT (LENGTH_MEASURE( 1.000000000000000082E-05 ), #859, 'distance_accuracy_value', 'NONE');
#2245 = ORIENTED_EDGE ( 'NONE', *, *, #243, .T. ) ;
#2246 = VERTEX_POINT ( 'NONE', #3676 ) ;
#2247 = AXIS2_PLACEMENT_3D ( 'NONE', #961, #1283, #2159 ) ;
#2248 = FACE_OUTER_BOUND ( 'NONE', #2891, .T. ) ;
#2249 =( LENGTH_UNIT ( ) NAMED_UNIT ( * ) SI_UNIT ( .MILLI., .METRE. ) );
#2250 = VERTEX_POINT ( 'NONE', #382 ) ;
#2251 = VECTOR ( 'NONE', #867, 1000.000000000000000 ) ;
#2252 = DIRECTION ( 'NONE',  ( -1.000000000000000000, -0.000000000000000000, -0.000000000000000000 ) ) ;
#2253 = CARTESIAN_POINT ( 'NONE',  ( 5.299999999999999822, 6.391608597513505963, -6.548629654886687135 ) ) ;
#2254 = CARTESIAN_POINT ( 'NONE',  ( 1.850000000000000533, -6.577595489659614714, 3.435284977019530839 ) ) ;
#2255 = DIRECTION ( 'NONE',  ( 0.000000000000000000, 0.000000000000000000, -1.000000000000000000 ) ) ;
#2256 = DIRECTION ( 'NONE',  ( -1.000000000000000000, 0.000000000000000000, 0.000000000000000000 ) ) ;
#2257 = AXIS2_PLACEMENT_3D ( 'NONE', #1337, #1030, #404 ) ;
#2258 = DIRECTION ( 'NONE',  ( 0.000000000000000000, 0.000000000000000000, 1.000000000000000000 ) ) ;
#2259 = ADVANCED_FACE ( 'NONE', ( #1943 ), #2518, .F. ) ;
#2260 = EDGE_CURVE ( 'NONE', #507, #2703, #984, .T. ) ;
#2261 = CARTESIAN_POINT ( 'NONE',  ( 5.500000000000000000, 0.000000000000000000, -10.09481119847259123 ) ) ;
#2262 =( LENGTH_UNIT ( ) NAMED_UNIT ( * ) SI_UNIT ( .MILLI., .METRE. ) );
#2263 = ORIENTED_EDGE ( 'NONE', *, *, #1395, .F. ) ;
#2264 = ORIENTED_EDGE ( 'NONE', *, *, #586, .F. ) ;
#2265 = CARTESIAN_POINT ( 'NONE',  ( 1.850000000000000533, -5.875128798320044865, -4.533079185507027375 ) ) ;
#2266 = DIRECTION ( 'NONE',  ( 1.000000000000000000, 0.000000000000000000, -0.000000000000000000 ) ) ;
#2267 = ORIENTED_EDGE ( 'NONE', *, *, #2328, .F. ) ;
#2268 = FILL_AREA_STYLE_COLOUR ( '', #1496 ) ;
#2269 = ORIENTED_EDGE ( 'NONE', *, *, #489, .F. ) ;
#2270 =( NAMED_UNIT ( * ) PLANE_ANGLE_UNIT ( ) SI_UNIT ( $, .RADIAN. ) );
#2271 =( NAMED_UNIT ( * ) PLANE_ANGLE_UNIT ( ) SI_UNIT ( $, .RADIAN. ) );
#2272 = CARTESIAN_POINT ( 'NONE',  ( 5.500999999999999446, 0.000000000000000000, 0.000000000000000000 ) ) ;
#2273 = DIRECTION ( 'NONE',  ( 1.000000000000000000, 0.000000000000000000, 0.000000000000000000 ) ) ;
#2274 = CYLINDRICAL_SURFACE ( 'NONE', #1432, 18.12500000000002487 ) ;
#2275 = ADVANCED_FACE ( 'NONE', ( #2817 ), #3120, .F. ) ;
#2276 = LINE ( 'NONE', #3501, #3651 ) ;
#2277 = ORIENTED_EDGE ( 'NONE', *, *, #2350, .T. ) ;
#2278 = CIRCLE ( 'NONE', #601, 1.052971106429616555 ) ;
#2279 = ORIENTED_EDGE ( 'NONE', *, *, #3465, .T. ) ;
#2280 = PLANE ( 'NONE',  #3198 ) ;
#2281 = CARTESIAN_POINT ( 'NONE',  ( 1.650000000000000355, 0.000000000000000000, 0.000000000000000000 ) ) ;
#2282 = ORIENTED_EDGE ( 'NONE', *, *, #3187, .F. ) ;
#2283 = CARTESIAN_POINT ( 'NONE',  ( 1.950000000000000622, 6.707210014844418922, 2.382932679459932590 ) ) ;
#2284 = SURFACE_SIDE_STYLE ('',( #549 ) ) ;
#2285 = VERTEX_POINT ( 'NONE', #1925 ) ;
#2286 = CARTESIAN_POINT ( 'NONE',  ( 5.500999999999999446, 0.000000000000000000, 4.184091487287177280 ) ) ;
#2287 = DIRECTION ( 'NONE',  ( 1.000000000000000000, 0.000000000000000000, -0.000000000000000000 ) ) ;
#2288 = PRESENTATION_LAYER_ASSIGNMENT (  '', '', ( #793 ) ) ;
#2289 = CARTESIAN_POINT ( 'NONE',  ( 1.850000000000000533, -4.591491110451058510, 4.313723378086375959 ) ) ;
#2290 = FACE_OUTER_BOUND ( 'NONE', #2539, .T. ) ;
#2291 = AXIS2_PLACEMENT_3D ( 'NONE', #82, #2460, #2312 ) ;
#2292 = CARTESIAN_POINT ( 'NONE',  ( 5.299999999999999822, 3.934433231962708888, -13.77160674789748818 ) ) ;
#2293 = AXIS2_PLACEMENT_3D ( 'NONE', #2128, #3833, #3314 ) ;
#2294 = VERTEX_POINT ( 'NONE', #3358 ) ;
#2295 = AXIS2_PLACEMENT_3D ( 'NONE', #242, #2537, #1983 ) ;
#2296 = CYLINDRICAL_SURFACE ( 'NONE', #2610, 18.12500000000002842 ) ;
#2297 = ORIENTED_EDGE ( 'NONE', *, *, #3668, .F. ) ;
#2298 = AXIS2_PLACEMENT_3D ( 'NONE', #2139, #61, #1255 ) ;
#2299 = VERTEX_POINT ( 'NONE', #159 ) ;
#2300 = VERTEX_POINT ( 'NONE', #3659 ) ;
#2301 = AXIS2_PLACEMENT_3D ( 'NONE', #970, #1882, #649 ) ;
#2302 = PLANE ( 'NONE',  #1787 ) ;
#2303 = EDGE_CURVE ( 'NONE', #1406, #3810, #1173, .T. ) ;
#2304 = SURFACE_STYLE_FILL_AREA ( #1766 ) ;
#2305 = CARTESIAN_POINT ( 'NONE',  ( 5.299999999999999822, -6.661647815755104673, 0.6241805327689065042 ) ) ;
#2306 = DIRECTION ( 'NONE',  ( 1.000000000000000000, 0.000000000000000000, 0.000000000000000000 ) ) ;
#2307 = ORIENTED_EDGE ( 'NONE', *, *, #1835, .F. ) ;
#2308 = SURFACE_SIDE_STYLE ('',( #209 ) ) ;
#2309 = MECHANICAL_DESIGN_GEOMETRIC_PRESENTATION_REPRESENTATION (  '', ( #3533 ), #67 ) ;
#2310 = CARTESIAN_POINT ( 'NONE',  ( 1.650000000000000355, -9.995833720651534193, -0.7699201523236727240 ) ) ;
#2311 = AXIS2_PLACEMENT_3D ( 'NONE', #2581, #2564, #1713 ) ;
#2312 = DIRECTION ( 'NONE',  ( 0.000000000000000000, 0.000000000000000000, 1.000000000000000000 ) ) ;
#2313 = DIRECTION ( 'NONE',  ( -1.000000000000000000, 0.000000000000000000, 0.000000000000000000 ) ) ;
#2314 = CIRCLE ( 'NONE', #3052, 10.81205836478312143 ) ;
#2315 = CARTESIAN_POINT ( 'NONE',  ( 2.150000000000000355, -9.504919181306432208, 5.153359820574319627 ) ) ;
#2316 = DIRECTION ( 'NONE',  ( 1.000000000000000000, -0.000000000000000000, -0.000000000000000000 ) ) ;
#2317 = ORIENTED_EDGE ( 'NONE', *, *, #918, .F. ) ;
#2318 = ORIENTED_EDGE ( 'NONE', *, *, #1254, .F. ) ;
#2319 = VERTEX_POINT ( 'NONE', #678 ) ;
#2320 = DIRECTION ( 'NONE',  ( -1.000000000000000000, 0.000000000000000000, 0.000000000000000000 ) ) ;
#2321 = LINE ( 'NONE', #839, #1644 ) ;
#2322 = ORIENTED_EDGE ( 'NONE', *, *, #1138, .F. ) ;
#2323 = ADVANCED_FACE ( 'NONE', ( #3103 ), #144, .F. ) ;
#2324 = SURFACE_STYLE_USAGE ( .BOTH. , #630 ) ;
#2325 =( LENGTH_UNIT ( ) NAMED_UNIT ( * ) SI_UNIT ( .MILLI., .METRE. ) );
#2326 = EDGE_LOOP ( 'NONE', ( #930, #2973, #1818, #2081 ) ) ;
#2327 = ADVANCED_FACE ( 'NONE', ( #3637 ), #2532, .F. ) ;
#2328 = EDGE_CURVE ( 'NONE', #288, #54, #362, .T. ) ;
#2329 = FILL_AREA_STYLE_COLOUR ( '', #2097 ) ;
#2330 = CARTESIAN_POINT ( 'NONE',  ( 3.299999999999998934, 1.408343819019456176E-15, -11.50000000000000000 ) ) ;
#2331 = ORIENTED_EDGE ( 'NONE', *, *, #394, .F. ) ;
#2332 = DIRECTION ( 'NONE',  ( 0.000000000000000000, 0.000000000000000000, 1.000000000000000000 ) ) ;
#2333 = DIRECTION ( 'NONE',  ( 0.000000000000000000, 0.000000000000000000, 1.000000000000000000 ) ) ;
#2334 = DIRECTION ( 'NONE',  ( 1.000000000000000000, -0.000000000000000000, -0.000000000000000000 ) ) ;
#2335 = ORIENTED_EDGE ( 'NONE', *, *, #2068, .T. ) ;
#2336 = ORIENTED_EDGE ( 'NONE', *, *, #989, .T. ) ;
#2337 = ORIENTED_EDGE ( 'NONE', *, *, #2352, .F. ) ;
#2338 = DIRECTION ( 'NONE',  ( 0.000000000000000000, 0.000000000000000000, 1.000000000000000000 ) ) ;
#2339 = CYLINDRICAL_SURFACE ( 'NONE', #2375, 10.81205836478311966 ) ;
#2340 = ORIENTED_EDGE ( 'NONE', *, *, #1423, .T. ) ;
#2341 = SURFACE_SIDE_STYLE ('',( #3228 ) ) ;
#2342 = VERTEX_POINT ( 'NONE', #1871 ) ;
#2343 = DIRECTION ( 'NONE',  ( -1.000000000000000000, -0.000000000000000000, -0.000000000000000000 ) ) ;
#2344 = EDGE_CURVE ( 'NONE', #1406, #1191, #1645, .T. ) ;
#2345 = LINE ( 'NONE', #533, #3517 ) ;
#2346 = CARTESIAN_POINT ( 'NONE',  ( 5.500000000000000000, 12.16917575532013451, 7.553017854579183954 ) ) ;
#2347 = SURFACE_SIDE_STYLE ('',( #2727 ) ) ;
#2348 = FILL_AREA_STYLE ('',( #212 ) ) ;
#2349 = DIRECTION ( 'NONE',  ( 0.000000000000000000, 0.000000000000000000, 1.000000000000000000 ) ) ;
#2350 = EDGE_CURVE ( 'NONE', #2666, #2153, #3408, .T. ) ;
#2351 = VECTOR ( 'NONE', #1159, 1000.000000000000000 ) ;
#2352 = EDGE_CURVE ( 'NONE', #584, #2285, #716, .T. ) ;
#2353 = CARTESIAN_POINT ( 'NONE',  ( 1.950000000000000622, 7.133942280140794114E-13, 8.384840468174520112 ) ) ;
#2354 = ORIENTED_EDGE ( 'NONE', *, *, #1812, .F. ) ;
#2355 = AXIS2_PLACEMENT_3D ( 'NONE', #848, #1979, #3748 ) ;
#2356 = FACE_OUTER_BOUND ( 'NONE', #1134, .T. ) ;
#2357 = AXIS2_PLACEMENT_3D ( 'NONE', #3078, #126, #2500 ) ;
#2358 = ORIENTED_EDGE ( 'NONE', *, *, #2741, .T. ) ;
#2359 = DIRECTION ( 'NONE',  ( 0.000000000000000000, 0.000000000000000000, 1.000000000000000000 ) ) ;
#2360 = ORIENTED_EDGE ( 'NONE', *, *, #1365, .F. ) ;
#2361 = ORIENTED_EDGE ( 'NONE', *, *, #485, .F. ) ;
#2362 = CARTESIAN_POINT ( 'NONE',  ( 1.850000000000000533, 0.5859629825788215118, -3.428968564720510592 ) ) ;
#2363 = CARTESIAN_POINT ( 'NONE',  ( 1.950000000000000622, -5.928977554213589407, -4.876006447780867781 ) ) ;
#2364 = VERTEX_POINT ( 'NONE', #1904 ) ;
#2365 = CIRCLE ( 'NONE', #373, 1.052971106430117931 ) ;
#2366 = DIRECTION ( 'NONE',  ( 0.000000000000000000, 0.000000000000000000, 1.000000000000000000 ) ) ;
#2367 = FACE_OUTER_BOUND ( 'NONE', #1596, .T. ) ;
#2368 = DIRECTION ( 'NONE',  ( 0.000000000000000000, 0.000000000000000000, -1.000000000000000000 ) ) ;
#2369 = AXIS2_PLACEMENT_3D ( 'NONE', #1298, #418, #441 ) ;
#2370 = DIRECTION ( 'NONE',  ( 0.000000000000000000, 0.000000000000000000, 1.000000000000000000 ) ) ;
#2371 = CIRCLE ( 'NONE', #2806, 18.12500000000002487 ) ;
#2372 = ADVANCED_FACE ( 'NONE', ( #3457 ), #260, .T. ) ;
#2373 = LINE ( 'NONE', #50, #3354 ) ;
#2374 = ADVANCED_FACE ( 'NONE', ( #2001 ), #3190, .T. ) ;
#2375 = AXIS2_PLACEMENT_3D ( 'NONE', #1129, #488, #1703 ) ;
#2376 = ORIENTED_EDGE ( 'NONE', *, *, #2753, .T. ) ;
#2377 = ORIENTED_EDGE ( 'NONE', *, *, #3465, .F. ) ;
#2378 = ORIENTED_EDGE ( 'NONE', *, *, #2303, .T. ) ;
#2379 = SURFACE_STYLE_FILL_AREA ( #269 ) ;
#2380 = DIRECTION ( 'NONE',  ( 1.000000000000000000, -0.000000000000000000, -0.000000000000000000 ) ) ;
#2381 = ORIENTED_EDGE ( 'NONE', *, *, #1181, .F. ) ;
#2382 = CARTESIAN_POINT ( 'NONE',  ( 2.150000000000000355, -9.730941583433986963, -1.285901447274202081 ) ) ;
#2383 = ORIENTED_EDGE ( 'NONE', *, *, #3837, .T. ) ;
#2384 = CARTESIAN_POINT ( 'NONE',  ( 2.150000000000000355, -5.875128798320044865, -4.533079185507027375 ) ) ;
#2385 = B_SPLINE_CURVE_WITH_KNOTS ( 'NONE', 3,
 ( #1893, #403, #1029, #1608, #3678, #2435, #2203, #3321, #2216, #1840 ),
 .UNSPECIFIED., .F., .F.,
 ( 4, 2, 2, 2, 4 ),
 ( -5.023786230422953512E-06, 0.0002670916883397177525, 0.0005392071629098584441, 0.0008113226374799991899, 0.001083438112050139285 ),
 .UNSPECIFIED. ) ;
#2386 = DIRECTION ( 'NONE',  ( -1.000000000000000000, 0.000000000000000000, 0.000000000000000000 ) ) ;
#2387 = CARTESIAN_POINT ( 'NONE',  ( 5.299999999999999822, -17.25772886347291646, 15.01996781343530074 ) ) ;
#2388 = DIRECTION ( 'NONE',  ( 0.000000000000000000, 0.000000000000000000, 1.000000000000000000 ) ) ;
#2389 = EDGE_CURVE ( 'NONE', #1677, #910, #2584, .T. ) ;
#2390 = VERTEX_POINT ( 'NONE', #3771 ) ;
#2391 = EDGE_CURVE ( 'NONE', #3718, #3428, #1455, .T. ) ;
#2392 = VERTEX_POINT ( 'NONE', #3133 ) ;
#2393 = ORIENTED_EDGE ( 'NONE', *, *, #1738, .F. ) ;
#2394 =( NAMED_UNIT ( * ) SI_UNIT ( $, .STERADIAN. ) SOLID_ANGLE_UNIT ( ) );
#2395 = LINE ( 'NONE', #951, #2196 ) ;
#2396 = ORIENTED_EDGE ( 'NONE', *, *, #415, .F. ) ;
#2397 = EDGE_CURVE ( 'NONE', #1660, #2149, #3812, .T. ) ;
#2398 = SURFACE_SIDE_STYLE ('',( #7 ) ) ;
#2399 = DIRECTION ( 'NONE',  ( 0.000000000000000000, 0.000000000000000000, 1.000000000000000000 ) ) ;
#2400 = CARTESIAN_POINT ( 'NONE',  ( 5.500000000000000000, 0.000000000000000000, 0.000000000000000000 ) ) ;
#2401 = CIRCLE ( 'NONE', #3690, 18.12500000000009948 ) ;
#2402 = PLANE ( 'NONE',  #1375 ) ;
#2403 = ORIENTED_EDGE ( 'NONE', *, *, #3059, .T. ) ;
#2404 = DIRECTION ( 'NONE',  ( 0.000000000000000000, 0.000000000000000000, -1.000000000000000000 ) ) ;
#2405 = DIRECTION ( 'NONE',  ( 0.000000000000000000, 0.000000000000000000, 1.000000000000000000 ) ) ;
#2406 = PLANE ( 'NONE',  #988 ) ;
#2407 = AXIS2_PLACEMENT_3D ( 'NONE', #1447, #571, #3760 ) ;
#2408 = CARTESIAN_POINT ( 'NONE',  ( 4.649999999999998579, 0.000000000000000000, 0.000000000000000000 ) ) ;
#2409 = COLOUR_RGB ( '',1.000000000000000000, 1.000000000000000000, 1.000000000000000000 ) ;
#2410 = VECTOR ( 'NONE', #2064, 1000.000000000000000 ) ;
#2411 = ORIENTED_EDGE ( 'NONE', *, *, #1812, .T. ) ;
#2412 = STYLED_ITEM ( 'NONE', ( #2673 ), #756 ) ;
#2413 = ORIENTED_EDGE ( 'NONE', *, *, #1923, .T. ) ;
#2414 = CARTESIAN_POINT ( 'NONE',  ( 5.500000000000000000, -9.077724002720088947, -1.154182719994921502 ) ) ;
#2415 = CARTESIAN_POINT ( 'NONE',  ( 5.299999999999999822, 12.16917575532013451, 7.553017854579183954 ) ) ;
#2416 = ORIENTED_EDGE ( 'NONE', *, *, #2592, .T. ) ;
#2417 = CIRCLE ( 'NONE', #2653, 0.2500000000000002220 ) ;
#2418 = CARTESIAN_POINT ( 'NONE',  ( 5.500000000000000000, -3.013107768710960421, -8.640508804163832934 ) ) ;
#2419 = VECTOR ( 'NONE', #70, 1000.000000000000000 ) ;
#2420 = CARTESIAN_POINT ( 'NONE',  ( 1.650000000000016342, -10.43656245509851388, -1.824655293396076683 ) ) ;
#2421 = EDGE_CURVE ( 'NONE', #2096, #3787, #831, .T. ) ;
#2422 = LINE ( 'NONE', #3590, #1560 ) ;
#2423 = ORIENTED_EDGE ( 'NONE', *, *, #2796, .T. ) ;
#2424 = COLOUR_RGB ( '',0.5019607843137254832, 0.5019607843137254832, 0.5019607843137254832 ) ;
#2425 = LINE ( 'NONE', #3593, #3469 ) ;
#2426 = DIRECTION ( 'NONE',  ( -1.000000000000000000, 0.000000000000000000, 0.000000000000000000 ) ) ;
#2427 = CARTESIAN_POINT ( 'NONE',  ( 0.2500000000000000000, 0.000000000000000000, 0.000000000000000000 ) ) ;
#2428 = SURFACE_SIDE_STYLE ('',( #1501 ) ) ;
#2429 = DIRECTION ( 'NONE',  ( 1.000000000000000000, -0.000000000000000000, -0.000000000000000000 ) ) ;
#2430 =( GEOMETRIC_REPRESENTATION_CONTEXT ( 3 ) GLOBAL_UNCERTAINTY_ASSIGNED_CONTEXT ( ( #952 ) ) GLOBAL_UNIT_ASSIGNED_CONTEXT ( ( #2918, #1449, #1565 ) ) REPRESENTATION_CONTEXT ( 'NONE', 'WORKASPACE' ) );
#2431 = CIRCLE ( 'NONE', #566, 10.09481119847259123 ) ;
#2432 = DIRECTION ( 'NONE',  ( 1.000000000000000000, -0.000000000000000000, -0.000000000000000000 ) ) ;
#2433 = ORIENTED_EDGE ( 'NONE', *, *, #130, .T. ) ;
#2434 = AXIS2_PLACEMENT_3D ( 'NONE', #1363, #568, #2890 ) ;
#2435 = CARTESIAN_POINT ( 'NONE',  ( 1.777173263337506803, -10.52135584284870795, -1.659514266982176744 ) ) ;
#2436 = CARTESIAN_POINT ( 'NONE',  ( 5.299999999999999822, -6.397968129008065219, 12.81416876335214816 ) ) ;
#2437 = UNCERTAINTY_MEASURE_WITH_UNIT (LENGTH_MEASURE( 1.000000000000000082E-05 ), #2325, 'distance_accuracy_value', 'NONE');
#2438 = ORIENTED_EDGE ( 'NONE', *, *, #2932, .T. ) ;
#2439 = CIRCLE ( 'NONE', #2257, 10.81205836478312321 ) ;
#2440 = ORIENTED_EDGE ( 'NONE', *, *, #3523, .T. ) ;
#2441 = CARTESIAN_POINT ( 'NONE',  ( 5.299999999999999822, -2.410608444043540022, 6.241483788982693959 ) ) ;
#2442 = CARTESIAN_POINT ( 'NONE',  ( 1.650000000000000355, -10.68512511717250035, 1.872857459335960373 ) ) ;
#2443 = CARTESIAN_POINT ( 'NONE',  ( 0.000000000000000000, 1.324095266862601398E-15, -10.81205836478311966 ) ) ;
#2444 = ORIENTED_EDGE ( 'NONE', *, *, #891, .T. ) ;
#2445 = EDGE_CURVE ( 'NONE', #1744, #1172, #3635, .T. ) ;
#2446 = DIRECTION ( 'NONE',  ( -1.000000000000000000, -0.000000000000000000, 0.000000000000000000 ) ) ;
#2447 = EDGE_CURVE ( 'NONE', #2908, #2030, #3440, .T. ) ;
#2448 = DIRECTION ( 'NONE',  ( 1.000000000000000000, -0.000000000000000000, -0.000000000000000000 ) ) ;
#2449 = FACE_OUTER_BOUND ( 'NONE', #3002, .T. ) ;
#2450 = CARTESIAN_POINT ( 'NONE',  ( 0.2500000000000000000, 0.000000000000000000, 6.299999999999999822 ) ) ;
#2451 = DIRECTION ( 'NONE',  ( 0.000000000000000000, 0.000000000000000000, -1.000000000000000000 ) ) ;
#2452 = AXIS2_PLACEMENT_3D ( 'NONE', #2966, #656, #343 ) ;
#2453 = DIRECTION ( 'NONE',  ( 0.000000000000000000, 0.000000000000000000, -1.000000000000000000 ) ) ;
#2454 = EDGE_LOOP ( 'NONE', ( #1028, #2055, #3379, #1784 ) ) ;
#2455 = ORIENTED_EDGE ( 'NONE', *, *, #1155, .T. ) ;
#2456 =( NAMED_UNIT ( * ) SI_UNIT ( $, .STERADIAN. ) SOLID_ANGLE_UNIT ( ) );
#2457 = ORIENTED_EDGE ( 'NONE', *, *, #3523, .F. ) ;
#2458 = DIRECTION ( 'NONE',  ( -1.000000000000000000, 0.000000000000000000, 0.000000000000000000 ) ) ;
#2459 = CARTESIAN_POINT ( 'NONE',  ( 1.650000000000000355, -9.328477600182131013, -0.3914912557810256155 ) ) ;
#2460 = DIRECTION ( 'NONE',  ( -1.000000000000000000, 0.000000000000000000, 0.000000000000000000 ) ) ;
#2461 = EDGE_LOOP ( 'NONE', ( #1335, #1739 ) ) ;
#2462 = DIRECTION ( 'NONE',  ( 1.000000000000000000, 0.000000000000000000, -0.000000000000000000 ) ) ;
#2463 = FACE_OUTER_BOUND ( 'NONE', #521, .T. ) ;
#2464 = ADVANCED_FACE ( 'NONE', ( #2899 ), #3173, .T. ) ;
#2465 = SURFACE_STYLE_FILL_AREA ( #1349 ) ;
#2466 = CARTESIAN_POINT ( 'NONE',  ( 5.999999999999998224, 1.366429282837589800E-15, -11.15774183861788593 ) ) ;
#2467 = CARTESIAN_POINT ( 'NONE',  ( 2.050000000000000711, -5.928977554212579548, 5.928977554214301726 ) ) ;
#2468 = CIRCLE ( 'NONE', #1607, 18.12500000000002487 ) ;
#2469 = EDGE_CURVE ( 'NONE', #602, #2949, #3694, .T. ) ;
#2470 = ORIENTED_EDGE ( 'NONE', *, *, #808, .T. ) ;
#2471 = CARTESIAN_POINT ( 'NONE',  ( 1.850000000000000533, 0.000000000000000000, 0.000000000000000000 ) ) ;
#2472 = DIRECTION ( 'NONE',  ( -1.000000000000000000, -0.000000000000000000, -0.000000000000000000 ) ) ;
#2473 = UNCERTAINTY_MEASURE_WITH_UNIT (LENGTH_MEASURE( 1.000000000000000082E-05 ), #2963, 'distance_accuracy_value', 'NONE');
#2474 = EDGE_LOOP ( 'NONE', ( #2994, #3464 ) ) ;
#2475 = AXIS2_PLACEMENT_3D ( 'NONE', #117, #990, #3013 ) ;
#2476 = MECHANICAL_DESIGN_GEOMETRIC_PRESENTATION_REPRESENTATION (  '', ( #163 ), #1170 ) ;
#2477 = VERTEX_POINT ( 'NONE', #1958 ) ;
#2478 = DIRECTION ( 'NONE',  ( -1.000000000000000000, 0.000000000000000000, -0.000000000000000000 ) ) ;
#2479 = DIRECTION ( 'NONE',  ( -1.000000000000000000, -0.000000000000000000, -0.000000000000000000 ) ) ;
#2480 = VECTOR ( 'NONE', #954, 1000.000000000000000 ) ;
#2481 = ORIENTED_EDGE ( 'NONE', *, *, #1876, .T. ) ;
#2482 = CARTESIAN_POINT ( 'NONE',  ( 5.500000000000000000, 3.594359630629951230, -8.415330633218612633 ) ) ;
#2483 = CIRCLE ( 'NONE', #800, 7.420643186336786101 ) ;
#2484 = SURFACE_SIDE_STYLE ('',( #1294 ) ) ;
#2485 = DIRECTION ( 'NONE',  ( 1.000000000000000000, 0.000000000000000000, 0.000000000000000000 ) ) ;
#2486 = CARTESIAN_POINT ( 'NONE',  ( 5.299999999999999822, 5.752892135880454560, 22.14346112771580977 ) ) ;
#2487 = DIRECTION ( 'NONE',  ( 0.000000000000000000, 0.000000000000000000, -1.000000000000000000 ) ) ;
#2488 = CARTESIAN_POINT ( 'NONE',  ( 5.299999999999999822, -6.437281605923175221, -1.824433743573370625 ) ) ;
#2489 = AXIS2_PLACEMENT_3D ( 'NONE', #2408, #282, #927 ) ;
#2490 = EDGE_CURVE ( 'NONE', #1677, #1855, #2579, .T. ) ;
#2491 = EDGE_CURVE ( 'NONE', #1288, #313, #3151, .T. ) ;
#2492 = LINE ( 'NONE', #369, #577 ) ;
#2493 = ORIENTED_EDGE ( 'NONE', *, *, #2551, .F. ) ;
#2494 = AXIS2_PLACEMENT_3D ( 'NONE', #1410, #2256, #3132 ) ;
#2495 = CARTESIAN_POINT ( 'NONE',  ( 5.299999999999999822, 8.618953692046655846, 11.43899272356741292 ) ) ;
#2496 = ORIENTED_EDGE ( 'NONE', *, *, #3403, .T. ) ;
#2497 = CIRCLE ( 'NONE', #3722, 10.09481119847259123 ) ;
#2498 = DIRECTION ( 'NONE',  ( 1.000000000000000000, -0.000000000000000000, -0.000000000000000000 ) ) ;
#2499 = LINE ( 'NONE', #2178, #3823 ) ;
#2500 = DIRECTION ( 'NONE',  ( 0.000000000000000000, 0.000000000000000000, -1.000000000000000000 ) ) ;
#2501 = DIRECTION ( 'NONE',  ( 0.000000000000000000, 0.000000000000000000, 1.000000000000000000 ) ) ;
#2502 = DIRECTION ( 'NONE',  ( 1.000000000000000000, -0.000000000000000000, -0.000000000000000000 ) ) ;
#2503 = CARTESIAN_POINT ( 'NONE',  ( 5.299999999999999822, 14.08156462342205195, -2.616573146668270677 ) ) ;
#2504 = ADVANCED_BREP_SHAPE_REPRESENTATION ( 'SM230332-2', ( #1829, #2181 ), #3153 ) ;
#2505 = EDGE_LOOP ( 'NONE', ( #739, #1839 ) ) ;
#2506 = EDGE_CURVE ( 'NONE', #1462, #2390, #160, .T. ) ;
#2507 =( NAMED_UNIT ( * ) SI_UNIT ( $, .STERADIAN. ) SOLID_ANGLE_UNIT ( ) );
#2508 = VERTEX_POINT ( 'NONE', #654 ) ;
#2509 = EDGE_CURVE ( 'NONE', #2319, #1507, #2044, .T. ) ;
#2510 = ORIENTED_EDGE ( 'NONE', *, *, #2147, .T. ) ;
#2511 = CARTESIAN_POINT ( 'NONE',  ( 2.150000000000000355, -9.328477608407972355, -0.3914912533737913702 ) ) ;
#2512 = ORIENTED_EDGE ( 'NONE', *, *, #1523, .T. ) ;
#2513 = EDGE_CURVE ( 'NONE', #3279, #2174, #1956, .T. ) ;
#2514 = LINE ( 'NONE', #125, #2656 ) ;
#2515 = PLANE ( 'NONE',  #291 ) ;
#2516 = CARTESIAN_POINT ( 'NONE',  ( 5.299999999999999822, -10.66651470877547503, 20.23991360182246169 ) ) ;
#2517 = CARTESIAN_POINT ( 'NONE',  ( 5.299999999999999822, -13.36100517225374418, 5.159501726185403037 ) ) ;
#2518 = PLANE ( 'NONE',  #679 ) ;
#2519 = VECTOR ( 'NONE', #898, 1000.000000000000000 ) ;
#2520 = DIRECTION ( 'NONE',  ( 1.000000000000000000, -0.000000000000000000, -0.000000000000000000 ) ) ;
#2521 = DIRECTION ( 'NONE',  ( 0.000000000000000000, 0.000000000000000000, 1.000000000000000000 ) ) ;
#2522 = ORIENTED_EDGE ( 'NONE', *, *, #3495, .F. ) ;
#2523 = FILL_AREA_STYLE_COLOUR ( '', #71 ) ;
#2524 = ADVANCED_FACE ( 'NONE', ( #1241 ), #945, .F. ) ;
#2525 = FACE_BOUND ( 'NONE', #668, .T. ) ;
#2526 = AXIS2_PLACEMENT_3D ( 'NONE', #3695, #2004, #3774 ) ;
#2527 = ADVANCED_FACE ( 'NONE', ( #2367 ), #2144, .F. ) ;
#2528 = SURFACE_STYLE_FILL_AREA ( #2826 ) ;
#2529 = FACE_BOUND ( 'NONE', #2474, .T. ) ;
#2530 = COLOUR_RGB ( '',1.000000000000000000, 1.000000000000000000, 1.000000000000000000 ) ;
#2531 = CARTESIAN_POINT ( 'NONE',  ( 1.650000000000000577, -9.787436820418424333, 0.2518990840391172603 ) ) ;
#2532 = CYLINDRICAL_SURFACE ( 'NONE', #2176, 18.12500000000002487 ) ;
#2533 = VECTOR ( 'NONE', #1914, 1000.000000000000000 ) ;
#2534 = STYLED_ITEM ( 'NONE', ( #98 ), #1854 ) ;
#2535 = DIRECTION ( 'NONE',  ( 0.000000000000000000, 0.000000000000000000, 1.000000000000000000 ) ) ;
#2536 = VERTEX_POINT ( 'NONE', #1789 ) ;
#2537 = DIRECTION ( 'NONE',  ( 1.000000000000000000, 0.000000000000000000, -0.000000000000000000 ) ) ;
#2538 = ORIENTED_EDGE ( 'NONE', *, *, #216, .F. ) ;
#2539 = EDGE_LOOP ( 'NONE', ( #2612, #2682 ) ) ;
#2540 = AXIS2_PLACEMENT_3D ( 'NONE', #2893, #3727, #2032 ) ;
#2541 = FILL_AREA_STYLE_COLOUR ( '', #1089 ) ;
#2542 = DIRECTION ( 'NONE',  ( 1.000000000000000000, -0.000000000000000000, -0.000000000000000000 ) ) ;
#2543 = VECTOR ( 'NONE', #158, 1000.000000000000000 ) ;
#2544 = DIRECTION ( 'NONE',  ( 0.000000000000000000, 0.000000000000000000, 1.000000000000000000 ) ) ;
#2545 = FACE_BOUND ( 'NONE', #2588, .T. ) ;
#2546 = DIRECTION ( 'NONE',  ( 0.000000000000000000, 0.000000000000000000, 1.000000000000000000 ) ) ;
#2547 = FACE_OUTER_BOUND ( 'NONE', #953, .T. ) ;
#2548 = CIRCLE ( 'NONE', #2607, 18.12500000000002132 ) ;
#2549 = ADVANCED_FACE ( 'NONE', ( #2099 ), #3832, .T. ) ;
#2550 = CARTESIAN_POINT ( 'NONE',  ( 5.299999999999999822, 0.6412571845857443220, -4.835895400006572586 ) ) ;
#2551 = EDGE_CURVE ( 'NONE', #2319, #3109, #2126, .T. ) ;
#2552 = EDGE_CURVE ( 'NONE', #2591, #1189, #2688, .T. ) ;
#2553 = CARTESIAN_POINT ( 'NONE',  ( 5.500000000000000000, 6.765822661123304549, -21.85525754503986207 ) ) ;
#2554 = DIRECTION ( 'NONE',  ( 1.000000000000000000, 0.000000000000000000, -0.000000000000000000 ) ) ;
#2555 = CARTESIAN_POINT ( 'NONE',  ( 5.299999999999999822, -10.66651470877547503, 20.23991360182246169 ) ) ;
#2556 = ORIENTED_EDGE ( 'NONE', *, *, #2194, .F. ) ;
#2557 = ORIENTED_EDGE ( 'NONE', *, *, #3294, .T. ) ;
#2558 = CYLINDRICAL_SURFACE ( 'NONE', #1412, 18.12500000000002132 ) ;
#2559 = DIRECTION ( 'NONE',  ( 0.000000000000000000, 0.000000000000000000, 1.000000000000000000 ) ) ;
#2560 = CARTESIAN_POINT ( 'NONE',  ( 1.950000000000000622, 7.135231797835878938E-13, 7.331869361744401736 ) ) ;
#2561 = VERTEX_POINT ( 'NONE', #637 ) ;
#2562 = ORIENTED_EDGE ( 'NONE', *, *, #705, .F. ) ;
#2563 = SURFACE_SIDE_STYLE ('',( #1114 ) ) ;
#2564 = DIRECTION ( 'NONE',  ( 1.000000000000000000, 0.000000000000000000, 0.000000000000000000 ) ) ;
#2565 = DIRECTION ( 'NONE',  ( -1.000000000000000000, -0.000000000000000000, -0.000000000000000000 ) ) ;
#2566 = CARTESIAN_POINT ( 'NONE',  ( 5.500000000000000000, 14.20397139109172002, -17.93532367599870270 ) ) ;
#2567 = DIRECTION ( 'NONE',  ( 1.000000000000000000, 0.000000000000000000, 0.000000000000000000 ) ) ;
#2568 = ORIENTED_EDGE ( 'NONE', *, *, #1663, .T. ) ;
#2569 = ADVANCED_FACE ( 'NONE', ( #1561 ), #301, .T. ) ;
#2570 = CARTESIAN_POINT ( 'NONE',  ( 2.150000000000000355, -5.875128798320044865, 4.533079185507027375 ) ) ;
#2571 = ORIENTED_EDGE ( 'NONE', *, *, #3444, .T. ) ;
#2572 = EDGE_LOOP ( 'NONE', ( #797, #371 ) ) ;
#2573 = CARTESIAN_POINT ( 'NONE',  ( 1.850000000000000533, -7.354043962616001018, 0.9919590187289599736 ) ) ;
#2574 = EDGE_LOOP ( 'NONE', ( #2322, #1321 ) ) ;
#2575 = CARTESIAN_POINT ( 'NONE',  ( 5.299999999999999822, -5.986321574604553497, 2.988495769456905204 ) ) ;
#2576 = ORIENTED_EDGE ( 'NONE', *, *, #2445, .T. ) ;
#2577 = VERTEX_POINT ( 'NONE', #1641 ) ;
#2578 = DIRECTION ( 'NONE',  ( 0.000000000000000000, 0.000000000000000000, 1.000000000000000000 ) ) ;
#2579 = CIRCLE ( 'NONE', #2964, 22.08327696748627389 ) ;
#2580 = PLANE ( 'NONE',  #3035 ) ;
#2581 = CARTESIAN_POINT ( 'NONE',  ( 5.500000000000000000, 13.36355294839398589, 18.56997822392913733 ) ) ;
#2582 = AXIS2_PLACEMENT_3D ( 'NONE', #3214, #452, #2349 ) ;
#2583 = CIRCLE ( 'NONE', #3699, 18.12500000000002842 ) ;
#2584 = LINE ( 'NONE', #2625, #1550 ) ;
#2585 = DIRECTION ( 'NONE',  ( -1.000000000000000000, 0.000000000000000000, 0.000000000000000000 ) ) ;
#2586 = DIRECTION ( 'NONE',  ( 1.000000000000000000, 0.000000000000000000, -0.000000000000000000 ) ) ;
#2587 = CIRCLE ( 'NONE', #2172, 18.12500000000002842 ) ;
#2588 = EDGE_LOOP ( 'NONE', ( #3816, #2282 ) ) ;
#2589 = LINE ( 'NONE', #1380, #807 ) ;
#2590 = EDGE_CURVE ( 'NONE', #433, #2167, #3098, .T. ) ;
#2591 = VERTEX_POINT ( 'NONE', #3044 ) ;
#2592 = EDGE_CURVE ( 'NONE', #3305, #3301, #2499, .T. ) ;
#2593 = ORIENTED_EDGE ( 'NONE', *, *, #499, .T. ) ;
#2594 = CIRCLE ( 'NONE', #1187, 18.12500000000009948 ) ;
#2595 = CARTESIAN_POINT ( 'NONE',  ( 5.299999999999999822, -2.634728637459605505, 22.72634690505046251 ) ) ;
#2596 =( NAMED_UNIT ( * ) PLANE_ANGLE_UNIT ( ) SI_UNIT ( $, .RADIAN. ) );
#2597 = ORIENTED_EDGE ( 'NONE', *, *, #131, .F. ) ;
#2598 = LINE ( 'NONE', #3421, #742 ) ;
#2599 = PRESENTATION_LAYER_ASSIGNMENT (  '', '', ( #2131 ) ) ;
#2600 = ORIENTED_EDGE ( 'NONE', *, *, #3564, .T. ) ;
#2601 = DIRECTION ( 'NONE',  ( 1.000000000000000000, 0.000000000000000000, 0.000000000000000000 ) ) ;
#2602 = FACE_OUTER_BOUND ( 'NONE', #3090, .T. ) ;
#2603 = CARTESIAN_POINT ( 'NONE',  ( 1.850000000000000533, 0.000000000000000000, 0.000000000000000000 ) ) ;
#2604 =( GEOMETRIC_REPRESENTATION_CONTEXT ( 3 ) GLOBAL_UNCERTAINTY_ASSIGNED_CONTEXT ( ( #3623 ) ) GLOBAL_UNIT_ASSIGNED_CONTEXT ( ( #846, #2271, #211 ) ) REPRESENTATION_CONTEXT ( 'NONE', 'WORKASPACE' ) );
#2605 = CARTESIAN_POINT ( 'NONE',  ( 5.299999999999999822, -1.518932010391072174, 4.635724392626428880 ) ) ;
#2606 = DIRECTION ( 'NONE',  ( 1.000000000000000000, -0.000000000000000000, -0.000000000000000000 ) ) ;
#2607 = AXIS2_PLACEMENT_3D ( 'NONE', #1780, #2632, #1251 ) ;
#2608 = DIRECTION ( 'NONE',  ( -1.000000000000000000, 0.000000000000000000, 0.000000000000000000 ) ) ;
#2609 = CARTESIAN_POINT ( 'NONE',  ( 2.050000000000000711, 5.928977554212578660, -4.876006447782813780 ) ) ;
#2610 = AXIS2_PLACEMENT_3D ( 'NONE', #2555, #200, #3125 ) ;
#2611 = DIRECTION ( 'NONE',  ( 0.000000000000000000, 1.000000000000000000, 0.000000000000000000 ) ) ;
#2612 = ORIENTED_EDGE ( 'NONE', *, *, #689, .T. ) ;
#2613 = SURFACE_STYLE_USAGE ( .BOTH. , #2884 ) ;
#2614 = VERTEX_POINT ( 'NONE', #1314 ) ;
#2615 = EDGE_CURVE ( 'NONE', #2871, #3280, #2647, .T. ) ;
#2616 = ORIENTED_EDGE ( 'NONE', *, *, #1700, .F. ) ;
#2617 = SURFACE_STYLE_FILL_AREA ( #225 ) ;
#2618 = ORIENTED_EDGE ( 'NONE', *, *, #3193, .T. ) ;
#2619 = ORIENTED_EDGE ( 'NONE', *, *, #195, .T. ) ;
#2620 = ORIENTED_EDGE ( 'NONE', *, *, #2720, .T. ) ;
#2621 = ADVANCED_FACE ( 'NONE', ( #2463 ), #712, .F. ) ;
#2622 = LINE ( 'NONE', #3172, #676 ) ;
#2623 = EDGE_LOOP ( 'NONE', ( #309, #3030 ) ) ;
#2624 = FACE_OUTER_BOUND ( 'NONE', #3778, .T. ) ;
#2625 = CARTESIAN_POINT ( 'NONE',  ( 5.500999999999999446, 5.124034247245930567E-16, -4.184091487287177280 ) ) ;
#2626 = ADVANCED_FACE ( 'NONE', ( #1867 ), #2515, .F. ) ;
#2627 = DIRECTION ( 'NONE',  ( -1.000000000000000000, -0.000000000000000000, -0.000000000000000000 ) ) ;
#2628 = LINE ( 'NONE', #2070, #2062 ) ;
#2629 = ORIENTED_EDGE ( 'NONE', *, *, #64, .F. ) ;
#2630 = ORIENTED_EDGE ( 'NONE', *, *, #1599, .T. ) ;
#2631 = CYLINDRICAL_SURFACE ( 'NONE', #3639, 11.15774183861788593 ) ;
#2632 = DIRECTION ( 'NONE',  ( 1.000000000000000000, 0.000000000000000000, -0.000000000000000000 ) ) ;
#2633 = EDGE_LOOP ( 'NONE', ( #37, #2868, #1098, #2009 ) ) ;
#2634 =( BOUNDED_SURFACE ( )  B_SPLINE_SURFACE ( 3, 2, ( 
 ( #1515, #1806, #3536 ),
 ( #884, #2420, #2140 ),
 ( #2080, #1553, #293 ),
 ( #3589, #2723, #338 ),
 ( #2059, #1198, #2382 ),
 ( #3229, #1768, #1472 ),
 ( #2640, #2684, #1652 ),
 ( #3380, #2459, #2511 ),
 ( #1933, #2762, #3683 ),
 ( #1884, #692, #1309 ),
 ( #2808, #3039, #389 ),
 ( #1327, #2169, #2823 ),
 ( #3625, #100, #1033 ),
 ( #2221, #1017, #723 ),
 ( #3070, #1611, #3346 ),
 ( #707, #374, #3649 ),
 ( #2784, #3058, #1909 ),
 ( #1594, #431, #136 ),
 ( #1274, #1289, #1258 ),
 ( #743, #2442, #1636 ) ),
 .UNSPECIFIED., .F., .F., .F. ) 
 B_SPLINE_SURFACE_WITH_KNOTS ( ( 4, 2, 2, 2, 2, 2, 2, 2, 2, 4 ),
 ( 3, 3 ),
 ( 0.002194977790579310216, 0.002644758039215402284, 0.003094538287851493919, 0.003544318536487585554, 0.003994098785123677622, 0.004443879033759769691, 0.004893659282395861759, 0.005343439531031952960, 0.005568329655349998561, 0.005793219779668045029 ),
 ( 0.000000000000000000, 1.000000000000000000 ),
 .UNSPECIFIED. ) 
 GEOMETRIC_REPRESENTATION_ITEM ( )  RATIONAL_B_SPLINE_SURFACE ( (
 ( 1.000000000000000000, 0.7071067811865472397, 1.000000000000000000),
 ( 1.000000000000000000, 0.7071067811865472397, 1.000000000000000000),
 ( 1.000000000000000000, 0.7071067811865475727, 1.000000000000000000),
 ( 1.000000000000000000, 0.7071067811865475727, 1.000000000000000000),
 ( 1.000000000000000000, 0.7071067811865475727, 1.000000000000000000),
 ( 1.000000000000000000, 0.7071067811865475727, 1.000000000000000000),
 ( 1.000000000000000000, 0.7071067811865475727, 1.000000000000000000),
 ( 1.000000000000000000, 0.7071067811865475727, 1.000000000000000000),
 ( 1.000000000000000000, 0.7071067811865475727, 1.000000000000000000),
 ( 1.000000000000000000, 0.7071067811865475727, 1.000000000000000000),
 ( 1.000000000000000000, 0.7071067811865475727, 1.000000000000000000),
 ( 1.000000000000000000, 0.7071067811865475727, 1.000000000000000000),
 ( 1.000000000000000000, 0.7071067811865475727, 1.000000000000000000),
 ( 1.000000000000000000, 0.7071067811865475727, 1.000000000000000000),
 ( 1.000000000000000000, 0.7071067811865475727, 1.000000000000000000),
 ( 1.000000000000000000, 0.7071067811865475727, 1.000000000000000000),
 ( 1.000000000000000000, 0.7071067811865471286, 1.000000000000000000),
 ( 1.000000000000000000, 0.7071067811865471286, 1.000000000000000000),
 ( 1.000000000000000000, 0.7071067811865475727, 1.000000000000000000),
 ( 1.000000000000000000, 0.7071067811865475727, 1.000000000000000000) ) ) 
 REPRESENTATION_ITEM ( '' )  SURFACE ( )  );
#2635 = PRODUCT_RELATED_PRODUCT_CATEGORY ( 'part', '', ( #2782 ) ) ;
#2636 = PRESENTATION_STYLE_ASSIGNMENT (( #1489 ) ) ;
#2637 = ORIENTED_EDGE ( 'NONE', *, *, #2674, .F. ) ;
#2638 = MECHANICAL_DESIGN_GEOMETRIC_PRESENTATION_REPRESENTATION (  '', ( #1966 ), #407 ) ;
#2639 = ORIENTED_EDGE ( 'NONE', *, *, #1299, .F. ) ;
#2640 = CARTESIAN_POINT ( 'NONE',  ( 1.650000000000000355, -9.905248424955003017, -0.5821693087163842817 ) ) ;
#2641 = DIRECTION ( 'NONE',  ( 1.000000000000000000, -0.000000000000000000, -0.000000000000000000 ) ) ;
#2642 = ORIENTED_EDGE ( 'NONE', *, *, #2397, .F. ) ;
#2643 = EDGE_CURVE ( 'NONE', #1660, #569, #46, .T. ) ;
#2644 = DIRECTION ( 'NONE',  ( -1.000000000000000000, -0.000000000000000000, -0.000000000000000000 ) ) ;
#2645 = EDGE_CURVE ( 'NONE', #3309, #3184, #2212, .T. ) ;
#2646 = CARTESIAN_POINT ( 'NONE',  ( 5.299999999999999822, -21.51819110678159674, 7.771492143328798008 ) ) ;
#2647 = CIRCLE ( 'NONE', #2164, 18.12500000000009948 ) ;
#2648 = LINE ( 'NONE', #2158, #3644 ) ;
#2649 = CARTESIAN_POINT ( 'NONE',  ( 2.050000000000000711, 5.928977554212578660, -5.928977554212876200 ) ) ;
#2650 = VECTOR ( 'NONE', #2659, 1000.000000000000000 ) ;
#2651 = AXIS2_PLACEMENT_3D ( 'NONE', #1390, #2287, #1710 ) ;
#2652 = PLANE ( 'NONE',  #996 ) ;
#2653 = AXIS2_PLACEMENT_3D ( 'NONE', #2173, #3348, #3040 ) ;
#2654 = ORIENTED_EDGE ( 'NONE', *, *, #1157, .T. ) ;
#2655 = VECTOR ( 'NONE', #110, 1000.000000000000000 ) ;
#2656 = VECTOR ( 'NONE', #3329, 1000.000000000000000 ) ;
#2657 = VERTEX_POINT ( 'NONE', #747 ) ;
#2658 = VERTEX_POINT ( 'NONE', #458 ) ;
#2659 = DIRECTION ( 'NONE',  ( 0.000000000000000000, 1.000000000000000000, 0.000000000000000000 ) ) ;
#2660 = CARTESIAN_POINT ( 'NONE',  ( 5.500000000000000000, -5.930951115646159622, -6.968574437036306080 ) ) ;
#2661 = CIRCLE ( 'NONE', #866, 18.12500000000002487 ) ;
#2662 = ORIENTED_EDGE ( 'NONE', *, *, #1574, .T. ) ;
#2663 = CIRCLE ( 'NONE', #2295, 18.12500000000002487 ) ;
#2664 = DIRECTION ( 'NONE',  ( 0.000000000000000000, 0.000000000000000000, 1.000000000000000000 ) ) ;
#2665 = DIRECTION ( 'NONE',  ( -1.000000000000000000, -0.000000000000000000, -0.000000000000000000 ) ) ;
#2666 = VERTEX_POINT ( 'NONE', #3384 ) ;
#2667 = CIRCLE ( 'NONE', #1054, 18.12500000000009948 ) ;
#2668 = CARTESIAN_POINT ( 'NONE',  ( 1.850000000000000533, -9.524777201498313417, 0.8370045682970290724 ) ) ;
#2669 = DIRECTION ( 'NONE',  ( 0.000000000000000000, 0.000000000000000000, 1.000000000000000000 ) ) ;
#2670 = ADVANCED_FACE ( 'NONE', ( #1655 ), #1900, .F. ) ;
#2671 =( NAMED_UNIT ( * ) PLANE_ANGLE_UNIT ( ) SI_UNIT ( $, .RADIAN. ) );
#2672 = CIRCLE ( 'NONE', #1001, 18.12500000000002842 ) ;
#2673 = PRESENTATION_STYLE_ASSIGNMENT (( #1243 ) ) ;
#2674 = EDGE_CURVE ( 'NONE', #149, #827, #3330, .T. ) ;
#2675 = DIRECTION ( 'NONE',  ( 1.000000000000000000, 0.000000000000000000, 0.000000000000000000 ) ) ;
#2676 = EDGE_LOOP ( 'NONE', ( #3735, #2715, #851, #2822, #1651, #205, #2026, #508, #249, #365 ) ) ;
#2677 = ORIENTED_EDGE ( 'NONE', *, *, #1023, .F. ) ;
#2678 = ORIENTED_EDGE ( 'NONE', *, *, #1471, .T. ) ;
#2679 =( LENGTH_UNIT ( ) NAMED_UNIT ( * ) SI_UNIT ( .MILLI., .METRE. ) );
#2680 = CARTESIAN_POINT ( 'NONE',  ( 5.299999999999999822, 2.000563028127955167, 4.449139542323369945 ) ) ;
#2681 = ORIENTED_EDGE ( 'NONE', *, *, #619, .T. ) ;
#2682 = ORIENTED_EDGE ( 'NONE', *, *, #1418, .T. ) ;
#2683 = FILL_AREA_STYLE ('',( #3226 ) ) ;
#2684 = CARTESIAN_POINT ( 'NONE',  ( 1.650000000000000355, -9.437475565270506905, -0.7639517873266431502 ) ) ;
#2685 = CARTESIAN_POINT ( 'NONE',  ( 0.000000000000000000, 7.715274834628325378E-16, -6.299999999999999822 ) ) ;
#2686 = VERTEX_POINT ( 'NONE', #3612 ) ;
#2687 = CARTESIAN_POINT ( 'NONE',  ( 1.850000000000000755, -9.515259336325684103, -0.6824176049274678357 ) ) ;
#2688 = LINE ( 'NONE', #3571, #2351 ) ;
#2689 = DIRECTION ( 'NONE',  ( 0.000000000000000000, 0.000000000000000000, 1.000000000000000000 ) ) ;
#2690 = DIRECTION ( 'NONE',  ( -1.000000000000000000, -0.000000000000000000, 0.000000000000000000 ) ) ;
#2691 = DIRECTION ( 'NONE',  ( 0.000000000000000000, 0.000000000000000000, 1.000000000000000000 ) ) ;
#2692 = ORIENTED_EDGE ( 'NONE', *, *, #1368, .F. ) ;
#2693 = EDGE_CURVE ( 'NONE', #741, #2342, #542, .T. ) ;
#2694 = VERTEX_POINT ( 'NONE', #3629 ) ;
#2695 = LINE ( 'NONE', #1800, #1483 ) ;
#2696 = CARTESIAN_POINT ( 'NONE',  ( 5.500000000000000000, -14.32259328031761569, -0.01545969312820769451 ) ) ;
#2697 = EDGE_LOOP ( 'NONE', ( #2629, #3619 ) ) ;
#2698 = EDGE_LOOP ( 'NONE', ( #2377, #255, #3138, #695 ) ) ;
#2699 = CARTESIAN_POINT ( 'NONE',  ( 5.299999999999999822, -1.586087909947407670, -22.82351777846067264 ) ) ;
#2700 = ORIENTED_EDGE ( 'NONE', *, *, #1155, .F. ) ;
#2701 = DIRECTION ( 'NONE',  ( 0.000000000000000000, 0.000000000000000000, 1.000000000000000000 ) ) ;
#2702 = SURFACE_STYLE_FILL_AREA ( #1534 ) ;
#2703 = VERTEX_POINT ( 'NONE', #1888 ) ;
#2704 = AXIS2_PLACEMENT_3D ( 'NONE', #771, #1690, #1954 ) ;
#2705 = DIRECTION ( 'NONE',  ( 0.000000000000000000, 0.000000000000000000, 1.000000000000000000 ) ) ;
#2706 = CARTESIAN_POINT ( 'NONE',  ( 2.050000000000000711, 5.928977554213588519, 5.928977554213292755 ) ) ;
#2707 = STYLED_ITEM ( 'NONE', ( #509 ), #367 ) ;
#2708 = DIRECTION ( 'NONE',  ( 1.000000000000000000, -0.000000000000000000, -0.000000000000000000 ) ) ;
#2709 = DIRECTION ( 'NONE',  ( 0.000000000000000000, 0.000000000000000000, -1.000000000000000000 ) ) ;
#2710 = DIRECTION ( 'NONE',  ( 0.000000000000000000, 0.000000000000000000, -1.000000000000000000 ) ) ;
#2711 = AXIS2_PLACEMENT_3D ( 'NONE', #105, #2748, #1278 ) ;
#2712 = ORIENTED_EDGE ( 'NONE', *, *, #3139, .F. ) ;
#2713 = CIRCLE ( 'NONE', #422, 1.052971106430593329 ) ;
#2714 = AXIS2_PLACEMENT_3D ( 'NONE', #1975, #1093, #194 ) ;
#2715 = ORIENTED_EDGE ( 'NONE', *, *, #3645, .T. ) ;
#2716 = ADVANCED_FACE ( 'NONE', ( #729, #393 ), #1600, .F. ) ;
#2717 = CARTESIAN_POINT ( 'NONE',  ( 5.500000000000000000, 19.16939188522363935, 12.48851686119916415 ) ) ;
#2718 = VERTEX_POINT ( 'NONE', #2840 ) ;
#2719 = CIRCLE ( 'NONE', #2048, 18.12500000000009948 ) ;
#2720 = EDGE_CURVE ( 'NONE', #266, #2536, #3660, .T. ) ;
#2721 = FACE_OUTER_BOUND ( 'NONE', #3245, .T. ) ;
#2722 = CIRCLE ( 'NONE', #740, 11.15774183861788593 ) ;
#2723 = CARTESIAN_POINT ( 'NONE',  ( 1.650000000000000355, -9.868202000518252248, -1.447553976711463131 ) ) ;
#2724 = EDGE_LOOP ( 'NONE', ( #1632, #592 ) ) ;
#2725 = VECTOR ( 'NONE', #1782, 1000.000000000000000 ) ;
#2726 = DIRECTION ( 'NONE',  ( 1.000000000000000000, 0.000000000000000000, 0.000000000000000000 ) ) ;
#2727 = SURFACE_STYLE_FILL_AREA ( #3004 ) ;
#2728 = CARTESIAN_POINT ( 'NONE',  ( 1.850000000000000533, -5.875128798320044865, 4.533079185507027375 ) ) ;
#2729 =( GEOMETRIC_REPRESENTATION_CONTEXT ( 3 ) GLOBAL_UNCERTAINTY_ASSIGNED_CONTEXT ( ( #1962 ) ) GLOBAL_UNIT_ASSIGNED_CONTEXT ( ( #3750, #3237, #1717 ) ) REPRESENTATION_CONTEXT ( 'NONE', 'WORKASPACE' ) );
#2730 = DIRECTION ( 'NONE',  ( 0.000000000000000000, 0.000000000000000000, -1.000000000000000000 ) ) ;
#2731 = DIRECTION ( 'NONE',  ( 1.000000000000000000, -0.000000000000000000, -0.000000000000000000 ) ) ;
#2732 = DIRECTION ( 'NONE',  ( 0.000000000000000000, 1.000000000000000000, 0.000000000000000000 ) ) ;
#2733 = COLOUR_RGB ( '',1.000000000000000000, 1.000000000000000000, 1.000000000000000000 ) ;
#2734 = CIRCLE ( 'NONE', #2856, 7.420643186336786101 ) ;
#2735 = EDGE_LOOP ( 'NONE', ( #244, #2618, #1863, #135 ) ) ;
#2736 = AXIS2_PLACEMENT_3D ( 'NONE', #823, #1724, #251 ) ;
#2737 = DIRECTION ( 'NONE',  ( -1.000000000000000000, -0.000000000000000000, -0.000000000000000000 ) ) ;
#2738 = DIRECTION ( 'NONE',  ( -1.000000000000000000, -0.000000000000000000, -0.000000000000000000 ) ) ;
#2739 = UNCERTAINTY_MEASURE_WITH_UNIT (LENGTH_MEASURE( 1.000000000000000082E-05 ), #1141, 'distance_accuracy_value', 'NONE');
#2740 = ORIENTED_EDGE ( 'NONE', *, *, #2019, .F. ) ;
#2741 = EDGE_CURVE ( 'NONE', #2091, #660, #631, .T. ) ;
#2742 = PLANE ( 'NONE',  #625 ) ;
#2743 = SURFACE_STYLE_USAGE ( .BOTH. , #3397 ) ;
#2744 = CARTESIAN_POINT ( 'NONE',  ( 2.150000000000000355, -10.25180097398211387, -3.435284977019530839 ) ) ;
#2745 = ORIENTED_EDGE ( 'NONE', *, *, #2990, .T. ) ;
#2746 = CARTESIAN_POINT ( 'NONE',  ( 2.150000000000000355, 0.000000000000000000, 0.000000000000000000 ) ) ;
#2747 =( BOUNDED_CURVE ( )  B_SPLINE_CURVE ( 3, ( #3582, #2136, #3505, #3281 ),
 .UNSPECIFIED., .F., .F. ) 
 B_SPLINE_CURVE_WITH_KNOTS ( ( 4, 4 ),
 ( 2.057939817619273359, 2.928593152483824902 ),
 .UNSPECIFIED. ) 
 CURVE ( )  GEOMETRIC_REPRESENTATION_ITEM ( )  RATIONAL_B_SPLINE_CURVE ( ( 1.000000000000000000, 0.9378215552408365463, 0.9378215552408365463, 1.000000000000000000 ) ) 
 REPRESENTATION_ITEM ( '' )  );
#2748 = DIRECTION ( 'NONE',  ( -1.000000000000000000, 0.000000000000000000, 0.000000000000000000 ) ) ;
#2749 = ADVANCED_FACE ( 'NONE', ( #3438 ), #841, .T. ) ;
#2750 = SURFACE_SIDE_STYLE ('',( #2528 ) ) ;
#2751 = CARTESIAN_POINT ( 'NONE',  ( 1.850000000000000533, -5.875128798320044865, 4.533079185507027375 ) ) ;
#2752 =( NAMED_UNIT ( * ) PLANE_ANGLE_UNIT ( ) SI_UNIT ( $, .RADIAN. ) );
#2753 = EDGE_CURVE ( 'NONE', #644, #3280, #192, .T. ) ;
#2754 = CARTESIAN_POINT ( 'NONE',  ( 5.299999999999999822, -1.148972395272585434, -4.740986978625675974 ) ) ;
#2755 = CARTESIAN_POINT ( 'NONE',  ( 0.000000000000000000, 0.000000000000000000, 0.000000000000000000 ) ) ;
#2756 = CARTESIAN_POINT ( 'NONE',  ( 2.050000000000000711, 8.384840468173806016, 0.000000000000000000 ) ) ;
#2757 = ORIENTED_EDGE ( 'NONE', *, *, #1987, .T. ) ;
#2758 = DIRECTION ( 'NONE',  ( 0.000000000000000000, 1.000000000000000000, 0.000000000000000000 ) ) ;
#2759 = ORIENTED_EDGE ( 'NONE', *, *, #3579, .T. ) ;
#2760 = DIRECTION ( 'NONE',  ( 0.000000000000000000, 0.000000000000000000, 1.000000000000000000 ) ) ;
#2761 = VERTEX_POINT ( 'NONE', #171 ) ;
#2762 = CARTESIAN_POINT ( 'NONE',  ( 1.650000000000000355, -9.298425173643783737, -0.2018018887945000339 ) ) ;
#2763 = DIRECTION ( 'NONE',  ( 0.000000000000000000, 0.000000000000000000, 1.000000000000000000 ) ) ;
#2764 = EDGE_LOOP ( 'NONE', ( #79, #3208 ) ) ;
#2765 = FACE_OUTER_BOUND ( 'NONE', #2941, .T. ) ;
#2766 = FILL_AREA_STYLE ('',( #2791 ) ) ;
#2767 = DIRECTION ( 'NONE',  ( 0.000000000000000000, 0.000000000000000000, 1.000000000000000000 ) ) ;
#2768 = EDGE_CURVE ( 'NONE', #3532, #1505, #1932, .T. ) ;
#2769 = CARTESIAN_POINT ( 'NONE',  ( 2.050000000000000711, -5.928977554212579548, 5.928977554214301726 ) ) ;
#2770 = CARTESIAN_POINT ( 'NONE',  ( 5.500000000000000000, 8.325635406177337217, -3.797499954453744664 ) ) ;
#2771 = MECHANICAL_DESIGN_GEOMETRIC_PRESENTATION_REPRESENTATION (  '', ( #213 ), #157 ) ;
#2772 = ADVANCED_FACE ( 'NONE', ( #770 ), #3742, .F. ) ;
#2773 = CARTESIAN_POINT ( 'NONE',  ( 0.2500000000000000000, 0.000000000000000000, 0.000000000000000000 ) ) ;
#2774 = CARTESIAN_POINT ( 'NONE',  ( 2.050000000000000711, 5.928977554213588519, 6.981948660642975923 ) ) ;
#2775 = ORIENTED_EDGE ( 'NONE', *, *, #2882, .T. ) ;
#2776 = STYLED_ITEM ( 'NONE', ( #3267 ), #2549 ) ;
#2777 = DIRECTION ( 'NONE',  ( 0.000000000000000000, 0.000000000000000000, 1.000000000000000000 ) ) ;
#2778 = CARTESIAN_POINT ( 'NONE',  ( 5.299999999999999822, 22.38629822668643499, 4.720412095103284855 ) ) ;
#2779 = ORIENTED_EDGE ( 'NONE', *, *, #3406, .T. ) ;
#2780 = PRESENTATION_LAYER_ASSIGNMENT (  '', '', ( #419 ) ) ;
#2781 = VECTOR ( 'NONE', #1025, 1000.000000000000000 ) ;
#2782 = PRODUCT ( 'SM230332-2', 'SM230332-2', '', ( #3007 ) ) ;
#2783 = EDGE_LOOP ( 'NONE', ( #3246, #2318, #3437 ) ) ;
#2784 = CARTESIAN_POINT ( 'NONE',  ( 1.650000000000000355, -10.42170565956956985, 1.299056251253537742 ) ) ;
#2785 = DIRECTION ( 'NONE',  ( 0.000000000000000000, 0.000000000000000000, 1.000000000000000000 ) ) ;
#2786 = AXIS2_PLACEMENT_3D ( 'NONE', #3834, #146, #2926 ) ;
#2787 = AXIS2_PLACEMENT_3D ( 'NONE', #2566, #2273, #2900 ) ;
#2788 = ORIENTED_EDGE ( 'NONE', *, *, #2513, .T. ) ;
#2789 = DIRECTION ( 'NONE',  ( 0.000000000000000000, 0.000000000000000000, 1.000000000000000000 ) ) ;
#2790 = AXIS2_PLACEMENT_3D ( 'NONE', #3371, #727, #2175 ) ;
#2791 = FILL_AREA_STYLE_COLOUR ( '', #1042 ) ;
#2792 =( GEOMETRIC_REPRESENTATION_CONTEXT ( 3 ) GLOBAL_UNCERTAINTY_ASSIGNED_CONTEXT ( ( #1381 ) ) GLOBAL_UNIT_ASSIGNED_CONTEXT ( ( #2262, #505, #1145 ) ) REPRESENTATION_CONTEXT ( 'NONE', 'WORKASPACE' ) );
#2793 = DIRECTION ( 'NONE',  ( 0.000000000000000000, 0.000000000000000000, 1.000000000000000000 ) ) ;
#2794 = CIRCLE ( 'NONE', #623, 4.184091487287177280 ) ;
#2795 = CARTESIAN_POINT ( 'NONE',  ( 5.299999999999999822, 3.594359630629951230, -8.415330633218612633 ) ) ;
#2796 = EDGE_CURVE ( 'NONE', #3279, #2342, #3292, .T. ) ;
#2797 = CARTESIAN_POINT ( 'NONE',  ( 5.299999999999999822, 5.992435833041773741, 2.976216683224345516 ) ) ;
#2798 = ADVANCED_FACE ( 'NONE', ( #2015 ), #751, .T. ) ;
#2799 = ADVANCED_FACE ( 'NONE', ( #1388 ), #732, .F. ) ;
#2800 = EDGE_LOOP ( 'NONE', ( #1822, #2639 ) ) ;
#2801 = ADVANCED_FACE ( 'NONE', ( #3119 ), #2182, .F. ) ;
#2802 =( NAMED_UNIT ( * ) SI_UNIT ( $, .STERADIAN. ) SOLID_ANGLE_UNIT ( ) );
#2803 = PRESENTATION_STYLE_ASSIGNMENT (( #1047 ) ) ;
#2804 = VECTOR ( 'NONE', #1217, 1000.000000000000227 ) ;
#2805 = ORIENTED_EDGE ( 'NONE', *, *, #3432, .T. ) ;
#2806 = AXIS2_PLACEMENT_3D ( 'NONE', #2346, #617, #1830 ) ;
#2807 = ORIENTED_EDGE ( 'NONE', *, *, #3616, .T. ) ;
#2808 = CARTESIAN_POINT ( 'NONE',  ( 1.650000000000000355, -9.800287863255238818, 0.3107933152071665206 ) ) ;
#2809 = LINE ( 'NONE', #724, #378 ) ;
#2810 = ORIENTED_EDGE ( 'NONE', *, *, #3426, .T. ) ;
#2811 = VECTOR ( 'NONE', #991, 1000.000000000000000 ) ;
#2812 = DIRECTION ( 'NONE',  ( -1.000000000000000000, -0.000000000000000000, -0.000000000000000000 ) ) ;
#2813 = CARTESIAN_POINT ( 'NONE',  ( 2.050000000000000711, -5.928977554212579548, 5.928977554214301726 ) ) ;
#2814 = DIRECTION ( 'NONE',  ( 1.000000000000000000, 0.000000000000000000, -0.000000000000000000 ) ) ;
#2815 = DIRECTION ( 'NONE',  ( 0.000000000000000000, 0.000000000000000000, -1.000000000000000000 ) ) ;
#2816 = DIRECTION ( 'NONE',  ( 1.000000000000000000, -0.000000000000000000, -0.000000000000000000 ) ) ;
#2817 = FACE_OUTER_BOUND ( 'NONE', #3378, .T. ) ;
#2818 = CARTESIAN_POINT ( 'NONE',  ( 5.299999999999999822, 1.374114556635327222, 9.047044821703277506 ) ) ;
#2819 = FILL_AREA_STYLE ('',( #1011 ) ) ;
#2820 = EDGE_LOOP ( 'NONE', ( #2834, #1578, #1965, #3669 ) ) ;
#2821 = EDGE_CURVE ( 'NONE', #427, #764, #2853, .T. ) ;
#2822 = ORIENTED_EDGE ( 'NONE', *, *, #3193, .F. ) ;
#2823 = CARTESIAN_POINT ( 'NONE',  ( 2.150000000000000355, -9.389554568914460830, 0.7587099324120419874 ) ) ;
#2824 = ORIENTED_EDGE ( 'NONE', *, *, #944, .T. ) ;
#2825 = CARTESIAN_POINT ( 'NONE',  ( 2.150000000000000355, -4.591491110451058510, -4.313723378086375959 ) ) ;
#2826 = FILL_AREA_STYLE ('',( #88 ) ) ;
#2827 = FACE_BOUND ( 'NONE', #2623, .T. ) ;
#2828 = DIRECTION ( 'NONE',  ( 0.000000000000000000, 0.000000000000000000, 1.000000000000000000 ) ) ;
#2829 = FILL_AREA_STYLE_COLOUR ( '', #3287 ) ;
#2830 =( GEOMETRIC_REPRESENTATION_CONTEXT ( 3 ) GLOBAL_UNCERTAINTY_ASSIGNED_CONTEXT ( ( #3284 ) ) GLOBAL_UNIT_ASSIGNED_CONTEXT ( ( #2835, #224, #1106 ) ) REPRESENTATION_CONTEXT ( 'NONE', 'WORKASPACE' ) );
#2831 = ORIENTED_EDGE ( 'NONE', *, *, #2352, .T. ) ;
#2832 = AXIS2_PLACEMENT_3D ( 'NONE', #2756, #492, #2544 ) ;
#2833 = ADVANCED_FACE ( 'NONE', ( #1007 ), #380, .T. ) ;
#2834 = ORIENTED_EDGE ( 'NONE', *, *, #489, .T. ) ;
#2835 =( LENGTH_UNIT ( ) NAMED_UNIT ( * ) SI_UNIT ( .MILLI., .METRE. ) );
#2836 = DIRECTION ( 'NONE',  ( -1.000000000000000000, 0.000000000000000000, 0.000000000000000000 ) ) ;
#2837 = EDGE_CURVE ( 'NONE', #792, #469, #1190, .T. ) ;
#2838 = AXIS2_PLACEMENT_3D ( 'NONE', #477, #3794, #774 ) ;
#2839 = DIRECTION ( 'NONE',  ( 0.000000000000000000, 0.1684443140683847262, -0.9857111712149920768 ) ) ;
#2840 = CARTESIAN_POINT ( 'NONE',  ( 5.299999999999999822, 4.614748966005811859, -1.581514172347451508 ) ) ;
#2841 = CIRCLE ( 'NONE', #547, 18.12500000000002487 ) ;
#2842 = DIRECTION ( 'NONE',  ( 1.000000000000000000, 0.000000000000000000, -0.000000000000000000 ) ) ;
#2843 = AXIS2_PLACEMENT_3D ( 'NONE', #92, #1320, #2828 ) ;
#2844 = CIRCLE ( 'NONE', #51, 1.052971106430676596 ) ;
#2845 = CARTESIAN_POINT ( 'NONE',  ( 5.500000000000000000, 0.2582548855340291993, 4.871385789554896206 ) ) ;
#2846 = DIRECTION ( 'NONE',  ( -1.000000000000000000, -0.000000000000000000, -0.000000000000000000 ) ) ;
#2847 = PRESENTATION_LAYER_ASSIGNMENT (  '', '', ( #687 ) ) ;
#2848 = CARTESIAN_POINT ( 'NONE',  ( 0.000000000000000000, 0.000000000000000000, 0.000000000000000000 ) ) ;
#2849 = CIRCLE ( 'NONE', #434, 7.420643186336786101 ) ;
#2850 = UNCERTAINTY_MEASURE_WITH_UNIT (LENGTH_MEASURE( 1.000000000000000082E-05 ), #3130, 'distance_accuracy_value', 'NONE');
#2851 = ORIENTED_EDGE ( 'NONE', *, *, #1523, .F. ) ;
#2852 = ORIENTED_EDGE ( 'NONE', *, *, #958, .F. ) ;
#2853 = CIRCLE ( 'NONE', #2917, 7.420643186336786101 ) ;
#2854 = FACE_OUTER_BOUND ( 'NONE', #468, .T. ) ;
#2855 = FACE_OUTER_BOUND ( 'NONE', #3546, .T. ) ;
#2856 = AXIS2_PLACEMENT_3D ( 'NONE', #432, #2836, #2785 ) ;
#2857 = SURFACE_STYLE_USAGE ( .BOTH. , #493 ) ;
#2858 = VERTEX_POINT ( 'NONE', #2754 ) ;
#2859 = PRESENTATION_STYLE_ASSIGNMENT (( #2894 ) ) ;
#2860 = AXIS2_PLACEMENT_3D ( 'NONE', #2717, #3531, #21 ) ;
#2861 = CARTESIAN_POINT ( 'NONE',  ( 1.934138625394249189, -9.532789477259878907, 0.9919590187289599736 ) ) ;
#2862 = CARTESIAN_POINT ( 'NONE',  ( 1.650000000000000577, -10.17600551792209629, -1.030219232232393090 ) ) ;
#2863 = EDGE_CURVE ( 'NONE', #228, #2300, #3407, .T. ) ;
#2864 = CARTESIAN_POINT ( 'NONE',  ( 1.850000000000000533, 0.000000000000000000, 0.000000000000000000 ) ) ;
#2865 = CARTESIAN_POINT ( 'NONE',  ( 1.950000000000000622, -7.144210748181505359E-13, -8.384840468173093697 ) ) ;
#2866 = SURFACE_SIDE_STYLE ('',( #2928 ) ) ;
#2867 = CARTESIAN_POINT ( 'NONE',  ( 4.649999999999998579, 0.000000000000000000, 11.15774183861788593 ) ) ;
#2868 = ORIENTED_EDGE ( 'NONE', *, *, #1964, .F. ) ;
#2869 = ORIENTED_EDGE ( 'NONE', *, *, #399, .F. ) ;
#2870 = DIRECTION ( 'NONE',  ( 0.000000000000000000, 0.000000000000000000, 1.000000000000000000 ) ) ;
#2871 = VERTEX_POINT ( 'NONE', #72 ) ;
#2872 = CARTESIAN_POINT ( 'NONE',  ( 5.500000000000000000, -2.634728637459605505, 22.72634690505046251 ) ) ;
#2873 = ORIENTED_EDGE ( 'NONE', *, *, #1280, .T. ) ;
#2874 = ORIENTED_EDGE ( 'NONE', *, *, #3510, .F. ) ;
#2875 = DIRECTION ( 'NONE',  ( -1.000000000000000000, 0.000000000000000000, 0.000000000000000000 ) ) ;
#2876 = CARTESIAN_POINT ( 'NONE',  ( 1.850000000000000533, -9.603586040018630143, 0.9919590187289599736 ) ) ;
#2877 = CARTESIAN_POINT ( 'NONE',  ( 1.650000000000000133, -9.833963538309976826, -0.3807985872194216692 ) ) ;
#2878 = DIRECTION ( 'NONE',  ( 0.000000000000000000, 0.000000000000000000, 1.000000000000000000 ) ) ;
#2879 = ADVANCED_FACE ( 'NONE', ( #1643 ), #1621, .F. ) ;
#2880 = DIRECTION ( 'NONE',  ( 0.000000000000000000, 0.000000000000000000, 1.000000000000000000 ) ) ;
#2881 = CARTESIAN_POINT ( 'NONE',  ( 5.500000000000000000, 0.3116724785950861221, -9.145494578577027411 ) ) ;
#2882 = EDGE_CURVE ( 'NONE', #1382, #626, #715, .T. ) ;
#2883 = VERTEX_POINT ( 'NONE', #1903 ) ;
#2884 = SURFACE_SIDE_STYLE ('',( #1662 ) ) ;
#2885 = EDGE_LOOP ( 'NONE', ( #632, #2810, #208, #2331, #3462, #2568, #330, #318 ) ) ;
#2886 = AXIS2_PLACEMENT_3D ( 'NONE', #2033, #3146, #3491 ) ;
#2887 = VERTEX_POINT ( 'NONE', #3691 ) ;
#2888 = ORIENTED_EDGE ( 'NONE', *, *, #1419, .F. ) ;
#2889 = DIRECTION ( 'NONE',  ( 0.000000000000000000, 0.000000000000000000, 1.000000000000000000 ) ) ;
#2890 = DIRECTION ( 'NONE',  ( 0.000000000000000000, 0.000000000000000000, -1.000000000000000000 ) ) ;
#2891 = EDGE_LOOP ( 'NONE', ( #1401, #2805 ) ) ;
#2892 = LINE ( 'NONE', #783, #3712 ) ;
#2893 = CARTESIAN_POINT ( 'NONE',  ( 5.500000000000000000, -22.87250240470640961, -0.5265666040589362940 ) ) ;
#2894 = SURFACE_STYLE_USAGE ( .BOTH. , #2308 ) ;
#2895 = PRESENTATION_LAYER_ASSIGNMENT (  '', '', ( #2776 ) ) ;
#2896 = PRESENTATION_STYLE_ASSIGNMENT (( #514 ) ) ;
#2897 = CARTESIAN_POINT ( 'NONE',  ( 2.150000000000000355, 0.000000000000000000, 0.000000000000000000 ) ) ;
#2898 = AXIS2_PLACEMENT_3D ( 'NONE', #2603, #1431, #2940 ) ;
#2899 = FACE_OUTER_BOUND ( 'NONE', #99, .T. ) ;
#2900 = DIRECTION ( 'NONE',  ( 0.000000000000000000, 0.000000000000000000, -1.000000000000000000 ) ) ;
#2901 = DIRECTION ( 'NONE',  ( -1.000000000000000000, 0.000000000000000000, 0.000000000000000000 ) ) ;
#2902 = AXIS2_PLACEMENT_3D ( 'NONE', #1473, #2641, #3828 ) ;
#2903 = EDGE_CURVE ( 'NONE', #1382, #2956, #2672, .T. ) ;
#2904 = FACE_OUTER_BOUND ( 'NONE', #550, .T. ) ;
#2905 = AXIS2_PLACEMENT_3D ( 'NONE', #1296, #2485, #1917 ) ;
#2906 = ADVANCED_FACE ( 'NONE', ( #2233 ), #752, .F. ) ;
#2907 = CARTESIAN_POINT ( 'NONE',  ( 5.500000000000000000, 4.874434071190314910, 0.1923215593919581634 ) ) ;
#2908 = VERTEX_POINT ( 'NONE', #2466 ) ;
#2909 = EDGE_CURVE ( 'NONE', #386, #1610, #3081, .T. ) ;
#2910 = EDGE_LOOP ( 'NONE', ( #1634, #2279, #1177, #574 ) ) ;
#2911 = AXIS2_PLACEMENT_3D ( 'NONE', #3253, #2970, #1775 ) ;
#2912 = DIRECTION ( 'NONE',  ( 1.000000000000000000, 0.000000000000000000, -0.000000000000000000 ) ) ;
#2913 = CARTESIAN_POINT ( 'NONE',  ( 5.500000000000000000, -7.486086856510516974, 5.262671792679411986 ) ) ;
#2914 = ORIENTED_EDGE ( 'NONE', *, *, #3519, .F. ) ;
#2915 = DIRECTION ( 'NONE',  ( 0.000000000000000000, 1.000000000000000000, 0.000000000000000000 ) ) ;
#2916 = CARTESIAN_POINT ( 'NONE',  ( 3.299999999999998934, 0.000000000000000000, 0.000000000000000000 ) ) ;
#2917 = AXIS2_PLACEMENT_3D ( 'NONE', #143, #3102, #1604 ) ;
#2918 =( LENGTH_UNIT ( ) NAMED_UNIT ( * ) SI_UNIT ( .MILLI., .METRE. ) );
#2919 = ORIENTED_EDGE ( 'NONE', *, *, #2552, .F. ) ;
#2920 = DIRECTION ( 'NONE',  ( -1.000000000000000000, 0.000000000000000000, -0.000000000000000000 ) ) ;
#2921 = CARTESIAN_POINT ( 'NONE',  ( 2.150000000000000355, -9.492150234113942986, 0.9919590187289599736 ) ) ;
#2922 = VERTEX_POINT ( 'NONE', #982 ) ;
#2923 = AXIS2_PLACEMENT_3D ( 'NONE', #2063, #2644, #2366 ) ;
#2924 = CARTESIAN_POINT ( 'NONE',  ( 2.150000000000000355, -4.591491110451058510, 4.313723378086375959 ) ) ;
#2925 = CARTESIAN_POINT ( 'NONE',  ( 1.850000000000000533, -10.46016383713330811, 2.735978542277934356 ) ) ;
#2926 = DIRECTION ( 'NONE',  ( 0.000000000000000000, 0.000000000000000000, 1.000000000000000000 ) ) ;
#2927 = STYLED_ITEM ( 'NONE', ( #2803 ), #3706 ) ;
#2928 = SURFACE_STYLE_FILL_AREA ( #2023 ) ;
#2929 = ORIENTED_EDGE ( 'NONE', *, *, #1502, .T. ) ;
#2930 = EDGE_LOOP ( 'NONE', ( #3327, #1144, #2076, #486 ) ) ;
#2931 = VERTEX_POINT ( 'NONE', #677 ) ;
#2932 = EDGE_CURVE ( 'NONE', #1408, #1721, #1870, .T. ) ;
#2933 = CARTESIAN_POINT ( 'NONE',  ( 5.299999999999999822, -6.370290229441971874, -12.82795071974462431 ) ) ;
#2934 = FACE_OUTER_BOUND ( 'NONE', #3581, .T. ) ;
#2935 = EDGE_CURVE ( 'NONE', #3305, #792, #815, .T. ) ;
#2936 =( NAMED_UNIT ( * ) PLANE_ANGLE_UNIT ( ) SI_UNIT ( $, .RADIAN. ) );
#2937 = EDGE_LOOP ( 'NONE', ( #1216, #3110 ) ) ;
#2938 = EDGE_LOOP ( 'NONE', ( #391, #2205, #3256, #821 ) ) ;
#2939 = CARTESIAN_POINT ( 'NONE',  ( 1.933404556003932351, -9.593873856785336329, -0.9919590187289638594 ) ) ;
#2940 = DIRECTION ( 'NONE',  ( 0.000000000000000000, 0.000000000000000000, -1.000000000000000000 ) ) ;
#2941 = EDGE_LOOP ( 'NONE', ( #603, #1681 ) ) ;
#2942 = CARTESIAN_POINT ( 'NONE',  ( 2.050000000000000711, -7.144210748181505359E-13, -8.384840468173093697 ) ) ;
#2943 = SURFACE_STYLE_USAGE ( .BOTH. , #1847 ) ;
#2944 = CYLINDRICAL_SURFACE ( 'NONE', #863, 18.12500000000002487 ) ;
#2945 = CARTESIAN_POINT ( 'NONE',  ( 5.299999999999999822, -3.013107768710960421, -8.640508804163832934 ) ) ;
#2946 = DIRECTION ( 'NONE',  ( 0.000000000000000000, 1.000000000000000000, 0.000000000000000000 ) ) ;
#2947 = ORIENTED_EDGE ( 'NONE', *, *, #1542, .F. ) ;
#2948 = ORIENTED_EDGE ( 'NONE', *, *, #842, .F. ) ;
#2949 = VERTEX_POINT ( 'NONE', #1350 ) ;
#2950 = SURFACE_STYLE_USAGE ( .BOTH. , #1779 ) ;
#2951 = CYLINDRICAL_SURFACE ( 'NONE', #3171, 18.12500000000002487 ) ;
#2952 = ORIENTED_EDGE ( 'NONE', *, *, #3263, .F. ) ;
#2953 = ADVANCED_FACE ( 'NONE', ( #3730 ), #1957, .T. ) ;
#2954 = ORIENTED_EDGE ( 'NONE', *, *, #874, .T. ) ;
#2955 = PRESENTATION_LAYER_ASSIGNMENT (  '', '', ( #213 ) ) ;
#2956 = VERTEX_POINT ( 'NONE', #3456 ) ;
#2957 = EDGE_CURVE ( 'NONE', #1209, #3607, #3494, .T. ) ;
#2958 = EDGE_CURVE ( 'NONE', #1911, #763, #1820, .T. ) ;
#2959 = DIRECTION ( 'NONE',  ( 0.000000000000000000, 0.000000000000000000, 1.000000000000000000 ) ) ;
#2960 = CARTESIAN_POINT ( 'NONE',  ( 2.050000000000000711, -7.144210748181505359E-13, -8.384840468173093697 ) ) ;
#2961 = ORIENTED_EDGE ( 'NONE', *, *, #1923, .F. ) ;
#2962 = DIRECTION ( 'NONE',  ( 0.000000000000000000, 0.000000000000000000, 1.000000000000000000 ) ) ;
#2963 =( LENGTH_UNIT ( ) NAMED_UNIT ( * ) SI_UNIT ( .MILLI., .METRE. ) );
#2964 = AXIS2_PLACEMENT_3D ( 'NONE', #1392, #1675, #1078 ) ;
#2965 = CARTESIAN_POINT ( 'NONE',  ( 1.950000000000000622, -9.504919181306432208, 5.153359820574319627 ) ) ;
#2966 = CARTESIAN_POINT ( 'NONE',  ( 5.299999999999999822, 6.433527730527032418, -1.837627247068453817 ) ) ;
#2967 = CIRCLE ( 'NONE', #3390, 18.12500000000009948 ) ;
#2968 = AXIS2_PLACEMENT_3D ( 'NONE', #1204, #3297, #2146 ) ;
#2969 = EDGE_CURVE ( 'NONE', #1512, #1906, #3781, .T. ) ;
#2970 = DIRECTION ( 'NONE',  ( 1.000000000000000000, 0.000000000000000000, 0.000000000000000000 ) ) ;
#2971 = VECTOR ( 'NONE', #651, 1000.000000000000000 ) ;
#2972 = VERTEX_POINT ( 'NONE', #1372 ) ;
#2973 = ORIENTED_EDGE ( 'NONE', *, *, #3076, .F. ) ;
#2974 = EDGE_LOOP ( 'NONE', ( #529, #1586 ) ) ;
#2975 = SURFACE_STYLE_USAGE ( .BOTH. , #2995 ) ;
#2976 = FACE_OUTER_BOUND ( 'NONE', #3698, .T. ) ;
#2977 = MECHANICAL_DESIGN_GEOMETRIC_PRESENTATION_REPRESENTATION (  '', ( #2534 ), #3716 ) ;
#2978 = UNCERTAINTY_MEASURE_WITH_UNIT (LENGTH_MEASURE( 1.000000000000000082E-05 ), #2679, 'distance_accuracy_value', 'NONE');
#2979 = VERTEX_POINT ( 'NONE', #2845 ) ;
#2980 = COLOUR_RGB ( '',1.000000000000000000, 1.000000000000000000, 1.000000000000000000 ) ;
#2981 = FILL_AREA_STYLE ('',( #610 ) ) ;
#2982 = CIRCLE ( 'NONE', #2047, 18.12500000000002842 ) ;
#2983 = CARTESIAN_POINT ( 'NONE',  ( 2.039665798517081186, -9.551645721634017150, -0.9919590187286780880 ) ) ;
#2984 = DIRECTION ( 'NONE',  ( 1.000000000000000000, -0.000000000000000000, -0.000000000000000000 ) ) ;
#2985 = ORIENTED_EDGE ( 'NONE', *, *, #3749, .T. ) ;
#2986 = DIRECTION ( 'NONE',  ( 0.000000000000000000, 0.000000000000000000, 1.000000000000000000 ) ) ;
#2987 = DIRECTION ( 'NONE',  ( 0.000000000000000000, 0.000000000000000000, 1.000000000000000000 ) ) ;
#2988 = FACE_OUTER_BOUND ( 'NONE', #2885, .T. ) ;
#2989 = DIRECTION ( 'NONE',  ( 1.000000000000000000, 0.000000000000000000, 0.000000000000000000 ) ) ;
#2990 = EDGE_CURVE ( 'NONE', #1408, #2666, #3720, .T. ) ;
#2991 = AXIS2_PLACEMENT_3D ( 'NONE', #2942, #3209, #2986 ) ;
#2992 = LINE ( 'NONE', #3299, #3702 ) ;
#2993 = ORIENTED_EDGE ( 'NONE', *, *, #2903, .F. ) ;
#2994 = ORIENTED_EDGE ( 'NONE', *, *, #3082, .F. ) ;
#2995 = SURFACE_SIDE_STYLE ('',( #2379 ) ) ;
#2996 = LINE ( 'NONE', #2110, #448 ) ;
#2997 = ORIENTED_EDGE ( 'NONE', *, *, #64, .T. ) ;
#2998 = CARTESIAN_POINT ( 'NONE',  ( 0.000000000000000000, 0.000000000000000000, 0.000000000000000000 ) ) ;
#2999 = ORIENTED_EDGE ( 'NONE', *, *, #2753, .F. ) ;
#3000 = LINE ( 'NONE', #2362, #1407 ) ;
#3001 = DIRECTION ( 'NONE',  ( 0.000000000000000000, 0.000000000000000000, -1.000000000000000000 ) ) ;
#3002 = EDGE_LOOP ( 'NONE', ( #3642, #183, #2008, #1874 ) ) ;
#3003 = CARTESIAN_POINT ( 'NONE',  ( 1.950000000000000622, 5.928977554213588519, 4.876006447783609588 ) ) ;
#3004 = FILL_AREA_STYLE ('',( #1831 ) ) ;
#3005 = DIRECTION ( 'NONE',  ( 1.000000000000000000, 0.000000000000000000, 0.000000000000000000 ) ) ;
#3006 = DIRECTION ( 'NONE',  ( 0.000000000000000000, 0.000000000000000000, 1.000000000000000000 ) ) ;
#3007 = PRODUCT_CONTEXT ( 'NONE', #750, 'mechanical' ) ;
#3008 = EDGE_CURVE ( 'NONE', #3128, #3092, #758, .T. ) ;
#3009 = CARTESIAN_POINT ( 'NONE',  ( 1.950000000000000622, -5.875128798320044865, -4.533079185507027375 ) ) ;
#3010 = ADVANCED_FACE ( 'NONE', ( #2018 ), #3189, .T. ) ;
#3011 = EDGE_LOOP ( 'NONE', ( #3526, #3680 ) ) ;
#3012 = ORIENTED_EDGE ( 'NONE', *, *, #327, .F. ) ;
#3013 = DIRECTION ( 'NONE',  ( 0.000000000000000000, 0.000000000000000000, 1.000000000000000000 ) ) ;
#3014 = DIRECTION ( 'NONE',  ( 0.000000000000000000, 0.000000000000000000, 1.000000000000000000 ) ) ;
#3015 = UNCERTAINTY_MEASURE_WITH_UNIT (LENGTH_MEASURE( 1.000000000000000082E-05 ), #1153, 'distance_accuracy_value', 'NONE');
#3016 = ORIENTED_EDGE ( 'NONE', *, *, #1504, .F. ) ;
#3017 = CARTESIAN_POINT ( 'NONE',  ( 5.500000000000000000, 2.000563028127955167, 4.449139542323369945 ) ) ;
#3018 = LINE ( 'NONE', #594, #1541 ) ;
#3019 = DIRECTION ( 'NONE',  ( 0.000000000000000000, 0.000000000000000000, -1.000000000000000000 ) ) ;
#3020 = ORIENTED_EDGE ( 'NONE', *, *, #2693, .F. ) ;
#3021 = AXIS2_PLACEMENT_3D ( 'NONE', #1430, #3825, #3513 ) ;
#3022 = LINE ( 'NONE', #412, #3839 ) ;
#3023 = FACE_OUTER_BOUND ( 'NONE', #648, .T. ) ;
#3024 = CIRCLE ( 'NONE', #2231, 18.12500000000002842 ) ;
#3025 = DIRECTION ( 'NONE',  ( 0.000000000000000000, 0.000000000000000000, 1.000000000000000000 ) ) ;
#3026 = APPLICATION_CONTEXT ( 'automotive_design' ) ;
#3027 = EDGE_CURVE ( 'NONE', #469, #2657, #1062, .T. ) ;
#3028 = EDGE_LOOP ( 'NONE', ( #1945, #1548, #634, #3802 ) ) ;
#3029 = CIRCLE ( 'NONE', #1774, 18.12500000000002487 ) ;
#3030 = ORIENTED_EDGE ( 'NONE', *, *, #1942, .F. ) ;
#3031 = FACE_OUTER_BOUND ( 'NONE', #1307, .T. ) ;
#3032 = DIRECTION ( 'NONE',  ( -1.000000000000000000, -0.000000000000000000, -0.000000000000000000 ) ) ;
#3033 = ORIENTED_EDGE ( 'NONE', *, *, #2227, .F. ) ;
#3034 = STYLED_ITEM ( 'NONE', ( #178 ), #2372 ) ;
#3035 = AXIS2_PLACEMENT_3D ( 'NONE', #899, #2122, #1827 ) ;
#3036 = EDGE_CURVE ( 'NONE', #1269, #1383, #56, .T. ) ;
#3037 = ORIENTED_EDGE ( 'NONE', *, *, #42, .F. ) ;
#3038 = AXIS2_PLACEMENT_3D ( 'NONE', #1279, #1057, #978 ) ;
#3039 = CARTESIAN_POINT ( 'NONE',  ( 1.650000000000000355, -9.302735781259070080, 0.3777922205479335438 ) ) ;
#3040 = DIRECTION ( 'NONE',  ( 0.000000000000000000, 0.000000000000000000, -1.000000000000000000 ) ) ;
#3041 = VERTEX_POINT ( 'NONE', #2384 ) ;
#3042 = PRESENTATION_LAYER_ASSIGNMENT (  '', '', ( #1626 ) ) ;
#3043 = PLANE ( 'NONE',  #1492 ) ;
#3044 = CARTESIAN_POINT ( 'NONE',  ( 5.299999999999999822, 2.344881428337398432, -4.277689350996153550 ) ) ;
#3045 = VECTOR ( 'NONE', #3545, 1000.000000000000000 ) ;
#3046 = DIRECTION ( 'NONE',  ( 1.000000000000000000, 0.000000000000000000, -0.000000000000000000 ) ) ;
#3047 = DIRECTION ( 'NONE',  ( 0.000000000000000000, 0.000000000000000000, -1.000000000000000000 ) ) ;
#3048 = DIRECTION ( 'NONE',  ( 1.000000000000000000, -0.000000000000000000, -0.000000000000000000 ) ) ;
#3049 = PRESENTATION_LAYER_ASSIGNMENT (  '', '', ( #3106 ) ) ;
#3050 = CIRCLE ( 'NONE', #129, 1.052971106429616555 ) ;
#3051 = FACE_OUTER_BOUND ( 'NONE', #97, .T. ) ;
#3052 = AXIS2_PLACEMENT_3D ( 'NONE', #1486, #3282, #3561 ) ;
#3053 = FACE_OUTER_BOUND ( 'NONE', #286, .T. ) ;
#3054 = EDGE_LOOP ( 'NONE', ( #2061, #3603 ) ) ;
#3055 = DIRECTION ( 'NONE',  ( 0.000000000000000000, 0.9857111712149919658, -0.1684443140683848372 ) ) ;
#3056 = EDGE_CURVE ( 'NONE', #2149, #1591, #2431, .T. ) ;
#3057 = ORIENTED_EDGE ( 'NONE', *, *, #1325, .F. ) ;
#3058 = CARTESIAN_POINT ( 'NONE',  ( 1.649999999999999911, -10.19838344791797802, 1.749049789534567578 ) ) ;
#3059 = EDGE_CURVE ( 'NONE', #1080, #149, #2132, .T. ) ;
#3060 = EDGE_LOOP ( 'NONE', ( #2620, #876 ) ) ;
#3061 = CARTESIAN_POINT ( 'NONE',  ( 2.050000000000000711, -7.142921230486420535E-13, -9.437811574603687248 ) ) ;
#3062 =( NAMED_UNIT ( * ) SI_UNIT ( $, .STERADIAN. ) SOLID_ANGLE_UNIT ( ) );
#3063 = FACE_BOUND ( 'NONE', #3054, .T. ) ;
#3064 =( LENGTH_UNIT ( ) NAMED_UNIT ( * ) SI_UNIT ( .MILLI., .METRE. ) );
#3065 = DIRECTION ( 'NONE',  ( 1.000000000000000000, 0.000000000000000000, 0.000000000000000000 ) ) ;
#3066 = DIRECTION ( 'NONE',  ( -1.000000000000000000, 0.000000000000000000, 0.000000000000000000 ) ) ;
#3067 = ORIENTED_EDGE ( 'NONE', *, *, #2935, .T. ) ;
#3068 = FACE_OUTER_BOUND ( 'NONE', #3028, .T. ) ;
#3069 = ORIENTED_EDGE ( 'NONE', *, *, #944, .F. ) ;
#3070 = CARTESIAN_POINT ( 'NONE',  ( 1.650000000000000355, -10.17128894122800453, 1.126759103848829158 ) ) ;
#3071 = CARTESIAN_POINT ( 'NONE',  ( 5.500000000000000000, 6.391608597513505963, -6.548629654886687135 ) ) ;
#3072 = VERTEX_POINT ( 'NONE', #320 ) ;
#3073 = ADVANCED_FACE ( 'NONE', ( #2098 ), #1536, .F. ) ;
#3074 = DIRECTION ( 'NONE',  ( 0.000000000000000000, 0.000000000000000000, 1.000000000000000000 ) ) ;
#3075 = EDGE_CURVE ( 'NONE', #2949, #54, #636, .T. ) ;
#3076 = EDGE_CURVE ( 'NONE', #1744, #3532, #1179, .T. ) ;
#3077 = DIRECTION ( 'NONE',  ( 0.000000000000000000, 0.000000000000000000, 1.000000000000000000 ) ) ;
#3078 = CARTESIAN_POINT ( 'NONE',  ( 5.299999999999999822, 13.36355294839398589, 18.56997822392913733 ) ) ;
#3079 = CYLINDRICAL_SURFACE ( 'NONE', #917, 11.50000000000000000 ) ;
#3080 = VECTOR ( 'NONE', #1971, 1000.000000000000000 ) ;
#3081 = LINE ( 'NONE', #2795, #315 ) ;
#3082 = EDGE_CURVE ( 'NONE', #3160, #1610, #2371, .T. ) ;
#3083 = CARTESIAN_POINT ( 'NONE',  ( 5.299999999999999822, 1.374114556635327222, 9.047044821703277506 ) ) ;
#3084 = CIRCLE ( 'NONE', #290, 1.052971106429616555 ) ;
#3085 = AXIS2_PLACEMENT_3D ( 'NONE', #2471, #2185, #55 ) ;
#3086 = COLOUR_RGB ( '',0.2509803921568627416, 0.2509803921568627416, 0.2509803921568627416 ) ;
#3087 = CARTESIAN_POINT ( 'NONE',  ( 5.500000000000000000, 22.57981094587442072, -3.685210481142762617 ) ) ;
#3088 = DIRECTION ( 'NONE',  ( 0.000000000000000000, 0.000000000000000000, 1.000000000000000000 ) ) ;
#3089 = UNCERTAINTY_MEASURE_WITH_UNIT (LENGTH_MEASURE( 1.000000000000000082E-05 ), #387, 'distance_accuracy_value', 'NONE');
#3090 = EDGE_LOOP ( 'NONE', ( #1000, #2824, #1763, #3500 ) ) ;
#3091 = CIRCLE ( 'NONE', #1798, 6.299999999999999822 ) ;
#3092 = VERTEX_POINT ( 'NONE', #13 ) ;
#3093 = FILL_AREA_STYLE_COLOUR ( '', #537 ) ;
#3094 = AXIS2_PLACEMENT_3D ( 'NONE', #3248, #1237, #3001 ) ;
#3095 = ORIENTED_EDGE ( 'NONE', *, *, #2038, .T. ) ;
#3096 = DIRECTION ( 'NONE',  ( 0.000000000000000000, 1.000000000000000000, 0.000000000000000000 ) ) ;
#3097 = AXIS2_PLACEMENT_3D ( 'NONE', #2516, #459, #698 ) ;
#3098 = LINE ( 'NONE', #69, #1165 ) ;
#3099 = CYLINDRICAL_SURFACE ( 'NONE', #305, 18.12500000000002487 ) ;
#3100 = CARTESIAN_POINT ( 'NONE',  ( 5.500000000000000000, 0.000000000000000000, 0.000000000000000000 ) ) ;
#3101 = MECHANICAL_DESIGN_GEOMETRIC_PRESENTATION_REPRESENTATION (  '', ( #687 ), #1682 ) ;
#3102 = DIRECTION ( 'NONE',  ( -1.000000000000000000, 0.000000000000000000, 0.000000000000000000 ) ) ;
#3103 = FACE_OUTER_BOUND ( 'NONE', #2930, .T. ) ;
#3104 = STYLED_ITEM ( 'NONE', ( #3194 ), #1920 ) ;
#3105 = ADVANCED_FACE ( 'NONE', ( #555 ), #341, .T. ) ;
#3106 = STYLED_ITEM ( 'NONE', ( #1090 ), #2716 ) ;
#3107 = CYLINDRICAL_SURFACE ( 'NONE', #2106, 1.052971106429683390 ) ;
#3108 = DIRECTION ( 'NONE',  ( 0.000000000000000000, 1.000000000000000000, 0.000000000000000000 ) ) ;
#3109 = VERTEX_POINT ( 'NONE', #3003 ) ;
#3110 = ORIENTED_EDGE ( 'NONE', *, *, #1881, .T. ) ;
#3111 = CIRCLE ( 'NONE', #1823, 11.15774183861788593 ) ;
#3112 = FILL_AREA_STYLE ('',( #3093 ) ) ;
#3113 = AXIS2_PLACEMENT_3D ( 'NONE', #2778, #3412, #147 ) ;
#3114 = DIRECTION ( 'NONE',  ( 0.000000000000000000, 0.000000000000000000, -1.000000000000000000 ) ) ;
#3115 = CARTESIAN_POINT ( 'NONE',  ( 1.850000000000000533, -7.354043962616001018, 0.9919590187289599736 ) ) ;
#3116 = DIRECTION ( 'NONE',  ( 1.000000000000000000, -0.000000000000000000, -0.000000000000000000 ) ) ;
#3117 = LINE ( 'NONE', #3673, #2781 ) ;
#3118 = EDGE_CURVE ( 'NONE', #3547, #1765, #3050, .T. ) ;
#3119 = FACE_OUTER_BOUND ( 'NONE', #2142, .T. ) ;
#3120 = PLANE ( 'NONE',  #2843 ) ;
#3121 = EDGE_CURVE ( 'NONE', #402, #3757, #1518, .T. ) ;
#3122 = LINE ( 'NONE', #2261, #1989 ) ;
#3123 = ADVANCED_FACE ( 'NONE', ( #2624 ), #2402, .F. ) ;
#3124 = ORIENTED_EDGE ( 'NONE', *, *, #131, .T. ) ;
#3125 = DIRECTION ( 'NONE',  ( 0.000000000000000000, 0.000000000000000000, -1.000000000000000000 ) ) ;
#3126 = ORIENTED_EDGE ( 'NONE', *, *, #2194, .T. ) ;
#3127 = FILL_AREA_STYLE ('',( #2523 ) ) ;
#3128 = VERTEX_POINT ( 'NONE', #2125 ) ;
#3129 = CARTESIAN_POINT ( 'NONE',  ( 5.500000000000000000, -4.826776561967567325, 0.7066279908364255791 ) ) ;
#3130 =( LENGTH_UNIT ( ) NAMED_UNIT ( * ) SI_UNIT ( .MILLI., .METRE. ) );
#3131 = FACE_OUTER_BOUND ( 'NONE', #3573, .T. ) ;
#3132 = DIRECTION ( 'NONE',  ( 0.000000000000000000, 0.000000000000000000, 1.000000000000000000 ) ) ;
#3133 = CARTESIAN_POINT ( 'NONE',  ( 5.299999999999999822, 8.711077982756618709, 2.802557974244732630 ) ) ;
#3134 = DIRECTION ( 'NONE',  ( 0.000000000000000000, 0.000000000000000000, 1.000000000000000000 ) ) ;
#3135 = ORIENTED_EDGE ( 'NONE', *, *, #565, .F. ) ;
#3136 = EDGE_CURVE ( 'NONE', #1272, #1698, #2425, .T. ) ;
#3137 = CYLINDRICAL_SURFACE ( 'NONE', #1624, 1.052971106430593329 ) ;
#3138 = ORIENTED_EDGE ( 'NONE', *, *, #2344, .T. ) ;
#3139 = EDGE_CURVE ( 'NONE', #2858, #3160, #278, .T. ) ;
#3140 = SURFACE_SIDE_STYLE ('',( #1666 ) ) ;
#3141 = SURFACE_SIDE_STYLE ('',( #2617 ) ) ;
#3142 = COLOUR_RGB ( '',0.5019607843137254832, 0.5019607843137254832, 0.5019607843137254832 ) ;
#3143 = EDGE_CURVE ( 'NONE', #3776, #3736, #818, .T. ) ;
#3144 = SURFACE_STYLE_FILL_AREA ( #3436 ) ;
#3145 =( NAMED_UNIT ( * ) PLANE_ANGLE_UNIT ( ) SI_UNIT ( $, .RADIAN. ) );
#3146 = DIRECTION ( 'NONE',  ( -1.000000000000000000, -0.000000000000000000, -0.000000000000000000 ) ) ;
#3147 = DIRECTION ( 'NONE',  ( 0.000000000000000000, 1.000000000000000000, 0.000000000000000000 ) ) ;
#3148 = VECTOR ( 'NONE', #2235, 1000.000000000000000 ) ;
#3149 = AXIS2_PLACEMENT_3D ( 'NONE', #85, #2462, #2197 ) ;
#3150 = DIRECTION ( 'NONE',  ( 0.000000000000000000, 0.000000000000000000, -1.000000000000000000 ) ) ;
#3151 = LINE ( 'NONE', #1140, #1292 ) ;
#3152 = CARTESIAN_POINT ( 'NONE',  ( 5.299999999999999822, 3.472684048270682666, 3.426012346367694139 ) ) ;
#3153 =( GEOMETRIC_REPRESENTATION_CONTEXT ( 3 ) GLOBAL_UNCERTAINTY_ASSIGNED_CONTEXT ( ( #134 ) ) GLOBAL_UNIT_ASSIGNED_CONTEXT ( ( #3064, #2752, #3356 ) ) REPRESENTATION_CONTEXT ( 'NONE', 'WORKASPACE' ) );
#3154 = CIRCLE ( 'NONE', #1500, 18.12500000000002132 ) ;
#3155 = DIRECTION ( 'NONE',  ( 0.000000000000000000, 0.000000000000000000, -1.000000000000000000 ) ) ;
#3156 = FILL_AREA_STYLE ('',( #522 ) ) ;
#3157 = CIRCLE ( 'NONE', #179, 18.12500000000002132 ) ;
#3158 = ORIENTED_EDGE ( 'NONE', *, *, #1689, .F. ) ;
#3159 = ORIENTED_EDGE ( 'NONE', *, *, #2837, .T. ) ;
#3160 = VERTEX_POINT ( 'NONE', #3540 ) ;
#3161 = AXIS2_PLACEMENT_3D ( 'NONE', #1056, #1369, #2546 ) ;
#3162 = CARTESIAN_POINT ( 'NONE',  ( 1.950000000000000622, 8.384840468173806016, 0.000000000000000000 ) ) ;
#3163 = CIRCLE ( 'NONE', #2135, 18.12500000000002487 ) ;
#3164 = ADVANCED_FACE ( 'NONE', ( #887 ), #2082, .F. ) ;
#3165 = DIRECTION ( 'NONE',  ( 0.000000000000000000, 0.000000000000000000, -1.000000000000000000 ) ) ;
#3166 = ORIENTED_EDGE ( 'NONE', *, *, #15, .T. ) ;
#3167 = FILL_AREA_STYLE_COLOUR ( '', #628 ) ;
#3168 = ORIENTED_EDGE ( 'NONE', *, *, #2068, .F. ) ;
#3169 = ADVANCED_FACE ( 'NONE', ( #455 ), #250, .T. ) ;
#3170 = FILL_AREA_STYLE ('',( #2329 ) ) ;
#3171 = AXIS2_PLACEMENT_3D ( 'NONE', #2415, #3583, #933 ) ;
#3172 = CARTESIAN_POINT ( 'NONE',  ( 5.299999999999999822, 0.2582548855340291993, 4.871385789554896206 ) ) ;
#3173 = PLANE ( 'NONE',  #3269 ) ;
#3174 = DIRECTION ( 'NONE',  ( -1.000000000000000000, -0.000000000000000000, 0.000000000000000000 ) ) ;
#3175 = FACE_OUTER_BOUND ( 'NONE', #1842, .T. ) ;
#3176 = DIRECTION ( 'NONE',  ( 0.000000000000000000, 0.000000000000000000, 1.000000000000000000 ) ) ;
#3177 = ORIENTED_EDGE ( 'NONE', *, *, #1254, .T. ) ;
#3178 = DIRECTION ( 'NONE',  ( 1.000000000000000000, 0.000000000000000000, 0.000000000000000000 ) ) ;
#3179 = ORIENTED_EDGE ( 'NONE', *, *, #3733, .T. ) ;
#3180 = ORIENTED_EDGE ( 'NONE', *, *, #346, .F. ) ;
#3181 = DIRECTION ( 'NONE',  ( 1.000000000000000000, -0.000000000000000000, -0.000000000000000000 ) ) ;
#3182 = DIRECTION ( 'NONE',  ( 1.000000000000000000, -0.000000000000000000, -0.000000000000000000 ) ) ;
#3183 = FACE_OUTER_BOUND ( 'NONE', #241, .T. ) ;
#3184 = VERTEX_POINT ( 'NONE', #3381 ) ;
#3185 = EDGE_CURVE ( 'NONE', #3184, #1016, #2734, .T. ) ;
#3186 = DIRECTION ( 'NONE',  ( 1.000000000000000000, -0.000000000000000000, -0.000000000000000000 ) ) ;
#3187 = EDGE_CURVE ( 'NONE', #3109, #1948, #1508, .T. ) ;
#3188 = EDGE_CURVE ( 'NONE', #230, #584, #1437, .T. ) ;
#3189 = PLANE ( 'NONE',  #3596 ) ;
#3190 = CYLINDRICAL_SURFACE ( 'NONE', #790, 4.184091487287177280 ) ;
#3191 = DIRECTION ( 'NONE',  ( 1.000000000000000000, -0.000000000000000000, -0.000000000000000000 ) ) ;
#3192 = CARTESIAN_POINT ( 'NONE',  ( 5.500999999999999446, 0.000000000000000000, 0.000000000000000000 ) ) ;
#3193 = EDGE_CURVE ( 'NONE', #2167, #2761, #2809, .T. ) ;
#3194 = PRESENTATION_STYLE_ASSIGNMENT (( #263 ) ) ;
#3195 = EDGE_LOOP ( 'NONE', ( #2947, #336, #2757, #1908 ) ) ;
#3196 = EDGE_CURVE ( 'NONE', #1610, #3160, #3413, .T. ) ;
#3197 = ORIENTED_EDGE ( 'NONE', *, *, #246, .F. ) ;
#3198 = AXIS2_PLACEMENT_3D ( 'NONE', #781, #3433, #203 ) ;
#3199 = EDGE_LOOP ( 'NONE', ( #1466, #39 ) ) ;
#3200 = DIRECTION ( 'NONE',  ( 1.000000000000000000, -0.000000000000000000, -0.000000000000000000 ) ) ;
#3201 = DIRECTION ( 'NONE',  ( 0.000000000000000000, 0.000000000000000000, -1.000000000000000000 ) ) ;
#3202 = EDGE_LOOP ( 'NONE', ( #1420, #2700 ) ) ;
#3203 =( NAMED_UNIT ( * ) SI_UNIT ( $, .STERADIAN. ) SOLID_ANGLE_UNIT ( ) );
#3204 = ORIENTED_EDGE ( 'NONE', *, *, #2821, .F. ) ;
#3205 = SURFACE_STYLE_USAGE ( .BOTH. , #2284 ) ;
#3206 =( GEOMETRIC_REPRESENTATION_CONTEXT ( 3 ) GLOBAL_UNCERTAINTY_ASSIGNED_CONTEXT ( ( #59 ) ) GLOBAL_UNIT_ASSIGNED_CONTEXT ( ( #3747, #2020, #1753 ) ) REPRESENTATION_CONTEXT ( 'NONE', 'WORKASPACE' ) );
#3207 = DIRECTION ( 'NONE',  ( 0.000000000000000000, 0.000000000000000000, 1.000000000000000000 ) ) ;
#3208 = ORIENTED_EDGE ( 'NONE', *, *, #2969, .F. ) ;
#3209 = DIRECTION ( 'NONE',  ( -1.000000000000000000, 0.000000000000000000, 0.000000000000000000 ) ) ;
#3210 = CIRCLE ( 'NONE', #2582, 18.12500000000009592 ) ;
#3211 = STYLED_ITEM ( 'NONE', ( #41 ), #1006 ) ;
#3212 = FILL_AREA_STYLE ('',( #1374 ) ) ;
#3213 = PRESENTATION_STYLE_ASSIGNMENT (( #1696 ) ) ;
#3214 = CARTESIAN_POINT ( 'NONE',  ( 5.500000000000000000, -1.336915930037655187, 14.26006918186179284 ) ) ;
#3215 = CIRCLE ( 'NONE', #1174, 6.299999999999999822 ) ;
#3216 = EDGE_CURVE ( 'NONE', #376, #1012, #2002, .T. ) ;
#3217 = FACE_OUTER_BOUND ( 'NONE', #3419, .T. ) ;
#3218 = AXIS2_PLACEMENT_3D ( 'NONE', #1315, #1618, #1003 ) ;
#3219 = ADVANCED_FACE ( 'NONE', ( #1910 ), #1667, .T. ) ;
#3220 = ORIENTED_EDGE ( 'NONE', *, *, #845, .T. ) ;
#3221 = VECTOR ( 'NONE', #1687, 1000.000000000000227 ) ;
#3222 = ORIENTED_EDGE ( 'NONE', *, *, #1393, .T. ) ;
#3223 = FILL_AREA_STYLE_COLOUR ( '', #2043 ) ;
#3224 = FACE_OUTER_BOUND ( 'NONE', #1253, .T. ) ;
#3225 = EDGE_LOOP ( 'NONE', ( #3261, #2188, #2307, #1207 ) ) ;
#3226 = FILL_AREA_STYLE_COLOUR ( '', #2424 ) ;
#3227 = EDGE_LOOP ( 'NONE', ( #688, #1781, #3124, #226 ) ) ;
#3228 = SURFACE_STYLE_FILL_AREA ( #860 ) ;
#3229 = CARTESIAN_POINT ( 'NONE',  ( 1.650000000000000355, -9.966427557849357299, -0.7219078068806040749 ) ) ;
#3230 = CARTESIAN_POINT ( 'NONE',  ( 5.500000000000000000, 5.124034247245930567E-16, -4.184091487287177280 ) ) ;
#3231 = ORIENTED_EDGE ( 'NONE', *, *, #2227, .T. ) ;
#3232 = CARTESIAN_POINT ( 'NONE',  ( 5.999999999999999112, 0.000000000000000000, 0.000000000000000000 ) ) ;
#3233 = MECHANICAL_DESIGN_GEOMETRIC_PRESENTATION_REPRESENTATION (  '', ( #1196 ), #1319 ) ;
#3234 = DIRECTION ( 'NONE',  ( 1.000000000000000000, -0.000000000000000000, -0.000000000000000000 ) ) ;
#3235 = CARTESIAN_POINT ( 'NONE',  ( 5.500000000000000000, 3.904694173391426659, 13.78006823958996030 ) ) ;
#3236 =( GEOMETRIC_REPRESENTATION_CONTEXT ( 3 ) GLOBAL_UNCERTAINTY_ASSIGNED_CONTEXT ( ( #1631 ) ) GLOBAL_UNIT_ASSIGNED_CONTEXT ( ( #686, #718, #2507 ) ) REPRESENTATION_CONTEXT ( 'NONE', 'WORKASPACE' ) );
#3237 =( NAMED_UNIT ( * ) PLANE_ANGLE_UNIT ( ) SI_UNIT ( $, .RADIAN. ) );
#3238 = ADVANCED_FACE ( 'NONE', ( #390 ), #1018, .F. ) ;
#3239 = ORIENTED_EDGE ( 'NONE', *, *, #193, .T. ) ;
#3240 = EDGE_CURVE ( 'NONE', #1101, #1136, #3360, .T. ) ;
#3241 = ORIENTED_EDGE ( 'NONE', *, *, #1181, .T. ) ;
#3242 = FACE_OUTER_BOUND ( 'NONE', #3225, .T. ) ;
#3243 = VERTEX_POINT ( 'NONE', #1595 ) ;
#3244 = CARTESIAN_POINT ( 'NONE',  ( 1.850000000000000533, -5.875128798320044865, 4.533079185507027375 ) ) ;
#3245 = EDGE_LOOP ( 'NONE', ( #2072, #2264, #102, #2997 ) ) ;
#3246 = ORIENTED_EDGE ( 'NONE', *, *, #560, .F. ) ;
#3247 = CYLINDRICAL_SURFACE ( 'NONE', #3818, 18.12500000000009948 ) ;
#3248 = CARTESIAN_POINT ( 'NONE',  ( 5.299999999999999822, 14.20397139109172002, -17.93532367599870270 ) ) ;
#3249 = EDGE_LOOP ( 'NONE', ( #3558, #3393, #1718, #504 ) ) ;
#3250 = CARTESIAN_POINT ( 'NONE',  ( 5.299999999999999822, 8.643627894935246303, -11.42035963047553970 ) ) ;
#3251 = DIRECTION ( 'NONE',  ( -1.000000000000000000, 0.000000000000000000, -0.000000000000000000 ) ) ;
#3252 = LINE ( 'NONE', #3688, #3769 ) ;
#3253 = CARTESIAN_POINT ( 'NONE',  ( 5.500999999999999446, 0.000000000000000000, 0.000000000000000000 ) ) ;
#3254 = ORIENTED_EDGE ( 'NONE', *, *, #1130, .T. ) ;
#3255 = EDGE_LOOP ( 'NONE', ( #1704, #2381 ) ) ;
#3256 = ORIENTED_EDGE ( 'NONE', *, *, #611, .F. ) ;
#3257 = FILL_AREA_STYLE ('',( #3223 ) ) ;
#3258 = LINE ( 'NONE', #349, #820 ) ;
#3259 = CIRCLE ( 'NONE', #1478, 18.12500000000002487 ) ;
#3260 = EDGE_LOOP ( 'NONE', ( #765, #573, #3435, #1740 ) ) ;
#3261 = ORIENTED_EDGE ( 'NONE', *, *, #3082, .T. ) ;
#3262 = CARTESIAN_POINT ( 'NONE',  ( 5.500000000000000000, 14.08156462342205195, -2.616573146668270677 ) ) ;
#3263 = EDGE_CURVE ( 'NONE', #3736, #3776, #2191, .T. ) ;
#3264 = CARTESIAN_POINT ( 'NONE',  ( 2.050000000000000711, 7.133942280140794114E-13, 9.437811574604637599 ) ) ;
#3265 = ORIENTED_EDGE ( 'NONE', *, *, #2391, .F. ) ;
#3266 = CARTESIAN_POINT ( 'NONE',  ( 2.050000000000000711, 5.928977554212578660, -6.981948660642938620 ) ) ;
#3267 = PRESENTATION_STYLE_ASSIGNMENT (( #2943 ) ) ;
#3268 = MECHANICAL_DESIGN_GEOMETRIC_PRESENTATION_REPRESENTATION (  '', ( #793 ), #3272 ) ;
#3269 = AXIS2_PLACEMENT_3D ( 'NONE', #3731, #1978, #2258 ) ;
#3270 = CARTESIAN_POINT ( 'NONE',  ( 2.050000000000000711, 5.928977554212578660, -4.876006447782813780 ) ) ;
#3271 = FILL_AREA_STYLE_COLOUR ( '', #735 ) ;
#3272 =( GEOMETRIC_REPRESENTATION_CONTEXT ( 3 ) GLOBAL_UNCERTAINTY_ASSIGNED_CONTEXT ( ( #370 ) ) GLOBAL_UNIT_ASSIGNED_CONTEXT ( ( #1856, #1628, #2802 ) ) REPRESENTATION_CONTEXT ( 'NONE', 'WORKASPACE' ) );
#3273 = AXIS2_PLACEMENT_3D ( 'NONE', #325, #29, #2405 ) ;
#3274 = PLANE ( 'NONE',  #1115 ) ;
#3275 = CIRCLE ( 'NONE', #2526, 18.12500000000009948 ) ;
#3276 = PRESENTATION_LAYER_ASSIGNMENT (  '', '', ( #981 ) ) ;
#3277 = ORIENTED_EDGE ( 'NONE', *, *, #1341, .T. ) ;
#3278 = STYLED_ITEM ( 'NONE', ( #106 ), #1373 ) ;
#3279 = VERTEX_POINT ( 'NONE', #708 ) ;
#3280 = VERTEX_POINT ( 'NONE', #3071 ) ;
#3281 = CARTESIAN_POINT ( 'NONE',  ( 2.150000000000000355, -10.65159256884598094, -1.855850702718784939 ) ) ;
#3282 = DIRECTION ( 'NONE',  ( -1.000000000000000000, -0.000000000000000000, -0.000000000000000000 ) ) ;
#3283 = AXIS2_PLACEMENT_3D ( 'NONE', #2825, #2839, #153 ) ;
#3284 = UNCERTAINTY_MEASURE_WITH_UNIT (LENGTH_MEASURE( 1.000000000000000082E-05 ), #2835, 'distance_accuracy_value', 'NONE');
#3285 = ORIENTED_EDGE ( 'NONE', *, *, #3837, .F. ) ;
#3286 = CARTESIAN_POINT ( 'NONE',  ( 5.299999999999999822, 22.57981094587442072, -3.685210481142762617 ) ) ;
#3287 = COLOUR_RGB ( '',0.5019607843137254832, 0.5019607843137254832, 0.5019607843137254832 ) ;
#3288 = CARTESIAN_POINT ( 'NONE',  ( 5.299999999999999822, -4.245571628790118623, 2.402543785532727405 ) ) ;
#3289 = CARTESIAN_POINT ( 'NONE',  ( 2.150000000000000355, -6.897852326276728618, 2.735978542277934356 ) ) ;
#3290 = EDGE_LOOP ( 'NONE', ( #1527, #1590, #3254, #2393 ) ) ;
#3291 = ADVANCED_FACE ( 'NONE', ( #409 ), #1310, .F. ) ;
#3292 = CIRCLE ( 'NONE', #3161, 10.81205836478311966 ) ;
#3293 = DIRECTION ( 'NONE',  ( 0.000000000000000000, 0.000000000000000000, -1.000000000000000000 ) ) ;
#3294 = EDGE_CURVE ( 'NONE', #2956, #1382, #3163, .T. ) ;
#3295 =( NAMED_UNIT ( * ) PLANE_ANGLE_UNIT ( ) SI_UNIT ( $, .RADIAN. ) );
#3296 = LINE ( 'NONE', #3270, #3343 ) ;
#3297 = DIRECTION ( 'NONE',  ( 1.000000000000000000, -0.000000000000000000, -0.000000000000000000 ) ) ;
#3298 = AXIS2_PLACEMENT_3D ( 'NONE', #1385, #2542, #3724 ) ;
#3299 = CARTESIAN_POINT ( 'NONE',  ( 2.150000000000000355, -0.000000000000000000, 3.435284977019530839 ) ) ;
#3300 = AXIS2_PLACEMENT_3D ( 'NONE', #2281, #3449, #1857 ) ;
#3301 = VERTEX_POINT ( 'NONE', #2913 ) ;
#3302 = EDGE_LOOP ( 'NONE', ( #366, #2396, #283, #1517, #202 ) ) ;
#3303 = CARTESIAN_POINT ( 'NONE',  ( 0.000000000000000000, 0.000000000000000000, 10.81205836478311966 ) ) ;
#3304 = DIRECTION ( 'NONE',  ( 1.000000000000000000, 0.000000000000000000, -0.000000000000000000 ) ) ;
#3305 = VERTEX_POINT ( 'NONE', #799 ) ;
#3306 = PLANE ( 'NONE',  #1746 ) ;
#3307 = DIRECTION ( 'NONE',  ( 0.000000000000000000, 0.000000000000000000, 1.000000000000000000 ) ) ;
#3308 = FACE_OUTER_BOUND ( 'NONE', #897, .T. ) ;
#3309 = VERTEX_POINT ( 'NONE', #2573 ) ;
#3310 = AXIS2_PLACEMENT_3D ( 'NONE', #3192, #3520, #538 ) ;
#3311 = DIRECTION ( 'NONE',  ( 0.000000000000000000, 0.000000000000000000, 1.000000000000000000 ) ) ;
#3312 = FILL_AREA_STYLE_COLOUR ( '', #1795 ) ;
#3313 = ADVANCED_FACE ( 'NONE', ( #2934 ), #2339, .T. ) ;
#3314 = DIRECTION ( 'NONE',  ( 0.000000000000000000, 0.000000000000000000, 1.000000000000000000 ) ) ;
#3315 =( NAMED_UNIT ( * ) SI_UNIT ( $, .STERADIAN. ) SOLID_ANGLE_UNIT ( ) );
#3316 = DIRECTION ( 'NONE',  ( 1.000000000000000000, -0.000000000000000000, -0.000000000000000000 ) ) ;
#3317 = EDGE_CURVE ( 'NONE', #1485, #895, #1125, .T. ) ;
#3318 = ORIENTED_EDGE ( 'NONE', *, *, #2389, .T. ) ;
#3319 = ADVANCED_FACE ( 'NONE', ( #2855 ), #204, .T. ) ;
#3320 = ORIENTED_EDGE ( 'NONE', *, *, #3121, .T. ) ;
#3321 = CARTESIAN_POINT ( 'NONE',  ( 1.968797339914351019, -10.62963097556169600, -1.825056291320450441 ) ) ;
#3322 = CARTESIAN_POINT ( 'NONE',  ( 5.299999999999999822, 3.904694173391426659, 13.78006823958996030 ) ) ;
#3323 = ORIENTED_EDGE ( 'NONE', *, *, #2447, .F. ) ;
#3324 = EDGE_LOOP ( 'NONE', ( #3538, #3700 ) ) ;
#3325 =( LENGTH_UNIT ( ) NAMED_UNIT ( * ) SI_UNIT ( .MILLI., .METRE. ) );
#3326 = DIRECTION ( 'NONE',  ( 1.000000000000000000, 0.000000000000000000, 0.000000000000000000 ) ) ;
#3327 = ORIENTED_EDGE ( 'NONE', *, *, #2506, .T. ) ;
#3328 = CIRCLE ( 'NONE', #1905, 7.420643186336786101 ) ;
#3329 = DIRECTION ( 'NONE',  ( 1.000000000000000000, -0.000000000000000000, -0.000000000000000000 ) ) ;
#3330 = LINE ( 'NONE', #413, #420 ) ;
#3331 = CARTESIAN_POINT ( 'NONE',  ( 5.500000000000000000, -21.51819110678159674, 7.771492143328798008 ) ) ;
#3332 = CARTESIAN_POINT ( 'NONE',  ( 1.850000000000000533, -6.577595489659614714, -3.435284977019530839 ) ) ;
#3333 = DIRECTION ( 'NONE',  ( 1.000000000000000000, -0.000000000000000000, -0.000000000000000000 ) ) ;
#3334 =( GEOMETRIC_REPRESENTATION_CONTEXT ( 3 ) GLOBAL_UNCERTAINTY_ASSIGNED_CONTEXT ( ( #2473 ) ) GLOBAL_UNIT_ASSIGNED_CONTEXT ( ( #2963, #3295, #1519 ) ) REPRESENTATION_CONTEXT ( 'NONE', 'WORKASPACE' ) );
#3335 = DIRECTION ( 'NONE',  ( 0.000000000000000000, 0.000000000000000000, 1.000000000000000000 ) ) ;
#3336 = MECHANICAL_DESIGN_GEOMETRIC_PRESENTATION_REPRESENTATION (  '', ( #1734 ), #111 ) ;
#3337 = EDGE_CURVE ( 'NONE', #2614, #2220, #1086, .T. ) ;
#3338 = CARTESIAN_POINT ( 'NONE',  ( 5.299999999999999822, -21.51819110678159674, 7.771492143328798008 ) ) ;
#3339 = EDGE_CURVE ( 'NONE', #3431, #2883, #1377, .T. ) ;
#3340 = DIRECTION ( 'NONE',  ( -1.000000000000000000, -0.000000000000000000, -0.000000000000000000 ) ) ;
#3341 = EDGE_LOOP ( 'NONE', ( #840, #1986, #3817, #3610, #3135, #2788, #3069, #347 ) ) ;
#3342 = AXIS2_PLACEMENT_3D ( 'NONE', #2467, #3066, #3335 ) ;
#3343 = VECTOR ( 'NONE', #3543, 1000.000000000000000 ) ;
#3344 = FILL_AREA_STYLE_COLOUR ( '', #3405 ) ;
#3345 = AXIS2_PLACEMENT_3D ( 'NONE', #3383, #1558, #3074 ) ;
#3346 = CARTESIAN_POINT ( 'NONE',  ( 2.150000000000000355, -9.808865816828113537, 1.480906789198069395 ) ) ;
#3347 = CIRCLE ( 'NONE', #3840, 18.12499999999922906 ) ;
#3348 = DIRECTION ( 'NONE',  ( 0.000000000000000000, -1.000000000000000000, 0.000000000000000000 ) ) ;
#3349 = ORIENTED_EDGE ( 'NONE', *, *, #2957, .T. ) ;
#3350 = AXIS2_PLACEMENT_3D ( 'NONE', #2916, #572, #2359 ) ;
#3351 = DIRECTION ( 'NONE',  ( 1.000000000000000000, 0.000000000000000000, 0.000000000000000000 ) ) ;
#3352 = DIRECTION ( 'NONE',  ( 0.000000000000000000, 0.000000000000000000, 1.000000000000000000 ) ) ;
#3353 = DIRECTION ( 'NONE',  ( 0.000000000000000000, 1.224646799147353454E-16, 1.000000000000000000 ) ) ;
#3354 = VECTOR ( 'NONE', #2429, 1000.000000000000000 ) ;
#3355 = DIRECTION ( 'NONE',  ( 0.000000000000000000, 0.000000000000000000, -1.000000000000000000 ) ) ;
#3356 =( NAMED_UNIT ( * ) SI_UNIT ( $, .STERADIAN. ) SOLID_ANGLE_UNIT ( ) );
#3357 = DIRECTION ( 'NONE',  ( 0.000000000000000000, 0.000000000000000000, -1.000000000000000000 ) ) ;
#3358 = CARTESIAN_POINT ( 'NONE',  ( 5.299999999999999822, 3.904694173391426659, -4.344931760410139177 ) ) ;
#3359 = AXIS2_PLACEMENT_3D ( 'NONE', #3452, #2601, #1953 ) ;
#3360 = CIRCLE ( 'NONE', #12, 10.81205836478312321 ) ;
#3361 = AXIS2_PLACEMENT_3D ( 'NONE', #1444, #1150, #855 ) ;
#3362 = EDGE_CURVE ( 'NONE', #827, #1783, #2071, .T. ) ;
#3363 = CARTESIAN_POINT ( 'NONE',  ( 0.000000000000000000, 0.000000000000000000, 0.000000000000000000 ) ) ;
#3364 = FACE_OUTER_BOUND ( 'NONE', #1463, .T. ) ;
#3365 = UNCERTAINTY_MEASURE_WITH_UNIT (LENGTH_MEASURE( 1.000000000000000082E-05 ), #548, 'distance_accuracy_value', 'NONE');
#3366 = ORIENTED_EDGE ( 'NONE', *, *, #1669, .T. ) ;
#3367 = EDGE_CURVE ( 'NONE', #3563, #3762, #2321, .T. ) ;
#3368 = ORIENTED_EDGE ( 'NONE', *, *, #1625, .T. ) ;
#3369 = DIRECTION ( 'NONE',  ( 0.000000000000000000, 0.000000000000000000, 1.000000000000000000 ) ) ;
#3370 = ORIENTED_EDGE ( 'NONE', *, *, #1646, .F. ) ;
#3371 = CARTESIAN_POINT ( 'NONE',  ( 5.299999999999999822, -1.306128440433631965, -14.26292206290865217 ) ) ;
#3372 = DIRECTION ( 'NONE',  ( -1.000000000000000000, -0.000000000000000000, 0.000000000000000000 ) ) ;
#3373 = ADVANCED_FACE ( 'NONE', ( #2051 ), #187, .F. ) ;
#3374 = CARTESIAN_POINT ( 'NONE',  ( 5.299999999999999822, -9.723788519962781152, -20.70933546642346812 ) ) ;
#3375 =( LENGTH_UNIT ( ) NAMED_UNIT ( * ) SI_UNIT ( .MILLI., .METRE. ) );
#3376 = DIRECTION ( 'NONE',  ( 1.000000000000000000, -0.000000000000000000, -0.000000000000000000 ) ) ;
#3377 = DIRECTION ( 'NONE',  ( 0.000000000000000000, 0.000000000000000000, -1.000000000000000000 ) ) ;
#3378 = EDGE_LOOP ( 'NONE', ( #2403, #123 ) ) ;
#3379 = ORIENTED_EDGE ( 'NONE', *, *, #199, .F. ) ;
#3380 = CARTESIAN_POINT ( 'NONE',  ( 1.650000000000000355, -9.820452491388717675, -0.2924103251342102805 ) ) ;
#3381 = CARTESIAN_POINT ( 'NONE',  ( 2.150000000000000355, -7.354043962616001018, 0.9919590187289599736 ) ) ;
#3382 = ORIENTED_EDGE ( 'NONE', *, *, #1208, .T. ) ;
#3383 = CARTESIAN_POINT ( 'NONE',  ( 2.050000000000000711, 7.133942280140794114E-13, 8.384840468174520112 ) ) ;
#3384 = CARTESIAN_POINT ( 'NONE',  ( 5.299999999999999822, -8.047786649878780452, -4.355495477983176933 ) ) ;
#3385 = ADVANCED_FACE ( 'NONE', ( #3224 ), #1684, .F. ) ;
#3386 = CARTESIAN_POINT ( 'NONE',  ( 5.500000000000000000, 4.614748966005811859, -1.581514172347451508 ) ) ;
#3387 = FACE_BOUND ( 'NONE', #3743, .T. ) ;
#3388 = AXIS2_PLACEMENT_3D ( 'NONE', #256, #3744, #532 ) ;
#3389 = CARTESIAN_POINT ( 'NONE',  ( 5.299999999999999822, -3.013107768710960421, -8.640508804163832934 ) ) ;
#3390 = AXIS2_PLACEMENT_3D ( 'NONE', #645, #2912, #1210 ) ;
#3391 = SURFACE_STYLE_FILL_AREA ( #1250 ) ;
#3392 = CARTESIAN_POINT ( 'NONE',  ( 0.000000000000000000, 0.000000000000000000, 0.000000000000000000 ) ) ;
#3393 = ORIENTED_EDGE ( 'NONE', *, *, #3749, .F. ) ;
#3394 = AXIS2_PLACEMENT_3D ( 'NONE', #439, #2842, #2793 ) ;
#3395 = ORIENTED_EDGE ( 'NONE', *, *, #726, .F. ) ;
#3396 = VERTEX_POINT ( 'NONE', #3434 ) ;
#3397 = SURFACE_SIDE_STYLE ('',( #998 ) ) ;
#3398 =( NAMED_UNIT ( * ) PLANE_ANGLE_UNIT ( ) SI_UNIT ( $, .RADIAN. ) );
#3399 = CIRCLE ( 'NONE', #2787, 18.12500000000010303 ) ;
#3400 = PLANE ( 'NONE',  #1110 ) ;
#3401 = DIRECTION ( 'NONE',  ( 1.000000000000000000, -0.000000000000000000, -0.000000000000000000 ) ) ;
#3402 = CARTESIAN_POINT ( 'NONE',  ( 5.299999999999999822, 0.3116724785950861221, -9.145494578577027411 ) ) ;
#3403 = EDGE_CURVE ( 'NONE', #3092, #3128, #2005, .T. ) ;
#3404 = FACE_BOUND ( 'NONE', #1528, .T. ) ;
#3405 = COLOUR_RGB ( '',1.000000000000000000, 1.000000000000000000, 1.000000000000000000 ) ;
#3406 = EDGE_CURVE ( 'NONE', #1796, #3841, #322, .T. ) ;
#3407 = LINE ( 'NONE', #3617, #1755 ) ;
#3408 = LINE ( 'NONE', #1605, #3835 ) ;
#3409 = VECTOR ( 'NONE', #1417, 1000.000000000000000 ) ;
#3410 = PRESENTATION_LAYER_ASSIGNMENT (  '', '', ( #1506 ) ) ;
#3411 = CARTESIAN_POINT ( 'NONE',  ( 5.299999999999999822, 12.16917575532013451, 7.553017854579183954 ) ) ;
#3412 = DIRECTION ( 'NONE',  ( 1.000000000000000000, 0.000000000000000000, 0.000000000000000000 ) ) ;
#3413 = CIRCLE ( 'NONE', #1004, 18.12500000000002487 ) ;
#3414 = EDGE_LOOP ( 'NONE', ( #2411, #1248, #265, #1770 ) ) ;
#3415 = EDGE_LOOP ( 'NONE', ( #1701, #6 ) ) ;
#3416 = AXIS2_PLACEMENT_3D ( 'NONE', #1930, #3340, #3088 ) ;
#3417 = CARTESIAN_POINT ( 'NONE',  ( 1.950000000000000622, 5.928977554212578660, -4.876006447782813780 ) ) ;
#3418 = DIRECTION ( 'NONE',  ( 1.000000000000000000, -0.000000000000000000, -0.000000000000000000 ) ) ;
#3419 = EDGE_LOOP ( 'NONE', ( #1819, #2616, #706, #3549 ) ) ;
#3420 = VECTOR ( 'NONE', #1878, 1000.000000000000000 ) ;
#3421 = CARTESIAN_POINT ( 'NONE',  ( 0.000000000000000000, 0.000000000000000000, 6.299999999999999822 ) ) ;
#3422 = DIRECTION ( 'NONE',  ( 0.000000000000000000, 0.000000000000000000, 1.000000000000000000 ) ) ;
#3423 = PLANE ( 'NONE',  #2704 ) ;
#3424 = SURFACE_SIDE_STYLE ('',( #2465 ) ) ;
#3425 = CARTESIAN_POINT ( 'NONE',  ( 1.850000000000000533, -9.665931404538287808, -0.9919590187289638594 ) ) ;
#3426 = EDGE_CURVE ( 'NONE', #894, #433, #133, .T. ) ;
#3427 = CARTESIAN_POINT ( 'NONE',  ( 1.850000000000000533, 0.000000000000000000, 3.435284977019530839 ) ) ;
#3428 = VERTEX_POINT ( 'NONE', #1547 ) ;
#3429 = ADVANCED_FACE ( 'NONE', ( #2976 ), #1510, .F. ) ;
#3430 = DIRECTION ( 'NONE',  ( 1.000000000000000000, -0.000000000000000000, -0.000000000000000000 ) ) ;
#3431 = VERTEX_POINT ( 'NONE', #2680 ) ;
#3432 = EDGE_CURVE ( 'NONE', #2883, #3431, #1579, .T. ) ;
#3433 = DIRECTION ( 'NONE',  ( -1.000000000000000000, -0.000000000000000000, 0.000000000000000000 ) ) ;
#3434 = CARTESIAN_POINT ( 'NONE',  ( 1.950000000000000622, 7.133942280140794114E-13, 9.437811574604637599 ) ) ;
#3435 = ORIENTED_EDGE ( 'NONE', *, *, #1576, .F. ) ;
#3436 = FILL_AREA_STYLE ('',( #2268 ) ) ;
#3437 = ORIENTED_EDGE ( 'NONE', *, *, #3406, .F. ) ;
#3438 = FACE_OUTER_BOUND ( 'NONE', #909, .T. ) ;
#3439 = CARTESIAN_POINT ( 'NONE',  ( 5.500000000000000000, -21.13775551196465230, -8.753509613762332719 ) ) ;
#3440 = LINE ( 'NONE', #2037, #607 ) ;
#3441 = AXIS2_PLACEMENT_3D ( 'NONE', #1575, #2478, #2192 ) ;
#3442 = EDGE_LOOP ( 'NONE', ( #3482, #2074, #2263, #3647 ) ) ;
#3443 = DIRECTION ( 'NONE',  ( -1.000000000000000000, -0.000000000000000000, 0.000000000000000000 ) ) ;
#3444 = EDGE_CURVE ( 'NONE', #569, #1660, #2497, .T. ) ;
#3445 = EDGE_LOOP ( 'NONE', ( #3241, #3057, #1593, #2600 ) ) ;
#3446 = EDGE_CURVE ( 'NONE', #2285, #1147, #381, .T. ) ;
#3447 = ORIENTED_EDGE ( 'NONE', *, *, #1158, .F. ) ;
#3448 = FILL_AREA_STYLE ('',( #2541 ) ) ;
#3449 = DIRECTION ( 'NONE',  ( -1.000000000000000000, 0.000000000000000000, 0.000000000000000000 ) ) ;
#3450 =( GEOMETRIC_REPRESENTATION_CONTEXT ( 3 ) GLOBAL_UNCERTAINTY_ASSIGNED_CONTEXT ( ( #335 ) ) GLOBAL_UNIT_ASSIGNED_CONTEXT ( ( #1443, #1464, #2394 ) ) REPRESENTATION_CONTEXT ( 'NONE', 'WORKASPACE' ) );
#3451 = CYLINDRICAL_SURFACE ( 'NONE', #58, 18.12500000000002132 ) ;
#3452 = CARTESIAN_POINT ( 'NONE',  ( 3.299999999999998934, 10.81205836478312143, 0.000000000000000000 ) ) ;
#3453 = MECHANICAL_DESIGN_GEOMETRIC_PRESENTATION_REPRESENTATION (  '', ( #3211 ), #1240 ) ;
#3454 = PLANE ( 'NONE',  #1972 ) ;
#3455 = AXIS2_PLACEMENT_3D ( 'NONE', #655, #2386, #2987 ) ;
#3456 = CARTESIAN_POINT ( 'NONE',  ( 5.299999999999999822, -2.784026886473988327, -4.005781995065089696 ) ) ;
#3457 = FACE_OUTER_BOUND ( 'NONE', #388, .T. ) ;
#3458 =( NAMED_UNIT ( * ) SI_UNIT ( $, .STERADIAN. ) SOLID_ANGLE_UNIT ( ) );
#3459 = CARTESIAN_POINT ( 'NONE',  ( 5.299999999999999822, 6.391608597513505963, -6.548629654886687135 ) ) ;
#3460 = MECHANICAL_DESIGN_GEOMETRIC_PRESENTATION_REPRESENTATION (  '', ( #3104 ), #2729 ) ;
#3461 = DIRECTION ( 'NONE',  ( 0.000000000000000000, 0.000000000000000000, 1.000000000000000000 ) ) ;
#3462 = ORIENTED_EDGE ( 'NONE', *, *, #2391, .T. ) ;
#3463 = CARTESIAN_POINT ( 'NONE',  ( 4.649999999999997691, 0.000000000000000000, 11.49999999999999822 ) ) ;
#3464 = ORIENTED_EDGE ( 'NONE', *, *, #3196, .F. ) ;
#3465 = EDGE_CURVE ( 'NONE', #3810, #1633, #3258, .T. ) ;
#3466 = ORIENTED_EDGE ( 'NONE', *, *, #1502, .F. ) ;
#3467 = COLOUR_RGB ( '',1.000000000000000000, 1.000000000000000000, 1.000000000000000000 ) ;
#3468 = EDGE_CURVE ( 'NONE', #792, #1453, #2996, .T. ) ;
#3469 = VECTOR ( 'NONE', #259, 1000.000000000000000 ) ;
#3470 = SURFACE_SIDE_STYLE ('',( #2304 ) ) ;
#3471 = DIRECTION ( 'NONE',  ( 1.000000000000000000, -0.000000000000000000, -0.000000000000000000 ) ) ;
#3472 = DIRECTION ( 'NONE',  ( 0.000000000000000000, 0.000000000000000000, -1.000000000000000000 ) ) ;
#3473 = CIRCLE ( 'NONE', #940, 18.12500000000009948 ) ;
#3474 = EDGE_CURVE ( 'NONE', #2658, #410, #2548, .T. ) ;
#3475 = CARTESIAN_POINT ( 'NONE',  ( 5.500000000000000000, 1.236257822220631708E-15, 10.09481119847259123 ) ) ;
#3476 = EDGE_CURVE ( 'NONE', #2718, #2392, #3473, .T. ) ;
#3477 = CARTESIAN_POINT ( 'NONE',  ( 5.299999999999999822, 9.135239019298531105, -0.5334968424981628710 ) ) ;
#3478 = CARTESIAN_POINT ( 'NONE',  ( 5.299999999999999822, 14.08156462342205195, -2.616573146668270677 ) ) ;
#3479 = PLANE ( 'NONE',  #239 ) ;
#3480 = ORIENTED_EDGE ( 'NONE', *, *, #3118, .F. ) ;
#3481 = PLANE ( 'NONE',  #1927 ) ;
#3482 = ORIENTED_EDGE ( 'NONE', *, *, #1100, .T. ) ;
#3483 = ORIENTED_EDGE ( 'NONE', *, *, #1777, .F. ) ;
#3484 = SURFACE_STYLE_USAGE ( .BOTH. , #3140 ) ;
#3485 = DIRECTION ( 'NONE',  ( 0.000000000000000000, 0.000000000000000000, 1.000000000000000000 ) ) ;
#3486 = ORIENTED_EDGE ( 'NONE', *, *, #3188, .F. ) ;
#3487 = PRODUCT_DEFINITION ( 'UNKNOWN', '', #1498, #1589 ) ;
#3488 = PRESENTATION_STYLE_ASSIGNMENT (( #2324 ) ) ;
#3489 = ORIENTED_EDGE ( 'NONE', *, *, #3803, .T. ) ;
#3490 = CARTESIAN_POINT ( 'NONE',  ( 1.850000000000000533, 0.000000000000000000, 0.000000000000000000 ) ) ;
#3491 = DIRECTION ( 'NONE',  ( 0.000000000000000000, 0.000000000000000000, 1.000000000000000000 ) ) ;
#3492 = CARTESIAN_POINT ( 'NONE',  ( 2.050000000000000711, 5.928977554212578660, -5.928977554212876200 ) ) ;
#3493 = VERTEX_POINT ( 'NONE', #334 ) ;
#3494 = LINE ( 'NONE', #1077, #2543 ) ;
#3495 = EDGE_CURVE ( 'NONE', #2908, #3563, #3111, .T. ) ;
#3496 = SURFACE_STYLE_USAGE ( .BOTH. , #1117 ) ;
#3497 =( NAMED_UNIT ( * ) PLANE_ANGLE_UNIT ( ) SI_UNIT ( $, .RADIAN. ) );
#3498 = CARTESIAN_POINT ( 'NONE',  ( 1.683628852901130291, -10.39348507898148988, 1.491045708975834660 ) ) ;
#3499 = LINE ( 'NONE', #2006, #1630 ) ;
#3500 = ORIENTED_EDGE ( 'NONE', *, *, #2645, .F. ) ;
#3501 = CARTESIAN_POINT ( 'NONE',  ( 2.050000000000000711, 8.384840468173806016, 1.052971106429616555 ) ) ;
#3502 = ORIENTED_EDGE ( 'NONE', *, *, #394, .T. ) ;
#3503 = CIRCLE ( 'NONE', #787, 18.12500000000002487 ) ;
#3504 = ORIENTED_EDGE ( 'NONE', *, *, #3446, .T. ) ;
#3505 = CARTESIAN_POINT ( 'NONE',  ( 2.150000000000000355, -10.19804758283106061, -1.775956135905434996 ) ) ;
#3506 = DIRECTION ( 'NONE',  ( 1.000000000000000000, -0.000000000000000000, -0.000000000000000000 ) ) ;
#3507 = ORIENTED_EDGE ( 'NONE', *, *, #726, .T. ) ;
#3508 = PRESENTATION_LAYER_ASSIGNMENT (  '', '', ( #1348 ) ) ;
#3509 = CARTESIAN_POINT ( 'NONE',  ( 5.500000000000000000, 4.475799844887776935, 1.940183198845184087 ) ) ;
#3510 = EDGE_CURVE ( 'NONE', #2718, #1462, #2395, .T. ) ;
#3511 = SURFACE_STYLE_USAGE ( .BOTH. , #2341 ) ;
#3512 = ORIENTED_EDGE ( 'NONE', *, *, #2019, .T. ) ;
#3513 = DIRECTION ( 'NONE',  ( 0.000000000000000000, 0.000000000000000000, 1.000000000000000000 ) ) ;
#3514 = AXIS2_PLACEMENT_3D ( 'NONE', #1813, #279, #1476 ) ;
#3515 = DIRECTION ( 'NONE',  ( 1.000000000000000000, 0.000000000000000000, 0.000000000000000000 ) ) ;
#3516 = DIRECTION ( 'NONE',  ( 1.000000000000000000, -0.000000000000000000, -0.000000000000000000 ) ) ;
#3517 = VECTOR ( 'NONE', #3147, 1000.000000000000000 ) ;
#3518 = PRESENTATION_STYLE_ASSIGNMENT (( #1499 ) ) ;
#3519 = EDGE_CURVE ( 'NONE', #994, #1699, #2314, .T. ) ;
#3520 = DIRECTION ( 'NONE',  ( 1.000000000000000000, 0.000000000000000000, 0.000000000000000000 ) ) ;
#3521 = AXIS2_PLACEMENT_3D ( 'NONE', #1622, #1658, #1027 ) ;
#3522 = CIRCLE ( 'NONE', #1922, 1.052971106430593329 ) ;
#3523 = EDGE_CURVE ( 'NONE', #1147, #2285, #3599, .T. ) ;
#3524 = CARTESIAN_POINT ( 'NONE',  ( 2.150000000000000355, 0.000000000000000000, 0.000000000000000000 ) ) ;
#3525 = AXIS2_PLACEMENT_3D ( 'NONE', #1601, #155, #2767 ) ;
#3526 = ORIENTED_EDGE ( 'NONE', *, *, #3188, .T. ) ;
#3527 = VECTOR ( 'NONE', #2498, 1000.000000000000000 ) ;
#3528 = ORIENTED_EDGE ( 'NONE', *, *, #3143, .F. ) ;
#3529 = ORIENTED_EDGE ( 'NONE', *, *, #3339, .F. ) ;
#3530 = AXIS2_PLACEMENT_3D ( 'NONE', #962, #3838, #948 ) ;
#3531 = DIRECTION ( 'NONE',  ( 1.000000000000000000, 0.000000000000000000, 0.000000000000000000 ) ) ;
#3532 = VERTEX_POINT ( 'NONE', #2660 ) ;
#3533 = STYLED_ITEM ( 'NONE', ( #154 ), #2772 ) ;
#3534 = ORIENTED_EDGE ( 'NONE', *, *, #3751, .T. ) ;
#3535 = ORIENTED_EDGE ( 'NONE', *, *, #3616, .F. ) ;
#3536 = CARTESIAN_POINT ( 'NONE',  ( 2.150000000000000355, -10.68663055375214732, -1.861518757689254899 ) ) ;
#3537 =( NAMED_UNIT ( * ) PLANE_ANGLE_UNIT ( ) SI_UNIT ( $, .RADIAN. ) );
#3538 = ORIENTED_EDGE ( 'NONE', *, *, #2260, .T. ) ;
#3539 = PRESENTATION_LAYER_ASSIGNMENT (  '', '', ( #1064 ) ) ;
#3540 = CARTESIAN_POINT ( 'NONE',  ( 5.500000000000000000, -1.148972395272585434, -4.740986978625675974 ) ) ;
#3541 = DIRECTION ( 'NONE',  ( 0.000000000000000000, 0.000000000000000000, 1.000000000000000000 ) ) ;
#3542 = AXIS2_PLACEMENT_3D ( 'NONE', #3322, #646, #663 ) ;
#3543 = DIRECTION ( 'NONE',  ( -1.000000000000000000, -0.000000000000000000, -0.000000000000000000 ) ) ;
#3544 = CARTESIAN_POINT ( 'NONE',  ( 2.150000000000000355, -10.46016383713330811, -2.735978542277934356 ) ) ;
#3545 = DIRECTION ( 'NONE',  ( -1.000000000000000000, -0.000000000000000000, -0.000000000000000000 ) ) ;
#3546 = EDGE_LOOP ( 'NONE', ( #579, #1799, #892, #3320 ) ) ;
#3547 = VERTEX_POINT ( 'NONE', #1168 ) ;
#3548 = ADVANCED_FACE ( 'NONE', ( #2356 ), #2075, .F. ) ;
#3549 = ORIENTED_EDGE ( 'NONE', *, *, #3240, .T. ) ;
#3550 = DIRECTION ( 'NONE',  ( 1.000000000000000000, -0.000000000000000000, -0.000000000000000000 ) ) ;
#3551 = CARTESIAN_POINT ( 'NONE',  ( 5.999999999999998224, 0.000000000000000000, 11.15774183861788593 ) ) ;
#3552 = ADVANCED_FACE ( 'NONE', ( #3242 ), #2951, .F. ) ;
#3553 = DIRECTION ( 'NONE',  ( 0.000000000000000000, 0.000000000000000000, 1.000000000000000000 ) ) ;
#3554 = CARTESIAN_POINT ( 'NONE',  ( 1.850000000000000755, -9.386033634589335151, 0.1640146926248531867 ) ) ;
#3555 = DIRECTION ( 'NONE',  ( 1.000000000000000000, 0.000000000000000000, 0.000000000000000000 ) ) ;
#3556 = CARTESIAN_POINT ( 'NONE',  ( 5.500000000000000000, 12.18545271470110158, -7.526729662560676992 ) ) ;
#3557 = EDGE_LOOP ( 'NONE', ( #3368, #1131 ) ) ;
#3558 = ORIENTED_EDGE ( 'NONE', *, *, #2958, .T. ) ;
#3559 = EDGE_CURVE ( 'NONE', #3493, #2694, #5, .T. ) ;
#3560 =( NAMED_UNIT ( * ) PLANE_ANGLE_UNIT ( ) SI_UNIT ( $, .RADIAN. ) );
#3561 = DIRECTION ( 'NONE',  ( 0.000000000000000000, 0.000000000000000000, 1.000000000000000000 ) ) ;
#3562 = AXIS2_PLACEMENT_3D ( 'NONE', #3790, #786, #2578 ) ;
#3563 = VERTEX_POINT ( 'NONE', #3551 ) ;
#3564 = EDGE_CURVE ( 'NONE', #1195, #2972, #453, .T. ) ;
#3565 = CYLINDRICAL_SURFACE ( 'NONE', #992, 11.50000000000000000 ) ;
#3566 = CARTESIAN_POINT ( 'NONE',  ( 1.850000000000000533, -10.46016383713330811, 2.735978542277934356 ) ) ;
#3567 = LINE ( 'NONE', #2443, #2480 ) ;
#3568 = ORIENTED_EDGE ( 'NONE', *, *, #152, .T. ) ;
#3569 = VECTOR ( 'NONE', #333, 1000.000000000000000 ) ;
#3570 = CARTESIAN_POINT ( 'NONE',  ( 5.299999999999999822, -4.502509433450788912, 4.949198092652919101 ) ) ;
#3571 = CARTESIAN_POINT ( 'NONE',  ( 5.299999999999999822, 2.344881428337398432, -4.277689350996153550 ) ) ;
#3572 = AXIS2_PLACEMENT_3D ( 'NONE', #2646, #1218, #888 ) ;
#3573 = EDGE_LOOP ( 'NONE', ( #53, #20, #1399, #1069 ) ) ;
#3574 = CYLINDRICAL_SURFACE ( 'NONE', #2293, 1.052971106430999226 ) ;
#3575 = FACE_BOUND ( 'NONE', #2133, .T. ) ;
#3576 = DIRECTION ( 'NONE',  ( 0.000000000000000000, 0.000000000000000000, 1.000000000000000000 ) ) ;
#3577 = FACE_OUTER_BOUND ( 'NONE', #96, .T. ) ;
#3578 = CIRCLE ( 'NONE', #2291, 1.052971106430999226 ) ;
#3579 = EDGE_CURVE ( 'NONE', #3243, #1016, #1588, .T. ) ;
#3580 = AXIS2_PLACEMENT_3D ( 'NONE', #3374, #713, #1902 ) ;
#3581 = EDGE_LOOP ( 'NONE', ( #1400, #3606, #1880, #3370, #1032, #3667, #3591, #1257, #2654, #880, #2423, #3020, #2079, #164, #1664, #1747, #1048, #710 ) ) ;
#3582 = CARTESIAN_POINT ( 'NONE',  ( 2.150000000000000355, -9.551645721634166364, -0.9919590187289638594 ) ) ;
#3583 = DIRECTION ( 'NONE',  ( 1.000000000000000000, -0.000000000000000000, -0.000000000000000000 ) ) ;
#3584 = COLOUR_RGB ( '',0.2509803921568627416, 0.2509803921568627416, 0.2509803921568627416 ) ;
#3585 = ORIENTED_EDGE ( 'NONE', *, *, #2350, .F. ) ;
#3586 = ADVANCED_FACE ( 'NONE', ( #3068 ), #762, .F. ) ;
#3587 = AXIS2_PLACEMENT_3D ( 'NONE', #1438, #791, #1981 ) ;
#3588 = ADVANCED_FACE ( 'NONE', ( #738 ), #95, .F. ) ;
#3589 = CARTESIAN_POINT ( 'NONE',  ( 1.650000000000000355, -10.22752277593714076, -1.093005911021375898 ) ) ;
#3590 = CARTESIAN_POINT ( 'NONE',  ( 2.050000000000000711, -5.928977554213589407, -6.981948660642865789 ) ) ;
#3591 = ORIENTED_EDGE ( 'NONE', *, *, #1471, .F. ) ;
#3592 = AXIS2_PLACEMENT_3D ( 'NONE', #826, #229, #1428 ) ;
#3593 = CARTESIAN_POINT ( 'NONE',  ( 2.050000000000000711, 7.135231797835878938E-13, 7.331869361744401736 ) ) ;
#3594 = CARTESIAN_POINT ( 'NONE',  ( 2.150000000000000355, -10.15512705122423576, 1.827204199752995972 ) ) ;
#3595 = ADVANCED_FACE ( 'NONE', ( #1609 ), #1894, .F. ) ;
#3596 = AXIS2_PLACEMENT_3D ( 'NONE', #2897, #235, #1094 ) ;
#3597 = CYLINDRICAL_SURFACE ( 'NONE', #1295, 18.12500000000010303 ) ;
#3598 = CARTESIAN_POINT ( 'NONE',  ( 2.050000000000000711, -5.928977554212579548, 4.876006447783624687 ) ) ;
#3599 = CIRCLE ( 'NONE', #638, 18.12500000000002487 ) ;
#3600 = LINE ( 'NONE', #16, #2184 ) ;
#3601 = AXIS2_PLACEMENT_3D ( 'NONE', #3392, #3696, #78 ) ;
#3602 = ORIENTED_EDGE ( 'NONE', *, *, #1038, .F. ) ;
#3603 = ORIENTED_EDGE ( 'NONE', *, *, #2768, .F. ) ;
#3604 = DIRECTION ( 'NONE',  ( 0.000000000000000000, 0.000000000000000000, 1.000000000000000000 ) ) ;
#3605 = DIRECTION ( 'NONE',  ( -1.000000000000000000, -0.000000000000000000, -0.000000000000000000 ) ) ;
#3606 = ORIENTED_EDGE ( 'NONE', *, *, #3519, .T. ) ;
#3607 = VERTEX_POINT ( 'NONE', #2186 ) ;
#3608 = FACE_OUTER_BOUND ( 'NONE', #616, .T. ) ;
#3609 = LINE ( 'NONE', #1807, #2971 ) ;
#3610 = ORIENTED_EDGE ( 'NONE', *, *, #3008, .F. ) ;
#3611 = LINE ( 'NONE', #3061, #2533 ) ;
#3612 = CARTESIAN_POINT ( 'NONE',  ( 5.500000000000000000, 0.000000000000000000, 4.184091487287177280 ) ) ;
#3613 = LINE ( 'NONE', #1848, #2419 ) ;
#3614 = EDGE_CURVE ( 'NONE', #149, #1080, #1758, .T. ) ;
#3615 = DIRECTION ( 'NONE',  ( 1.000000000000000000, -0.000000000000000000, -0.000000000000000000 ) ) ;
#3616 = EDGE_CURVE ( 'NONE', #2508, #764, #426, .T. ) ;
#3617 = CARTESIAN_POINT ( 'NONE',  ( 1.850000000000000533, 0.000000000000000000, 2.735978542277934356 ) ) ;
#3618 = CARTESIAN_POINT ( 'NONE',  ( 1.850000000000000533, -4.591491110451057622, -4.313723378086375959 ) ) ;
#3619 = ORIENTED_EDGE ( 'NONE', *, *, #1987, .F. ) ;
#3620 = ORIENTED_EDGE ( 'NONE', *, *, #802, .T. ) ;
#3621 = DIRECTION ( 'NONE',  ( 0.000000000000000000, 0.000000000000000000, -1.000000000000000000 ) ) ;
#3622 = DIRECTION ( 'NONE',  ( 0.000000000000000000, 0.000000000000000000, 1.000000000000000000 ) ) ;
#3623 = UNCERTAINTY_MEASURE_WITH_UNIT (LENGTH_MEASURE( 1.000000000000000082E-05 ), #846, 'distance_accuracy_value', 'NONE');
#3624 = ORIENTED_EDGE ( 'NONE', *, *, #775, .T. ) ;
#3625 = CARTESIAN_POINT ( 'NONE',  ( 1.650000000000000355, -9.920977789423426785, 0.7476730431216975781 ) ) ;
#3626 = FACE_OUTER_BOUND ( 'NONE', #3249, .T. ) ;
#3627 = ORIENTED_EDGE ( 'NONE', *, *, #3681, .T. ) ;
#3628 = CARTESIAN_POINT ( 'NONE',  ( 5.999999999999999112, 0.000000000000000000, -10.09481119847259123 ) ) ;
#3629 = CARTESIAN_POINT ( 'NONE',  ( 5.500000000000000000, -3.090978721620128322, 3.773982729038033668 ) ) ;
#3630 = FACE_OUTER_BOUND ( 'NONE', #1613, .T. ) ;
#3631 = TOROIDAL_SURFACE ( 'NONE', #669, 6.049999999999999822, 0.2500000000000000000 ) ;
#3632 = FILL_AREA_STYLE_COLOUR ( '', #1236 ) ;
#3633 = DIRECTION ( 'NONE',  ( 0.000000000000000000, 1.000000000000000000, 0.000000000000000000 ) ) ;
#3634 =( GEOMETRIC_REPRESENTATION_CONTEXT ( 3 ) GLOBAL_UNCERTAINTY_ASSIGNED_CONTEXT ( ( #719 ) ) GLOBAL_UNIT_ASSIGNED_CONTEXT ( ( #1113, #2270, #1451 ) ) REPRESENTATION_CONTEXT ( 'NONE', 'WORKASPACE' ) );
#3635 = CIRCLE ( 'NONE', #1859, 18.12500000000002132 ) ;
#3636 = EDGE_CURVE ( 'NONE', #3279, #3243, #2439, .T. ) ;
#3637 = FACE_OUTER_BOUND ( 'NONE', #1124, .T. ) ;
#3638 = EDGE_CURVE ( 'NONE', #3736, #1485, #118, .T. ) ;
#3639 = AXIS2_PLACEMENT_3D ( 'NONE', #854, #587, #2050 ) ;
#3640 = CIRCLE ( 'NONE', #1617, 18.12500000000002487 ) ;
#3641 = CARTESIAN_POINT ( 'NONE',  ( 2.050000000000000711, -5.928977554213589407, -4.876006447780867781 ) ) ;
#3642 = ORIENTED_EDGE ( 'NONE', *, *, #168, .F. ) ;
#3643 = AXIS2_PLACEMENT_3D ( 'NONE', #2755, #1353, #3692 ) ;
#3644 = VECTOR ( 'NONE', #280, 1000.000000000000000 ) ;
#3645 = EDGE_CURVE ( 'NONE', #2250, #1328, #761, .T. ) ;
#3646 = DIRECTION ( 'NONE',  ( 1.000000000000000000, -0.000000000000000000, -0.000000000000000000 ) ) ;
#3647 = ORIENTED_EDGE ( 'NONE', *, *, #1010, .T. ) ;
#3648 = CIRCLE ( 'NONE', #558, 10.81205836478312321 ) ;
#3649 = CARTESIAN_POINT ( 'NONE',  ( 2.150000000000000355, -10.09191437824283710, 1.688948693662959188 ) ) ;
#3650 = CARTESIAN_POINT ( 'NONE',  ( 5.299999999999999822, 6.765822661123304549, -21.85525754503986207 ) ) ;
#3651 = VECTOR ( 'NONE', #464, 1000.000000000000000 ) ;
#3652 = ORIENTED_EDGE ( 'NONE', *, *, #442, .F. ) ;
#3653 = VECTOR ( 'NONE', #3646, 1000.000000000000000 ) ;
#3654 = CARTESIAN_POINT ( 'NONE',  ( 2.050000000000000711, 5.928977554213588519, 6.981948660642975923 ) ) ;
#3655 = SURFACE_STYLE_USAGE ( .BOTH. , #2484 ) ;
#3656 = CARTESIAN_POINT ( 'NONE',  ( 1.850000000000000533, -9.603586040018630143, 0.9919590187289599736 ) ) ;
#3657 = FACE_BOUND ( 'NONE', #2572, .T. ) ;
#3658 = CARTESIAN_POINT ( 'NONE',  ( 5.299999999999999822, -13.34983580164557004, -5.188333195219830607 ) ) ;
#3659 = CARTESIAN_POINT ( 'NONE',  ( 1.850000000000000533, -6.897852326276728618, 2.735978542277934356 ) ) ;
#3660 = CIRCLE ( 'NONE', #3592, 1.052971106430999226 ) ;
#3661 = VECTOR ( 'NONE', #26, 1000.000000000000000 ) ;
#3662 = EDGE_LOOP ( 'NONE', ( #2952, #3528 ) ) ;
#3663 = AXIS2_PLACEMENT_3D ( 'NONE', #782, #1742, #2559 ) ;
#3664 = DIRECTION ( 'NONE',  ( -1.000000000000000000, -0.000000000000000000, -0.000000000000000000 ) ) ;
#3665 = LINE ( 'NONE', #3641, #1263 ) ;
#3666 = UNCERTAINTY_MEASURE_WITH_UNIT (LENGTH_MEASURE( 1.000000000000000082E-05 ), #1938, 'distance_accuracy_value', 'NONE');
#3667 = ORIENTED_EDGE ( 'NONE', *, *, #1525, .F. ) ;
#3668 = EDGE_CURVE ( 'NONE', #3776, #895, #2492, .T. ) ;
#3669 = ORIENTED_EDGE ( 'NONE', *, *, #3027, .T. ) ;
#3670 = CARTESIAN_POINT ( 'NONE',  ( 5.500000000000000000, -9.723788519962781152, -20.70933546642346812 ) ) ;
#3671 = EDGE_LOOP ( 'NONE', ( #3037, #1, #969, #83 ) ) ;
#3672 = DIRECTION ( 'NONE',  ( 0.000000000000000000, 0.000000000000000000, 1.000000000000000000 ) ) ;
#3673 = CARTESIAN_POINT ( 'NONE',  ( 2.050000000000000711, -7.144210748181505359E-13, -7.331869361742500146 ) ) ;
#3674 = CARTESIAN_POINT ( 'NONE',  ( 5.299999999999999822, -2.634728637459605505, 22.72634690505046251 ) ) ;
#3675 = VECTOR ( 'NONE', #2708, 1000.000000000000000 ) ;
#3676 = CARTESIAN_POINT ( 'NONE',  ( 1.850000000000000533, -10.46016383713330811, -2.735978542277934356 ) ) ;
#3677 = ORIENTED_EDGE ( 'NONE', *, *, #2837, .F. ) ;
#3678 = CARTESIAN_POINT ( 'NONE',  ( 1.704193938710529821, -10.43798113668014693, -1.515355491828899170 ) ) ;
#3679 = EDGE_LOOP ( 'NONE', ( #1461, #2354, #3395, #2538, #1083 ) ) ;
#3680 = ORIENTED_EDGE ( 'NONE', *, *, #1504, .T. ) ;
#3681 = EDGE_CURVE ( 'NONE', #266, #1012, #3665, .T. ) ;
#3682 = ORIENTED_EDGE ( 'NONE', *, *, #216, .T. ) ;
#3683 = CARTESIAN_POINT ( 'NONE',  ( 2.150000000000000355, -9.298425175003941945, -0.2018018887488901014 ) ) ;
#3684 = CARTESIAN_POINT ( 'NONE',  ( 2.150000000000000355, 0.000000000000000000, 0.000000000000000000 ) ) ;
#3685 = EDGE_CURVE ( 'NONE', #2703, #507, #1762, .T. ) ;
#3686 = DIRECTION ( 'NONE',  ( 0.000000000000000000, 0.000000000000000000, 1.000000000000000000 ) ) ;
#3687 = CARTESIAN_POINT ( 'NONE',  ( 2.050000000000000711, -5.928977554213589407, -5.928977554211866341 ) ) ;
#3688 = CARTESIAN_POINT ( 'NONE',  ( 5.299999999999999822, 2.000563028127955167, 4.449139542323369945 ) ) ;
#3689 = DIRECTION ( 'NONE',  ( 0.000000000000000000, 0.000000000000000000, 1.000000000000000000 ) ) ;
#3690 = AXIS2_PLACEMENT_3D ( 'NONE', #1343, #3782, #2870 ) ;
#3691 = CARTESIAN_POINT ( 'NONE',  ( 5.500000000000000000, 3.731816441755540836, -3.141757651638739546 ) ) ;
#3692 = DIRECTION ( 'NONE',  ( 0.000000000000000000, 0.000000000000000000, -1.000000000000000000 ) ) ;
#3693 = PRESENTATION_LAYER_ASSIGNMENT (  '', '', ( #2707 ) ) ;
#3694 = CIRCLE ( 'NONE', #2838, 1.052971106430062420 ) ;
#3695 = CARTESIAN_POINT ( 'NONE',  ( 5.500000000000000000, 19.72379507777049668, -11.59312496145487081 ) ) ;
#3696 = DIRECTION ( 'NONE',  ( -1.000000000000000000, -0.000000000000000000, -0.000000000000000000 ) ) ;
#3697 = UNCERTAINTY_MEASURE_WITH_UNIT (LENGTH_MEASURE( 1.000000000000000082E-05 ), #1532, 'distance_accuracy_value', 'NONE');
#3698 = EDGE_LOOP ( 'NONE', ( #2948, #3126, #2779, #2078 ) ) ;
#3699 = AXIS2_PLACEMENT_3D ( 'NONE', #2387, #3555, #1868 ) ;
#3700 = ORIENTED_EDGE ( 'NONE', *, *, #3685, .T. ) ;
#3701 = CARTESIAN_POINT ( 'NONE',  ( 1.950000000000000622, -5.928977554213589407, -6.981948660642865789 ) ) ;
#3702 = VECTOR ( 'NONE', #2946, 1000.000000000000000 ) ;
#3703 = DIRECTION ( 'NONE',  ( -1.000000000000000000, -0.000000000000000000, -0.000000000000000000 ) ) ;
#3704 = AXIS2_PLACEMENT_3D ( 'NONE', #1754, #2585, #1456 ) ;
#3705 = ORIENTED_EDGE ( 'NONE', *, *, #3579, .F. ) ;
#3706 = ADVANCED_FACE ( 'NONE', ( #3364 ), #2204, .T. ) ;
#3707 = FACE_BOUND ( 'NONE', #18, .T. ) ;
#3708 = VECTOR ( 'NONE', #2156, 1000.000000000000000 ) ;
#3709 =( NAMED_UNIT ( * ) SI_UNIT ( $, .STERADIAN. ) SOLID_ANGLE_UNIT ( ) );
#3710 =( NAMED_UNIT ( * ) PLANE_ANGLE_UNIT ( ) SI_UNIT ( $, .RADIAN. ) );
#3711 = FACE_BOUND ( 'NONE', #2783, .T. ) ;
#3712 = VECTOR ( 'NONE', #3761, 1000.000000000000000 ) ;
#3713 = CARTESIAN_POINT ( 'NONE',  ( 1.650000000000000355, -9.948881155329129200, -0.6762102280190104286 ) ) ;
#3714 = ADVANCED_FACE ( 'NONE', ( #3798 ), #2296, .F. ) ;
#3715 = CARTESIAN_POINT ( 'NONE',  ( 1.950000000000000622, 5.928977554212578660, -5.928977554212876200 ) ) ;
#3716 =( GEOMETRIC_REPRESENTATION_CONTEXT ( 3 ) GLOBAL_UNCERTAINTY_ASSIGNED_CONTEXT ( ( #3089 ) ) GLOBAL_UNIT_ASSIGNED_CONTEXT ( ( #387, #665, #776 ) ) REPRESENTATION_CONTEXT ( 'NONE', 'WORKASPACE' ) );
#3717 = FILL_AREA_STYLE ('',( #3344 ) ) ;
#3718 = VERTEX_POINT ( 'NONE', #1947 ) ;
#3719 = FACE_OUTER_BOUND ( 'NONE', #2937, .T. ) ;
#3720 = CIRCLE ( 'NONE', #877, 18.12500000000002487 ) ;
#3721 = EDGE_LOOP ( 'NONE', ( #2556, #1459, #1230, #1091 ) ) ;
#3722 = AXIS2_PLACEMENT_3D ( 'NONE', #1465, #1841, #896 ) ;
#3723 = VERTEX_POINT ( 'NONE', #1678 ) ;
#3724 = DIRECTION ( 'NONE',  ( 0.000000000000000000, 0.000000000000000000, -1.000000000000000000 ) ) ;
#3725 = ORIENTED_EDGE ( 'NONE', *, *, #2882, .F. ) ;
#3726 = FACE_OUTER_BOUND ( 'NONE', #2676, .T. ) ;
#3727 = DIRECTION ( 'NONE',  ( 1.000000000000000000, 0.000000000000000000, 0.000000000000000000 ) ) ;
#3728 = CARTESIAN_POINT ( 'NONE',  ( 1.850000000000000533, 0.000000000000000000, 0.9919590187289599736 ) ) ;
#3729 = CARTESIAN_POINT ( 'NONE',  ( 2.039930337937095217, -9.492150234113944762, 0.9919590187289599736 ) ) ;
#3730 = FACE_OUTER_BOUND ( 'NONE', #1223, .T. ) ;
#3731 = CARTESIAN_POINT ( 'NONE',  ( 2.050000000000000711, 7.133942280140794114E-13, 8.384840468174520112 ) ) ;
#3732 = ADVANCED_FACE ( 'NONE', ( #1082 ), #218, .F. ) ;
#3733 = EDGE_CURVE ( 'NONE', #3547, #1726, #2276, .T. ) ;
#3734 = DIRECTION ( 'NONE',  ( 1.000000000000000000, 0.000000000000000000, 0.000000000000000000 ) ) ;
#3735 = ORIENTED_EDGE ( 'NONE', *, *, #1646, .T. ) ;
#3736 = VERTEX_POINT ( 'NONE', #3463 ) ;
#3737 = DIRECTION ( 'NONE',  ( 0.000000000000000000, 0.000000000000000000, 1.000000000000000000 ) ) ;
#3738 =( NAMED_UNIT ( * ) SI_UNIT ( $, .STERADIAN. ) SOLID_ANGLE_UNIT ( ) );
#3739 = ORIENTED_EDGE ( 'NONE', *, *, #1949, .T. ) ;
#3740 = DIRECTION ( 'NONE',  ( 0.000000000000000000, 0.000000000000000000, 1.000000000000000000 ) ) ;
#3741 = DIRECTION ( 'NONE',  ( 0.000000000000000000, 0.000000000000000000, 1.000000000000000000 ) ) ;
#3742 = PLANE ( 'NONE',  #245 ) ;
#3743 = EDGE_LOOP ( 'NONE', ( #2035, #1448 ) ) ;
#3744 = DIRECTION ( 'NONE',  ( -1.000000000000000000, 0.000000000000000000, 0.000000000000000000 ) ) ;
#3745 = FILL_AREA_STYLE_COLOUR ( '', #2107 ) ;
#3746 = CARTESIAN_POINT ( 'NONE',  ( 1.650000000000000133, -9.794305472733617179, -0.1719665283411444534 ) ) ;
#3747 =( LENGTH_UNIT ( ) NAMED_UNIT ( * ) SI_UNIT ( .MILLI., .METRE. ) );
#3748 = DIRECTION ( 'NONE',  ( -0.000000000000000000, 0.000000000000000000, 1.000000000000000000 ) ) ;
#3749 = EDGE_CURVE ( 'NONE', #3072, #763, #2589, .T. ) ;
#3750 =( LENGTH_UNIT ( ) NAMED_UNIT ( * ) SI_UNIT ( .MILLI., .METRE. ) );
#3751 = EDGE_CURVE ( 'NONE', #626, #3723, #495, .T. ) ;
#3752 = EDGE_LOOP ( 'NONE', ( #2361, #2914 ) ) ;
#3753 = DIRECTION ( 'NONE',  ( 0.000000000000000000, 0.000000000000000000, 1.000000000000000000 ) ) ;
#3754 = EDGE_LOOP ( 'NONE', ( #273, #207, #2, #3033 ) ) ;
#3755 =( GEOMETRIC_REPRESENTATION_CONTEXT ( 3 ) GLOBAL_UNCERTAINTY_ASSIGNED_CONTEXT ( ( #993 ) ) GLOBAL_UNIT_ASSIGNED_CONTEXT ( ( #1202, #87, #957 ) ) REPRESENTATION_CONTEXT ( 'NONE', 'WORKASPACE' ) );
#3756 = ADVANCED_FACE ( 'NONE', ( #3719 ), #3481, .F. ) ;
#3757 = VERTEX_POINT ( 'NONE', #2570 ) ;
#3758 = CARTESIAN_POINT ( 'NONE',  ( 5.299999999999999822, 7.110437594893964430, 5.760111807056183864 ) ) ;
#3759 = CIRCLE ( 'NONE', #3394, 18.12500000000009948 ) ;
#3760 = DIRECTION ( 'NONE',  ( 0.000000000000000000, 0.000000000000000000, -1.000000000000000000 ) ) ;
#3761 = DIRECTION ( 'NONE',  ( 0.000000000000000000, 1.000000000000000000, 0.000000000000000000 ) ) ;
#3762 = VERTEX_POINT ( 'NONE', #2867 ) ;
#3763 = CARTESIAN_POINT ( 'NONE',  ( 0.000000000000000000, 0.000000000000000000, 0.000000000000000000 ) ) ;
#3764 = ORIENTED_EDGE ( 'NONE', *, *, #1020, .T. ) ;
#3765 = AXIS2_PLACEMENT_3D ( 'NONE', #262, #737, #2333 ) ;
#3766 = VECTOR ( 'NONE', #1732, 1000.000000000000000 ) ;
#3767 = DIRECTION ( 'NONE',  ( -1.000000000000000000, 0.000000000000000000, -0.000000000000000000 ) ) ;
#3768 = FILL_AREA_STYLE_COLOUR ( '', #1045 ) ;
#3769 = VECTOR ( 'NONE', #3116, 1000.000000000000000 ) ;
#3770 = DIRECTION ( 'NONE',  ( 0.000000000000000000, 0.000000000000000000, 1.000000000000000000 ) ) ;
#3771 = CARTESIAN_POINT ( 'NONE',  ( 5.500000000000000000, 8.711077982756618709, 2.802557974244732630 ) ) ;
#3772 = DIRECTION ( 'NONE',  ( 1.000000000000000000, 0.000000000000000000, 0.000000000000000000 ) ) ;
#3773 = CIRCLE ( 'NONE', #3350, 11.50000000000000000 ) ;
#3774 = DIRECTION ( 'NONE',  ( 0.000000000000000000, 0.000000000000000000, -1.000000000000000000 ) ) ;
#3775 = VECTOR ( 'NONE', #2611, 1000.000000000000000 ) ;
#3776 = VERTEX_POINT ( 'NONE', #1099 ) ;
#3777 = CARTESIAN_POINT ( 'NONE',  ( 1.850000000000000533, 0.000000000000000000, 0.000000000000000000 ) ) ;
#3778 = EDGE_LOOP ( 'NONE', ( #2336, #3067, #3159 ) ) ;
#3779 = ORIENTED_EDGE ( 'NONE', *, *, #1576, .T. ) ;
#3780 = ORIENTED_EDGE ( 'NONE', *, *, #2038, .F. ) ;
#3781 = CIRCLE ( 'NONE', #2311, 18.12500000000002842 ) ;
#3782 = DIRECTION ( 'NONE',  ( 1.000000000000000000, 0.000000000000000000, -0.000000000000000000 ) ) ;
#3783 = ORIENTED_EDGE ( 'NONE', *, *, #1647, .F. ) ;
#3784 = ADVANCED_FACE ( 'NONE', ( #1122 ), #3137, .F. ) ;
#3785 = AXIS2_PLACEMENT_3D ( 'NONE', #1530, #3304, #3014 ) ;
#3786 = DIRECTION ( 'NONE',  ( 1.000000000000000000, -0.000000000000000000, -0.000000000000000000 ) ) ;
#3787 = VERTEX_POINT ( 'NONE', #1358 ) ;
#3788 =( NAMED_UNIT ( * ) PLANE_ANGLE_UNIT ( ) SI_UNIT ( $, .RADIAN. ) );
#3789 = ORIENTED_EDGE ( 'NONE', *, *, #2990, .F. ) ;
#3790 = CARTESIAN_POINT ( 'NONE',  ( 5.299999999999999822, -10.59493927979087147, 9.637643847591453650 ) ) ;
#3791 = AXIS2_PLACEMENT_3D ( 'NONE', #3777, #2316, #2024 ) ;
#3792 = CARTESIAN_POINT ( 'NONE',  ( 1.850000000000000533, -6.577595489659614714, -3.435284977019530839 ) ) ;
#3793 = DIRECTION ( 'NONE',  ( 1.000000000000000000, -0.000000000000000000, -0.000000000000000000 ) ) ;
#3794 = DIRECTION ( 'NONE',  ( -1.000000000000000000, 0.000000000000000000, 0.000000000000000000 ) ) ;
#3795 = CARTESIAN_POINT ( 'NONE',  ( 5.500000000000000000, 3.472684048270682666, 3.426012346367694139 ) ) ;
#3796 = CYLINDRICAL_SURFACE ( 'NONE', #546, 18.12500000000002487 ) ;
#3797 = FACE_OUTER_BOUND ( 'NONE', #75, .T. ) ;
#3798 = FACE_OUTER_BOUND ( 'NONE', #3442, .T. ) ;
#3799 = ORIENTED_EDGE ( 'NONE', *, *, #659, .T. ) ;
#3800 = DIRECTION ( 'NONE',  ( 1.000000000000000000, -0.000000000000000000, -0.000000000000000000 ) ) ;
#3801 =( LENGTH_UNIT ( ) NAMED_UNIT ( * ) SI_UNIT ( .MILLI., .METRE. ) );
#3802 = ORIENTED_EDGE ( 'NONE', *, *, #2328, .T. ) ;
#3803 = EDGE_CURVE ( 'NONE', #1721, #2153, #2663, .T. ) ;
#3804 = CARTESIAN_POINT ( 'NONE',  ( 5.500000000000000000, 3.904694173391426659, -4.344931760410139177 ) ) ;
#3805 = VERTEX_POINT ( 'NONE', #2907 ) ;
#3806 = EDGE_LOOP ( 'NONE', ( #2593, #1072, #1491, #1339 ) ) ;
#3807 = ADVANCED_FACE ( 'NONE', ( #817 ), #835, .T. ) ;
#3808 = DIRECTION ( 'NONE',  ( 0.000000000000000000, 0.000000000000000000, -1.000000000000000000 ) ) ;
#3809 = CARTESIAN_POINT ( 'NONE',  ( 5.500000000000000000, -2.634728637459605505, 22.72634690505046251 ) ) ;
#3810 = VERTEX_POINT ( 'NONE', #3598 ) ;
#3811 = CARTESIAN_POINT ( 'NONE',  ( 5.299999999999999822, -1.148972395272585434, -4.740986978625675974 ) ) ;
#3812 = LINE ( 'NONE', #3475, #852 ) ;
#3813 = FACE_OUTER_BOUND ( 'NONE', #429, .T. ) ;
#3814 = DIRECTION ( 'NONE',  ( 0.000000000000000000, 0.000000000000000000, 1.000000000000000000 ) ) ;
#3815 = DIRECTION ( 'NONE',  ( 0.000000000000000000, 0.000000000000000000, 1.000000000000000000 ) ) ;
#3816 = ORIENTED_EDGE ( 'NONE', *, *, #15, .F. ) ;
#3817 = ORIENTED_EDGE ( 'NONE', *, *, #499, .F. ) ;
#3818 = AXIS2_PLACEMENT_3D ( 'NONE', #2094, #9, #1175 ) ;
#3819 = EDGE_LOOP ( 'NONE', ( #1426, #2105, #1429, #2376 ) ) ;
#3820 = PRESENTATION_STYLE_ASSIGNMENT (( #2975 ) ) ;
#3821 = DIRECTION ( 'NONE',  ( 1.000000000000000000, 0.000000000000000000, -0.000000000000000000 ) ) ;
#3822 = EDGE_LOOP ( 'NONE', ( #3095, #223, #886, #2058 ) ) ;
#3823 = VECTOR ( 'NONE', #3401, 1000.000000000000000 ) ;
#3824 = ORIENTED_EDGE ( 'NONE', *, *, #1949, .F. ) ;
#3825 = DIRECTION ( 'NONE',  ( -1.000000000000000000, -0.000000000000000000, -0.000000000000000000 ) ) ;
#3826 = VECTOR ( 'NONE', #578, 1000.000000000000000 ) ;
#3827 = EDGE_CURVE ( 'NONE', #2614, #1648, #3347, .T. ) ;
#3828 = DIRECTION ( 'NONE',  ( 0.000000000000000000, 0.000000000000000000, -1.000000000000000000 ) ) ;
#3829 = ORIENTED_EDGE ( 'NONE', *, *, #842, .T. ) ;
#3830 = ADVANCED_FACE ( 'NONE', ( #1244 ), #2406, .F. ) ;
#3831 = CARTESIAN_POINT ( 'NONE',  ( 1.850000000000000311, -9.423994631344239536, -0.3512040204930456100 ) ) ;
#3832 = PLANE ( 'NONE',  #1352 ) ;
#3833 = DIRECTION ( 'NONE',  ( -1.000000000000000000, -0.000000000000000000, -0.000000000000000000 ) ) ;
#3834 = CARTESIAN_POINT ( 'NONE',  ( 2.050000000000000711, -7.144210748181505359E-13, -8.384840468173093697 ) ) ;
#3835 = VECTOR ( 'NONE', #3048, 1000.000000000000000 ) ;
#3836 = AXIS2_PLACEMENT_3D ( 'NONE', #3331, #3005, #2368 ) ;
#3837 = EDGE_CURVE ( 'NONE', #2949, #602, #1050, .T. ) ;
#3838 = DIRECTION ( 'NONE',  ( -1.000000000000000000, -0.000000000000000000, -0.000000000000000000 ) ) ;
#3839 = VECTOR ( 'NONE', #3096, 1000.000000000000000 ) ;
#3840 = AXIS2_PLACEMENT_3D ( 'NONE', #979, #2989, #2709 ) ;
#3841 = VERTEX_POINT ( 'NONE', #2770 ) ;
#3842 = PRESENTATION_LAYER_ASSIGNMENT (  '', '', ( #1810 ) ) ;
ENDSEC;
END-ISO-10303-21;
